Workbook

Sheet Alexandra
A1: ALEXANDRA >> SEZIONE A <<
A2: ALEXANDRA | B2: =impostazioni!B2 -> CONTANTE | D2: =impostazioni!D2 -> POS POSTA Recep | F2: =impostazioni!F2 -> CARTA POSTA Recep | H2: =impostazioni!H2 -> POS POSTA 2°P | J2: =impostazioni!J2 -> CARTA POSTA 2°P | L2: =impostazioni!L2 -> POS BPM 1°P | N2: =impostazioni!N2 -> CARTA BPM 1°P | P2: =impostazioni!P2 -> B/B | R2: =impostazioni!R2 -> SEDE SCALAPAY | T2: =impostazioni!T2 -> SEDE SATISPAY | V2: =impostazioni!V2 -> ONLINE TESSERATO | X2: =impostazioni!X2 -> ONLINE NON TESSERATO
A3: =impostazioni!A3 -> N° RICEVUTA | B3: =impostazioni!B3 -> CORSI | C3: =impostazioni!C3 -> QUOTA TESS. | D3: =impostazioni!D3 -> CORSI | E3: =impostazioni!E3 -> QUOTA TESS. | F3: =impostazioni!F3 -> CORSI | G3: =impostazioni!G3 -> QUOTA TESS. | H3: =impostazioni!H3 -> CORSI | ... Y3: =impostazioni!Y3 -> QUOTA TESS.
A35: =impostazioni!A35 -> SUB-TOTALE CORSI DIVISO | B35: =SUM(B4:B34) -> 0 | C35: =SUM(C4:C34) -> 0 | D35: =SUM(D4:D34) -> 0 | E35: =SUM(E4:E34) -> 0 | F35: =SUM(F4:F34) -> 0 | G35: =SUM(G4:G34) -> 0 | H35: =SUM(H4:H34) -> 0 | I35: =SUM(I4:I34) -> 0 | ... Y35: =SUM(Y4:Y34) -> 0
A36: =impostazioni!A36 -> TOTALE CORSI UNITO | B36: =SUM(B35:C35) -> 0 | D36: =SUM(D35:E35) -> 0 | F36: =SUM(F35:G35) -> 0 | H36: =SUM(H35:I35) -> 0 | J36: =SUM(J35:K35) -> 0 | L36: =SUM(L35:M35) -> 0 | N36: =SUM(N35:O35) -> 0 | P36: =SUM(P35:Q35) -> 0 | R36: =SUM(R35:S35) -> 0 | T36: =SUM(T35:U35) -> 0 | V36: =SUM(V35:W35) -> 0 | X36: =SUM(X35:Y35) -> 0
A37: =impostazioni!A37 -> SHOP FATTURE (pagato con Pos)
A38: =impostazioni!A38 -> USCITA CONTANTE | D38: =impostazioni!D38 -> NOTE PER USCITA:
A39: =impostazioni!A39 -> TOTALE CASSA CONTANTE ENTRATE-USCITE | B39: =SUM(B36:Y36-B38) -> 0
A41: ALEXANDRA >> SEZIONE B <<
A43: =impostazioni!A43 -> N° RIC. BIANCHE VISITE MEDICHE | C43: =impostazioni!C43 -> € | D43: =impostazioni!D43 -> N° RIC. RICEVUTE BIANCHE ALTRO | G43: =impostazioni!G43 -> € | H43: =impostazioni!H43 -> N° RIC. RICEVUTE BIANCHE ALTRO | K43: =impostazioni!K43 -> €
A62: =impostazioni!A62 -> SUB-TOTALE | C62: =SUM(C44:C61) -> 0 | D62: =impostazioni!D62 -> SUB-TOTALE | G62: =SUM(G44:G61) -> 0 | H62: =impostazioni!H62 -> SUB-TOTALE | K62: =SUM(K44:K61) -> 0 | L62: USCITA | N62: TOTALE | O62: =SUM(C62,G62,K62-M62) -> 0
A64: ALEXANDRA >> SEZIONE C <<
A66: =impostazioni!A66 -> DISTINTA RICEVUTE AZZURRE + BIANCHE | F66: =impostazioni!F66 -> NOTE GENERICHE
A67: =impostazioni!A67 -> TOTALE CONTANTI RIC. AZZURRE | B67: =B36 -> 0
A68: =impostazioni!A68 -> TOTALE CONTANTI RIC. BIANCHE | B68: =SUM(C62,G62,K62) -> 0
A69: =impostazioni!A69 -> USCITA CONTANTE | B69: =SUM(B38+M62) -> 0
A70: =impostazioni!A70 -> TOTALE CASSA | B70: =B67+B68-B69 -> 0 | F70: =IF(B70=B77,"OK","ERRORE") -> OK
A72: ALEXANDRA >> SEZIONE D <<
A74: =impostazioni!A74 -> PEZZI
A75: =impostazioni!A75 -> TAGLIO | B75: 500 | C75: 200 | D75: 100 | E75: 50 | F75: 20 | G75: 10 | H75: 5 | I75: 2 | J75: 1 | K75: 0.5 | L75: 0.2 | M75: 0.1 | N75: 0.05 | O75: 0.02 | P75: 0.01
A76: =impostazioni!A76 -> TOT | B76: =B74*B75 -> 0 | C76: =C74*C75 -> 0 | D76: =D74*D75 -> 0 | E76: =E74*E75 -> 0 | F76: =F74*F75 -> 0 | G76: =G74*G75 -> 0 | H76: =H74*H75 -> 0 | I76: =I74*I75 -> 0 | ... P76: =P74*P75 -> 0
A77: =impostazioni!A77 -> TOTALE CASSA | B77: =SUM(B76:P76) -> 0
A79: =impostazioni!A79 -> ULTIMO ACCESSO: | B79: =impostazioni!B79 -> 46071.676 | E79: =impostazioni!E79 -> CONTROLLO FATTO DA: | G79: ALEXANDRA | H79: FALSE | J79: ELISA Controllo | L79: OK | M79: FALSE | N79: REGIST. | O79: FALSE

Sheet Alexandra-EX
A1: ALEXANDRA - EXTRA >> SEZIONE A <<
A2: ALEXANDRA EXTRA | B2: =impostazioni!B2 -> CONTANTE | D2: =impostazioni!D2 -> POS POSTA Recep | F2: =impostazioni!F2 -> CARTA POSTA Recep | H2: =impostazioni!H2 -> POS POSTA 2°P | J2: =impostazioni!J2 -> CARTA POSTA 2°P | L2: =impostazioni!L2 -> POS BPM 1°P | N2: =impostazioni!N2 -> CARTA BPM 1°P | P2: =impostazioni!P2 -> B/B | R2: =impostazioni!R2 -> SEDE SCALAPAY | T2: =impostazioni!T2 -> SEDE SATISPAY | V2: =impostazioni!V2 -> ONLINE TESSERATO | X2: =impostazioni!X2 -> ONLINE NON TESSERATO
A3: =impostazioni!A3 -> N° RICEVUTA | B3: =impostazioni!B3 -> CORSI | C3: =impostazioni!C3 -> QUOTA TESS. | D3: =impostazioni!D3 -> CORSI | E3: =impostazioni!E3 -> QUOTA TESS. | F3: =impostazioni!F3 -> CORSI | G3: =impostazioni!G3 -> QUOTA TESS. | H3: =impostazioni!H3 -> CORSI | ... Y3: =impostazioni!Y3 -> QUOTA TESS.
A35: =impostazioni!A35 -> SUB-TOTALE CORSI DIVISO | B35: =SUM(B4:B34) -> 0 | C35: =SUM(C4:C34) -> 0 | D35: =SUM(D4:D34) -> 0 | E35: =SUM(E4:E34) -> 0 | F35: =SUM(F4:F34) -> 0 | G35: =SUM(G4:G34) -> 0 | H35: =SUM(H4:H34) -> 0 | I35: =SUM(I4:I34) -> 0 | ... Y35: =SUM(Y4:Y34) -> 0
A36: =impostazioni!A36 -> TOTALE CORSI UNITO | B36: =SUM(B35:C35) -> 0 | D36: =SUM(D35:E35) -> 0 | F36: =SUM(F35:G35) -> 0 | H36: =SUM(H35:I35) -> 0 | J36: =SUM(J35:K35) -> 0 | L36: =SUM(L35:M35) -> 0 | N36: =SUM(N35:O35) -> 0 | P36: =SUM(P35:Q35) -> 0 | R36: =SUM(R35:S35) -> 0 | T36: =SUM(T35:U35) -> 0 | V36: =SUM(V35:W35) -> 0 | X36: =SUM(X35:Y35) -> 0
A37: =impostazioni!A37 -> SHOP FATTURE (pagato con Pos)
A38: =impostazioni!A38 -> USCITA CONTANTE | D38: =impostazioni!D38 -> NOTE PER USCITA:
A39: =impostazioni!A39 -> TOTALE CASSA CONTANTE ENTRATE-USCITE | B39: =SUM(B36:Y36-B38) -> 0
A41: ALEXANDRA - EXTRA >> SEZIONE B <<
A43: =impostazioni!A43 -> N° RIC. BIANCHE VISITE MEDICHE | C43: =impostazioni!C43 -> € | D43: =impostazioni!D43 -> N° RIC. RICEVUTE BIANCHE ALTRO | G43: =impostazioni!G43 -> € | H43: =impostazioni!H43 -> N° RIC. RICEVUTE BIANCHE ALTRO | K43: =impostazioni!K43 -> €
A62: =impostazioni!A62 -> SUB-TOTALE | C62: =SUM(C44:C61) -> 0 | D62: =impostazioni!D62 -> SUB-TOTALE | G62: =SUM(G44:G61) -> 0 | H62: =impostazioni!H62 -> SUB-TOTALE | K62: =SUM(K44:K61) -> 0 | L62: USCITA | N62: TOTALE | O62: =SUM(C62,G62,K62-M62) -> 0
A64: ALEXANDRA - EXTRA >> SEZIONE C <<
A66: =impostazioni!A66 -> DISTINTA RICEVUTE AZZURRE + BIANCHE | F66: =impostazioni!F66 -> NOTE GENERICHE
A67: =impostazioni!A67 -> TOTALE CONTANTI RIC. AZZURRE | B67: =B36 -> 0
A68: =impostazioni!A68 -> TOTALE CONTANTI RIC. BIANCHE | B68: =SUM(C62,G62,K62) -> 0
A69: =impostazioni!A69 -> USCITA CONTANTE | B69: =SUM(B38+M62) -> 0
A70: =impostazioni!A70 -> TOTALE CASSA | B70: =B67+B68-B69 -> 0 | F70: =IF(B70=B77,"OK","ERRORE") -> OK
A72: ALEXANDRA - EXTRA >> SEZIONE D <<
A74: =impostazioni!A74 -> PEZZI
A75: =impostazioni!A75 -> TAGLIO | B75: 500 | C75: 200 | D75: 100 | E75: 50 | F75: 20 | G75: 10 | H75: 5 | I75: 2 | J75: 1 | K75: 0.5 | L75: 0.2 | M75: 0.1 | N75: 0.05 | O75: 0.02 | P75: 0.01
A76: =impostazioni!A76 -> TOT | B76: =B74*B75 -> 0 | C76: =C74*C75 -> 0 | D76: =D74*D75 -> 0 | E76: =E74*E75 -> 0 | F76: =F74*F75 -> 0 | G76: =G74*G75 -> 0 | H76: =H74*H75 -> 0 | I76: =I74*I75 -> 0 | ... P76: =P74*P75 -> 0
A77: =impostazioni!A77 -> TOTALE CASSA | B77: =SUM(B76:P76) -> 0
A79: =impostazioni!A79 -> ULTIMO ACCESSO: | B79: =impostazioni!B79 -> 46071.676 | E79: =impostazioni!E79 -> CONTROLLO FATTO DA: | G79: ALEXANDRA | H79: FALSE | J79: ELISA Controllo | L79: OK | M79: FALSE | N79: REGIST. | O79: FALSE

Sheet Nura
A1: NURA >> SEZIONE A <<
A2: NURA | B2: =impostazioni!B2 -> CONTANTE | D2: =impostazioni!D2 -> POS POSTA Recep | F2: =impostazioni!F2 -> CARTA POSTA Recep | H2: =impostazioni!H2 -> POS POSTA 2°P | J2: =impostazioni!J2 -> CARTA POSTA 2°P | L2: =impostazioni!L2 -> POS BPM 1°P | N2: =impostazioni!N2 -> CARTA BPM 1°P | P2: =impostazioni!P2 -> B/B | R2: =impostazioni!R2 -> SEDE SCALAPAY | T2: =impostazioni!T2 -> SEDE SATISPAY | V2: =impostazioni!V2 -> ONLINE TESSERATO | X2: =impostazioni!X2 -> ONLINE NON TESSERATO
A3: =impostazioni!A3 -> N° RICEVUTA | B3: =impostazioni!B3 -> CORSI | C3: =impostazioni!C3 -> QUOTA TESS. | D3: =impostazioni!D3 -> CORSI | E3: =impostazioni!E3 -> QUOTA TESS. | F3: =impostazioni!F3 -> CORSI | G3: =impostazioni!G3 -> QUOTA TESS. | H3: =impostazioni!H3 -> CORSI | ... Y3: =impostazioni!Y3 -> QUOTA TESS.
A35: =impostazioni!A35 -> SUB-TOTALE CORSI DIVISO | B35: =SUM(B4:B34) -> 0 | C35: =SUM(C4:C34) -> 0 | D35: =SUM(D4:D34) -> 0 | E35: =SUM(E4:E34) -> 0 | F35: =SUM(F4:F34) -> 0 | G35: =SUM(G4:G34) -> 0 | H35: =SUM(H4:H34) -> 0 | I35: =SUM(I4:I34) -> 0 | ... Y35: =SUM(Y4:Y34) -> 0
A36: =impostazioni!A36 -> TOTALE CORSI UNITO | B36: =SUM(B35:C35) -> 0 | D36: =SUM(D35:E35) -> 0 | F36: =SUM(F35:G35) -> 0 | H36: =SUM(H35:I35) -> 0 | J36: =SUM(J35:K35) -> 0 | L36: =SUM(L35:M35) -> 0 | N36: =SUM(N35:O35) -> 0 | P36: =SUM(P35:Q35) -> 0 | R36: =SUM(R35:S35) -> 0 | T36: =SUM(T35:U35) -> 0 | V36: =SUM(V35:W35) -> 0 | X36: =SUM(X35:Y35) -> 0
A37: =impostazioni!A37 -> SHOP FATTURE (pagato con Pos)
A38: =impostazioni!A38 -> USCITA CONTANTE | D38: =impostazioni!D38 -> NOTE PER USCITA:
A39: =impostazioni!A39 -> TOTALE CASSA CONTANTE ENTRATE-USCITE | B39: =SUM(B36:Y36-B38) -> 0
A41: NURA >> SEZIONE B <<
A43: =impostazioni!A43 -> N° RIC. BIANCHE VISITE MEDICHE | C43: =impostazioni!C43 -> € | D43: =impostazioni!D43 -> N° RIC. RICEVUTE BIANCHE ALTRO | G43: =impostazioni!G43 -> € | H43: =impostazioni!H43 -> N° RIC. RICEVUTE BIANCHE ALTRO | K43: =impostazioni!K43 -> €
A62: =impostazioni!A62 -> SUB-TOTALE | C62: =SUM(C44:C61) -> 0 | D62: =impostazioni!D62 -> SUB-TOTALE | G62: =SUM(G44:G61) -> 0 | H62: =impostazioni!H62 -> SUB-TOTALE | K62: =SUM(K44:K61) -> 0 | L62: USCITA | N62: TOTALE | O62: =SUM(C62,G62,K62-M62) -> 0
A64: NURA >> SEZIONE C <<
A66: =impostazioni!A66 -> DISTINTA RICEVUTE AZZURRE + BIANCHE | F66: =impostazioni!F66 -> NOTE GENERICHE
A67: =impostazioni!A67 -> TOTALE CONTANTI RIC. AZZURRE | B67: =B36 -> 0
A68: =impostazioni!A68 -> TOTALE CONTANTI RIC. BIANCHE | B68: =SUM(C62,G62,K62) -> 0
A69: =impostazioni!A69 -> USCITA CONTANTE | B69: =SUM(B38+M62) -> 0
A70: =impostazioni!A70 -> TOTALE CASSA | B70: =B67+B68-B69 -> 0 | F70: =IF(B70=B77,"OK","ERRORE") -> OK
A72: NURA >> SEZIONE D <<
A74: =impostazioni!A74 -> PEZZI
A75: =impostazioni!A75 -> TAGLIO | B75: 500 | C75: 200 | D75: 100 | E75: 50 | F75: 20 | G75: 10 | H75: 5 | I75: 2 | J75: 1 | K75: 0.5 | L75: 0.2 | M75: 0.1 | N75: 0.05 | O75: 0.02 | P75: 0.01
A76: =impostazioni!A76 -> TOT | B76: =B74*B75 -> 0 | C76: =C74*C75 -> 0 | D76: =D74*D75 -> 0 | E76: =E74*E75 -> 0 | F76: =F74*F75 -> 0 | G76: =G74*G75 -> 0 | H76: =H74*H75 -> 0 | I76: =I74*I75 -> 0 | ... P76: =P74*P75 -> 0
A77: =impostazioni!A77 -> TOTALE CASSA | B77: =SUM(B76:P76) -> 0
A79: =impostazioni!A79 -> ULTIMO ACCESSO: | B79: =impostazioni!B79 -> 46071.676 | E79: =impostazioni!E79 -> CONTROLLO FATTO DA: | G79: NURA | H79: FALSE | J79: ELISA Controllo | L79: OK | M79: FALSE | N79: REGIST. | O79: FALSE

Sheet Nura-EX
A1: NURA - EXTRA >> SEZIONE A <<
A2: NURA EXTRA | B2: =impostazioni!B2 -> CONTANTE | D2: =impostazioni!D2 -> POS POSTA Recep | F2: =impostazioni!F2 -> CARTA POSTA Recep | H2: =impostazioni!H2 -> POS POSTA 2°P | J2: =impostazioni!J2 -> CARTA POSTA 2°P | L2: =impostazioni!L2 -> POS BPM 1°P | N2: =impostazioni!N2 -> CARTA BPM 1°P | P2: =impostazioni!P2 -> B/B | R2: =impostazioni!R2 -> SEDE SCALAPAY | T2: =impostazioni!T2 -> SEDE SATISPAY | V2: =impostazioni!V2 -> ONLINE TESSERATO | X2: =impostazioni!X2 -> ONLINE NON TESSERATO
A3: =impostazioni!A3 -> N° RICEVUTA | B3: =impostazioni!B3 -> CORSI | C3: =impostazioni!C3 -> QUOTA TESS. | D3: =impostazioni!D3 -> CORSI | E3: =impostazioni!E3 -> QUOTA TESS. | F3: =impostazioni!F3 -> CORSI | G3: =impostazioni!G3 -> QUOTA TESS. | H3: =impostazioni!H3 -> CORSI | ... Y3: =impostazioni!Y3 -> QUOTA TESS.
A35: =impostazioni!A35 -> SUB-TOTALE CORSI DIVISO | B35: =SUM(B4:B34) -> 0 | C35: =SUM(C4:C34) -> 0 | D35: =SUM(D4:D34) -> 0 | E35: =SUM(E4:E34) -> 0 | F35: =SUM(F4:F34) -> 0 | G35: =SUM(G4:G34) -> 0 | H35: =SUM(H4:H34) -> 0 | I35: =SUM(I4:I34) -> 0 | ... Y35: =SUM(Y4:Y34) -> 0
A36: =impostazioni!A36 -> TOTALE CORSI UNITO | B36: =SUM(B35:C35) -> 0 | D36: =SUM(D35:E35) -> 0 | F36: =SUM(F35:G35) -> 0 | H36: =SUM(H35:I35) -> 0 | J36: =SUM(J35:K35) -> 0 | L36: =SUM(L35:M35) -> 0 | N36: =SUM(N35:O35) -> 0 | P36: =SUM(P35:Q35) -> 0 | R36: =SUM(R35:S35) -> 0 | T36: =SUM(T35:U35) -> 0 | V36: =SUM(V35:W35) -> 0 | X36: =SUM(X35:Y35) -> 0
A37: =impostazioni!A37 -> SHOP FATTURE (pagato con Pos)
A38: =impostazioni!A38 -> USCITA CONTANTE | D38: =impostazioni!D38 -> NOTE PER USCITA:
A39: =impostazioni!A39 -> TOTALE CASSA CONTANTE ENTRATE-USCITE | B39: =SUM(B36:Y36-B38) -> 0
A41: NURA - EXTRA >> SEZIONE B <<
A43: =impostazioni!A43 -> N° RIC. BIANCHE VISITE MEDICHE | C43: =impostazioni!C43 -> € | D43: =impostazioni!D43 -> N° RIC. RICEVUTE BIANCHE ALTRO | G43: =impostazioni!G43 -> € | H43: =impostazioni!H43 -> N° RIC. RICEVUTE BIANCHE ALTRO | K43: =impostazioni!K43 -> €
A62: =impostazioni!A62 -> SUB-TOTALE | C62: =SUM(C44:C61) -> 0 | D62: =impostazioni!D62 -> SUB-TOTALE | G62: =SUM(G44:G61) -> 0 | H62: =impostazioni!H62 -> SUB-TOTALE | K62: =SUM(K44:K61) -> 0 | L62: USCITA | N62: TOTALE | O62: =SUM(C62,G62,K62-M62) -> 0
A64: NURA - EXTRA >> SEZIONE C <<
A66: =impostazioni!A66 -> DISTINTA RICEVUTE AZZURRE + BIANCHE | F66: =impostazioni!F66 -> NOTE GENERICHE
A67: =impostazioni!A67 -> TOTALE CONTANTI RIC. AZZURRE | B67: =B36 -> 0
A68: =impostazioni!A68 -> TOTALE CONTANTI RIC. BIANCHE | B68: =SUM(C62,G62,K62) -> 0
A69: =impostazioni!A69 -> USCITA CONTANTE | B69: =SUM(B38+M62) -> 0
A70: =impostazioni!A70 -> TOTALE CASSA | B70: =B67+B68-B69 -> 0 | F70: =IF(B70=B77,"OK","ERRORE") -> OK
A72: NURA - EXTRA >> SEZIONE D <<
A74: =impostazioni!A74 -> PEZZI
A75: =impostazioni!A75 -> TAGLIO | B75: 500 | C75: 200 | D75: 100 | E75: 50 | F75: 20 | G75: 10 | H75: 5 | I75: 2 | J75: 1 | K75: 0.5 | L75: 0.2 | M75: 0.1 | N75: 0.05 | O75: 0.02 | P75: 0.01
A76: =impostazioni!A76 -> TOT | B76: =B74*B75 -> 0 | C76: =C74*C75 -> 0 | D76: =D74*D75 -> 0 | E76: =E74*E75 -> 0 | F76: =F74*F75 -> 0 | G76: =G74*G75 -> 0 | H76: =H74*H75 -> 0 | I76: =I74*I75 -> 0 | ... P76: =P74*P75 -> 0
A77: =impostazioni!A77 -> TOTALE CASSA | B77: =SUM(B76:P76) -> 0
A79: =impostazioni!A79 -> ULTIMO ACCESSO: | B79: =impostazioni!B79 -> 46071.676 | E79: =impostazioni!E79 -> CONTROLLO FATTO DA: | G79: NURA | H79: FALSE | J79: ELISA Controllo | L79: OK | M79: FALSE | N79: REGIST. | O79: FALSE

Sheet Giuditta
A1: GIUDITTA >> SEZIONE A <<
A2: GIUDITTA | B2: =impostazioni!B2 -> CONTANTE | D2: =impostazioni!D2 -> POS POSTA Recep | F2: =impostazioni!F2 -> CARTA POSTA Recep | H2: =impostazioni!H2 -> POS POSTA 2°P | J2: =impostazioni!J2 -> CARTA POSTA 2°P | L2: =impostazioni!L2 -> POS BPM 1°P | N2: =impostazioni!N2 -> CARTA BPM 1°P | P2: =impostazioni!P2 -> B/B | R2: =impostazioni!R2 -> SEDE SCALAPAY | T2: =impostazioni!T2 -> SEDE SATISPAY | V2: =impostazioni!V2 -> ONLINE TESSERATO | X2: =impostazioni!X2 -> ONLINE NON TESSERATO
A3: =impostazioni!A3 -> N° RICEVUTA | B3: =impostazioni!B3 -> CORSI | C3: =impostazioni!C3 -> QUOTA TESS. | D3: =impostazioni!D3 -> CORSI | E3: =impostazioni!E3 -> QUOTA TESS. | F3: =impostazioni!F3 -> CORSI | G3: =impostazioni!G3 -> QUOTA TESS. | H3: =impostazioni!H3 -> CORSI | ... Y3: =impostazioni!Y3 -> QUOTA TESS.
A35: =impostazioni!A35 -> SUB-TOTALE CORSI DIVISO | B35: =SUM(B4:B34) -> 0 | C35: =SUM(C4:C34) -> 0 | D35: =SUM(D4:D34) -> 0 | E35: =SUM(E4:E34) -> 0 | F35: =SUM(F4:F34) -> 0 | G35: =SUM(G4:G34) -> 0 | H35: =SUM(H4:H34) -> 0 | I35: =SUM(I4:I34) -> 0 | ... Y35: =SUM(Y4:Y34) -> 0
A36: =impostazioni!A36 -> TOTALE CORSI UNITO | B36: =SUM(B35:C35) -> 0 | D36: =SUM(D35:E35) -> 0 | F36: =SUM(F35:G35) -> 0 | H36: =SUM(H35:I35) -> 0 | J36: =SUM(J35:K35) -> 0 | L36: =SUM(L35:M35) -> 0 | N36: =SUM(N35:O35) -> 0 | P36: =SUM(P35:Q35) -> 0 | R36: =SUM(R35:S35) -> 0 | T36: =SUM(T35:U35) -> 0 | V36: =SUM(V35:W35) -> 0 | X36: =SUM(X35:Y35) -> 0
A37: =impostazioni!A37 -> SHOP FATTURE (pagato con Pos)
A38: =impostazioni!A38 -> USCITA CONTANTE | D38: =impostazioni!D38 -> NOTE PER USCITA:
A39: =impostazioni!A39 -> TOTALE CASSA CONTANTE ENTRATE-USCITE | B39: =SUM(B36:Y36-B38) -> 0
A41: GIUDITTA >> SEZIONE B <<
A43: =impostazioni!A43 -> N° RIC. BIANCHE VISITE MEDICHE | C43: =impostazioni!C43 -> € | D43: =impostazioni!D43 -> N° RIC. RICEVUTE BIANCHE ALTRO | G43: =impostazioni!G43 -> € | H43: =impostazioni!H43 -> N° RIC. RICEVUTE BIANCHE ALTRO | K43: =impostazioni!K43 -> €
A62: =impostazioni!A62 -> SUB-TOTALE | C62: =SUM(C44:C61) -> 0 | D62: =impostazioni!D62 -> SUB-TOTALE | G62: =SUM(G44:G61) -> 0 | H62: =impostazioni!H62 -> SUB-TOTALE | K62: =SUM(K44:K61) -> 0 | L62: USCITA | N62: TOTALE | O62: =SUM(C62,G62,K62-M62) -> 0
A64: GIUDITTA >> SEZIONE C <<
A66: =impostazioni!A66 -> DISTINTA RICEVUTE AZZURRE + BIANCHE | F66: =impostazioni!F66 -> NOTE GENERICHE
A67: =impostazioni!A67 -> TOTALE CONTANTI RIC. AZZURRE | B67: =B36 -> 0
A68: =impostazioni!A68 -> TOTALE CONTANTI RIC. BIANCHE | B68: =SUM(C62,G62,K62) -> 0
A69: =impostazioni!A69 -> USCITA CONTANTE | B69: =SUM(B38+M62) -> 0
A70: =impostazioni!A70 -> TOTALE CASSA | B70: =B67+B68-B69 -> 0 | F70: =IF(B70=B77,"OK","ERRORE") -> OK
A72: GIUDITTA >> SEZIONE D <<
A74: =impostazioni!A74 -> PEZZI
A75: =impostazioni!A75 -> TAGLIO | B75: 500 | C75: 200 | D75: 100 | E75: 50 | F75: 20 | G75: 10 | H75: 5 | I75: 2 | J75: 1 | K75: 0.5 | L75: 0.2 | M75: 0.1 | N75: 0.05 | O75: 0.02 | P75: 0.01
A76: =impostazioni!A76 -> TOT | B76: =B74*B75 -> 0 | C76: =C74*C75 -> 0 | D76: =D74*D75 -> 0 | E76: =E74*E75 -> 0 | F76: =F74*F75 -> 0 | G76: =G74*G75 -> 0 | H76: =H74*H75 -> 0 | I76: =I74*I75 -> 0 | ... P76: =P74*P75 -> 0
A77: =impostazioni!A77 -> TOTALE CASSA | B77: =SUM(B76:P76) -> 0
A79: =impostazioni!A79 -> ULTIMO ACCESSO: | B79: =impostazioni!B79 -> 46071.676 | E79: =impostazioni!E79 -> CONTROLLO FATTO DA: | G79: GIUDITTA | H79: FALSE | J79: ELISA Controllo | L79: OK | M79: FALSE | N79: REGIST. | O79: FALSE

Sheet Giuditta-EX
A1: GIUDITTA - EXTRA >> SEZIONE A <<
A2: GIUDITTA EXTRA | B2: =impostazioni!B2 -> CONTANTE | D2: =impostazioni!D2 -> POS POSTA Recep | F2: =impostazioni!F2 -> CARTA POSTA Recep | H2: =impostazioni!H2 -> POS POSTA 2°P | J2: =impostazioni!J2 -> CARTA POSTA 2°P | L2: =impostazioni!L2 -> POS BPM 1°P | N2: =impostazioni!N2 -> CARTA BPM 1°P | P2: =impostazioni!P2 -> B/B | R2: =impostazioni!R2 -> SEDE SCALAPAY | T2: =impostazioni!T2 -> SEDE SATISPAY | V2: =impostazioni!V2 -> ONLINE TESSERATO | X2: =impostazioni!X2 -> ONLINE NON TESSERATO
A3: =impostazioni!A3 -> N° RICEVUTA | B3: =impostazioni!B3 -> CORSI | C3: =impostazioni!C3 -> QUOTA TESS. | D3: =impostazioni!D3 -> CORSI | E3: =impostazioni!E3 -> QUOTA TESS. | F3: =impostazioni!F3 -> CORSI | G3: =impostazioni!G3 -> QUOTA TESS. | H3: =impostazioni!H3 -> CORSI | ... Y3: =impostazioni!Y3 -> QUOTA TESS.
A35: =impostazioni!A35 -> SUB-TOTALE CORSI DIVISO | B35: =SUM(B4:B34) -> 0 | C35: =SUM(C4:C34) -> 0 | D35: =SUM(D4:D34) -> 0 | E35: =SUM(E4:E34) -> 0 | F35: =SUM(F4:F34) -> 0 | G35: =SUM(G4:G34) -> 0 | H35: =SUM(H4:H34) -> 0 | I35: =SUM(I4:I34) -> 0 | ... Y35: =SUM(Y4:Y34) -> 0
A36: =impostazioni!A36 -> TOTALE CORSI UNITO | B36: =SUM(B35:C35) -> 0 | D36: =SUM(D35:E35) -> 0 | F36: =SUM(F35:G35) -> 0 | H36: =SUM(H35:I35) -> 0 | J36: =SUM(J35:K35) -> 0 | L36: =SUM(L35:M35) -> 0 | N36: =SUM(N35:O35) -> 0 | P36: =SUM(P35:Q35) -> 0 | R36: =SUM(R35:S35) -> 0 | T36: =SUM(T35:U35) -> 0 | V36: =SUM(V35:W35) -> 0 | X36: =SUM(X35:Y35) -> 0
A37: =impostazioni!A37 -> SHOP FATTURE (pagato con Pos)
A38: =impostazioni!A38 -> USCITA CONTANTE | D38: =impostazioni!D38 -> NOTE PER USCITA:
A39: =impostazioni!A39 -> TOTALE CASSA CONTANTE ENTRATE-USCITE | B39: =SUM(B36:Y36-B38) -> 0
A41: GIUDITTA - EXTRA >> SEZIONE B <<
A43: =impostazioni!A43 -> N° RIC. BIANCHE VISITE MEDICHE | C43: =impostazioni!C43 -> € | D43: =impostazioni!D43 -> N° RIC. RICEVUTE BIANCHE ALTRO | G43: =impostazioni!G43 -> € | H43: =impostazioni!H43 -> N° RIC. RICEVUTE BIANCHE ALTRO | K43: =impostazioni!K43 -> €
A62: =impostazioni!A62 -> SUB-TOTALE | C62: =SUM(C44:C61) -> 0 | D62: =impostazioni!D62 -> SUB-TOTALE | G62: =SUM(G44:G61) -> 0 | H62: =impostazioni!H62 -> SUB-TOTALE | K62: =SUM(K44:K61) -> 0 | L62: USCITA | N62: TOTALE | O62: =SUM(C62,G62,K62-M62) -> 0
A64: GIUDITTA - EXTRA >> SEZIONE C <<
A66: =impostazioni!A66 -> DISTINTA RICEVUTE AZZURRE + BIANCHE | F66: =impostazioni!F66 -> NOTE GENERICHE
A67: =impostazioni!A67 -> TOTALE CONTANTI RIC. AZZURRE | B67: =B36 -> 0
A68: =impostazioni!A68 -> TOTALE CONTANTI RIC. BIANCHE | B68: =SUM(C62,G62,K62) -> 0
A69: =impostazioni!A69 -> USCITA CONTANTE | B69: =SUM(B38+M62) -> 0
A70: =impostazioni!A70 -> TOTALE CASSA | B70: =B67+B68-B69 -> 0 | F70: =IF(B70=B77,"OK","ERRORE") -> OK
A72: GIUDITTA - EXTRA >> SEZIONE D <<
A74: =impostazioni!A74 -> PEZZI
A75: =impostazioni!A75 -> TAGLIO | B75: 500 | C75: 200 | D75: 100 | E75: 50 | F75: 20 | G75: 10 | H75: 5 | I75: 2 | J75: 1 | K75: 0.5 | L75: 0.2 | M75: 0.1 | N75: 0.05 | O75: 0.02 | P75: 0.01
A76: =impostazioni!A76 -> TOT | B76: =B74*B75 -> 0 | C76: =C74*C75 -> 0 | D76: =D74*D75 -> 0 | E76: =E74*E75 -> 0 | F76: =F74*F75 -> 0 | G76: =G74*G75 -> 0 | H76: =H74*H75 -> 0 | I76: =I74*I75 -> 0 | ... P76: =P74*P75 -> 0
A77: =impostazioni!A77 -> TOTALE CASSA | B77: =SUM(B76:P76) -> 0
A79: =impostazioni!A79 -> ULTIMO ACCESSO: | B79: =impostazioni!B79 -> 46071.676 | E79: =impostazioni!E79 -> CONTROLLO FATTO DA: | G79: GIUDITTA | H79: FALSE | J79: ELISA Controllo | L79: OK | M79: FALSE | N79: REGIST. | O79: FALSE

Sheet Estefany
A1: ESTEFANY >> SEZIONE A <<
A2: ESTEFANY | B2: =impostazioni!B2 -> CONTANTE | D2: =impostazioni!D2 -> POS POSTA Recep | F2: =impostazioni!F2 -> CARTA POSTA Recep | H2: =impostazioni!H2 -> POS POSTA 2°P | J2: =impostazioni!J2 -> CARTA POSTA 2°P | L2: =impostazioni!L2 -> POS BPM 1°P | N2: =impostazioni!N2 -> CARTA BPM 1°P | P2: =impostazioni!P2 -> B/B | R2: =impostazioni!R2 -> SEDE SCALAPAY | T2: =impostazioni!T2 -> SEDE SATISPAY | V2: =impostazioni!V2 -> ONLINE TESSERATO | X2: =impostazioni!X2 -> ONLINE NON TESSERATO
A3: =impostazioni!A3 -> N° RICEVUTA | B3: =impostazioni!B3 -> CORSI | C3: =impostazioni!C3 -> QUOTA TESS. | D3: =impostazioni!D3 -> CORSI | E3: =impostazioni!E3 -> QUOTA TESS. | F3: =impostazioni!F3 -> CORSI | G3: =impostazioni!G3 -> QUOTA TESS. | H3: =impostazioni!H3 -> CORSI | ... Y3: =impostazioni!Y3 -> QUOTA TESS.
A35: =impostazioni!A35 -> SUB-TOTALE CORSI DIVISO | B35: =SUM(B4:B34) -> 0 | C35: =SUM(C4:C34) -> 0 | D35: =SUM(D4:D34) -> 0 | E35: =SUM(E4:E34) -> 0 | F35: =SUM(F4:F34) -> 0 | G35: =SUM(G4:G34) -> 0 | H35: =SUM(H4:H34) -> 0 | I35: =SUM(I4:I34) -> 0 | ... Y35: =SUM(Y4:Y34) -> 0
A36: =impostazioni!A36 -> TOTALE CORSI UNITO | B36: =SUM(B35:C35) -> 0 | D36: =SUM(D35:E35) -> 0 | F36: =SUM(F35:G35) -> 0 | H36: =SUM(H35:I35) -> 0 | J36: =SUM(J35:K35) -> 0 | L36: =SUM(L35:M35) -> 0 | N36: =SUM(N35:O35) -> 0 | P36: =SUM(P35:Q35) -> 0 | R36: =SUM(R35:S35) -> 0 | T36: =SUM(T35:U35) -> 0 | V36: =SUM(V35:W35) -> 0 | X36: =SUM(X35:Y35) -> 0
A37: =impostazioni!A37 -> SHOP FATTURE (pagato con Pos)
A38: =impostazioni!A38 -> USCITA CONTANTE | D38: =impostazioni!D38 -> NOTE PER USCITA:
A39: =impostazioni!A39 -> TOTALE CASSA CONTANTE ENTRATE-USCITE | B39: =SUM(B36:Y36-B38) -> 0
A41: ESTEFANY >> SEZIONE B <<
A43: =impostazioni!A43 -> N° RIC. BIANCHE VISITE MEDICHE | C43: =impostazioni!C43 -> € | D43: =impostazioni!D43 -> N° RIC. RICEVUTE BIANCHE ALTRO | G43: =impostazioni!G43 -> € | H43: =impostazioni!H43 -> N° RIC. RICEVUTE BIANCHE ALTRO | K43: =impostazioni!K43 -> €
A62: =impostazioni!A62 -> SUB-TOTALE | C62: =SUM(C44:C61) -> 0 | D62: =impostazioni!D62 -> SUB-TOTALE | G62: =SUM(G44:G61) -> 0 | H62: =impostazioni!H62 -> SUB-TOTALE | K62: =SUM(K44:K61) -> 0 | L62: USCITA | N62: TOTALE | O62: =SUM(C62,G62,K62-M62) -> 0
A64: ESTEFANY >> SEZIONE C <<
A66: =impostazioni!A66 -> DISTINTA RICEVUTE AZZURRE + BIANCHE | F66: =impostazioni!F66 -> NOTE GENERICHE
A67: =impostazioni!A67 -> TOTALE CONTANTI RIC. AZZURRE | B67: =B36 -> 0 | F67: -20€ LAVAAGGIO TESSUTI
A68: =impostazioni!A68 -> TOTALE CONTANTI RIC. BIANCHE | B68: =SUM(C62,G62,K62) -> 0
A69: =impostazioni!A69 -> USCITA CONTANTE | B69: =SUM(B38+M62) -> 0
A70: =impostazioni!A70 -> TOTALE CASSA | B70: =B67+B68-B69 -> 0 | F70: =IF(B70=B77,"OK","ERRORE") -> OK
A72: ESTEFANY >> SEZIONE D <<
A74: =impostazioni!A74 -> PEZZI
A75: =impostazioni!A75 -> TAGLIO | B75: 500 | C75: 200 | D75: 100 | E75: 50 | F75: 20 | G75: 10 | H75: 5 | I75: 2 | J75: 1 | K75: 0.5 | L75: 0.2 | M75: 0.1 | N75: 0.05 | O75: 0.02 | P75: 0.01
A76: =impostazioni!A76 -> TOT | B76: =B74*B75 -> 0 | C76: =C74*C75 -> 0 | D76: =D74*D75 -> 0 | E76: =E74*E75 -> 0 | F76: =F74*F75 -> 0 | G76: =G74*G75 -> 0 | H76: =H74*H75 -> 0 | I76: =I74*I75 -> 0 | ... P76: =P74*P75 -> 0
A77: =impostazioni!A77 -> TOTALE CASSA | B77: =SUM(B76:P76) -> 0
A79: =impostazioni!A79 -> ULTIMO ACCESSO: | B79: =impostazioni!B79 -> 46071.676 | E79: =impostazioni!E79 -> CONTROLLO FATTO DA: | G79: ESTEFANY | H79: FALSE | J79: ELISA Controllo | L79: OK | M79: FALSE | N79: REGIST. | O79: FALSE

Sheet Estefany-EX
A1: ESTEFANY - EXTRA >> SEZIONE A <<
A2: ESTEFANY EXTRA | B2: =impostazioni!B2 -> CONTANTE | D2: =impostazioni!D2 -> POS POSTA Recep | F2: =impostazioni!F2 -> CARTA POSTA Recep | H2: =impostazioni!H2 -> POS POSTA 2°P | J2: =impostazioni!J2 -> CARTA POSTA 2°P | L2: =impostazioni!L2 -> POS BPM 1°P | N2: =impostazioni!N2 -> CARTA BPM 1°P | P2: =impostazioni!P2 -> B/B | R2: =impostazioni!R2 -> SEDE SCALAPAY | T2: =impostazioni!T2 -> SEDE SATISPAY | V2: =impostazioni!V2 -> ONLINE TESSERATO | X2: =impostazioni!X2 -> ONLINE NON TESSERATO
A3: =impostazioni!A3 -> N° RICEVUTA | B3: =impostazioni!B3 -> CORSI | C3: =impostazioni!C3 -> QUOTA TESS. | D3: =impostazioni!D3 -> CORSI | E3: =impostazioni!E3 -> QUOTA TESS. | F3: =impostazioni!F3 -> CORSI | G3: =impostazioni!G3 -> QUOTA TESS. | H3: =impostazioni!H3 -> CORSI | ... Y3: =impostazioni!Y3 -> QUOTA TESS.
A35: =impostazioni!A35 -> SUB-TOTALE CORSI DIVISO | B35: =SUM(B4:B34) -> 0 | C35: =SUM(C4:C34) -> 0 | D35: =SUM(D4:D34) -> 0 | E35: =SUM(E4:E34) -> 0 | F35: =SUM(F4:F34) -> 0 | G35: =SUM(G4:G34) -> 0 | H35: =SUM(H4:H34) -> 0 | I35: =SUM(I4:I34) -> 0 | ... Y35: =SUM(Y4:Y34) -> 0
A36: =impostazioni!A36 -> TOTALE CORSI UNITO | B36: =SUM(B35:C35) -> 0 | D36: =SUM(D35:E35) -> 0 | F36: =SUM(F35:G35) -> 0 | H36: =SUM(H35:I35) -> 0 | J36: =SUM(J35:K35) -> 0 | L36: =SUM(L35:M35) -> 0 | N36: =SUM(N35:O35) -> 0 | P36: =SUM(P35:Q35) -> 0 | R36: =SUM(R35:S35) -> 0 | T36: =SUM(T35:U35) -> 0 | V36: =SUM(V35:W35) -> 0 | X36: =SUM(X35:Y35) -> 0
A37: =impostazioni!A37 -> SHOP FATTURE (pagato con Pos)
A38: =impostazioni!A38 -> USCITA CONTANTE | D38: =impostazioni!D38 -> NOTE PER USCITA:
A39: =impostazioni!A39 -> TOTALE CASSA CONTANTE ENTRATE-USCITE | B39: =SUM(B36:Y36-B38) -> 0
A41: ESTEFANY - EXTRA >> SEZIONE B <<
A43: =impostazioni!A43 -> N° RIC. BIANCHE VISITE MEDICHE | C43: =impostazioni!C43 -> € | D43: =impostazioni!D43 -> N° RIC. RICEVUTE BIANCHE ALTRO | G43: =impostazioni!G43 -> € | H43: =impostazioni!H43 -> N° RIC. RICEVUTE BIANCHE ALTRO | K43: =impostazioni!K43 -> €
A62: =impostazioni!A62 -> SUB-TOTALE | C62: =SUM(C44:C61) -> 0 | D62: =impostazioni!D62 -> SUB-TOTALE | G62: =SUM(G44:G61) -> 0 | H62: =impostazioni!H62 -> SUB-TOTALE | K62: =SUM(K44:K61) -> 0 | L62: USCITA | N62: TOTALE | O62: =SUM(C62,G62,K62-M62) -> 0
A64: ESTEFANY - EXTRA >> SEZIONE C <<
A66: =impostazioni!A66 -> DISTINTA RICEVUTE AZZURRE + BIANCHE | F66: =impostazioni!F66 -> NOTE GENERICHE
A67: =impostazioni!A67 -> TOTALE CONTANTI RIC. AZZURRE | B67: =B36 -> 0
A68: =impostazioni!A68 -> TOTALE CONTANTI RIC. BIANCHE | B68: =SUM(C62,G62,K62) -> 0
A69: =impostazioni!A69 -> USCITA CONTANTE | B69: =SUM(B38+M62) -> 0
A70: =impostazioni!A70 -> TOTALE CASSA | B70: =B67+B68-B69 -> 0 | F70: =IF(B70=B77,"OK","ERRORE") -> OK
A72: ESTEFANY - EXTRA >> SEZIONE D <<
A74: =impostazioni!A74 -> PEZZI
A75: =impostazioni!A75 -> TAGLIO | B75: 500 | C75: 200 | D75: 100 | E75: 50 | F75: 20 | G75: 10 | H75: 5 | I75: 2 | J75: 1 | K75: 0.5 | L75: 0.2 | M75: 0.1 | N75: 0.05 | O75: 0.02 | P75: 0.01
A76: =impostazioni!A76 -> TOT | B76: =B74*B75 -> 0 | C76: =C74*C75 -> 0 | D76: =D74*D75 -> 0 | E76: =E74*E75 -> 0 | F76: =F74*F75 -> 0 | G76: =G74*G75 -> 0 | H76: =H74*H75 -> 0 | I76: =I74*I75 -> 0 | ... P76: =P74*P75 -> 0
A77: =impostazioni!A77 -> TOTALE CASSA | B77: =SUM(B76:P76) -> 0
A79: =impostazioni!A79 -> ULTIMO ACCESSO: | B79: =impostazioni!B79 -> 46071.676 | E79: =impostazioni!E79 -> CONTROLLO FATTO DA: | G79: ESTEFANY | H79: FALSE | J79: ELISA Controllo | L79: OK | M79: FALSE | N79: REGIST. | O79: FALSE

Sheet TEAM
A1: TEAM >> SEZIONE A <<
A2: TEAM | B2: =impostazioni!B2 -> CONTANTE | D2: =impostazioni!D2 -> POS POSTA Recep | F2: =impostazioni!F2 -> CARTA POSTA Recep | H2: =impostazioni!H2 -> POS POSTA 2°P | J2: =impostazioni!J2 -> CARTA POSTA 2°P | L2: =impostazioni!L2 -> POS BPM 1°P | N2: =impostazioni!N2 -> CARTA BPM 1°P | P2: =impostazioni!P2 -> B/B | R2: =impostazioni!R2 -> SEDE SCALAPAY | T2: =impostazioni!T2 -> SEDE SATISPAY | V2: =impostazioni!V2 -> ONLINE TESSERATO | X2: =impostazioni!X2 -> ONLINE NON TESSERATO
A3: =impostazioni!A3 -> N° RICEVUTA | B3: =impostazioni!B3 -> CORSI | C3: =impostazioni!C3 -> QUOTA TESS. | D3: =impostazioni!D3 -> CORSI | E3: =impostazioni!E3 -> QUOTA TESS. | F3: =impostazioni!F3 -> CORSI | G3: =impostazioni!G3 -> QUOTA TESS. | H3: =impostazioni!H3 -> CORSI | ... Y3: =impostazioni!Y3 -> QUOTA TESS.
A35: =impostazioni!A35 -> SUB-TOTALE CORSI DIVISO | B35: =SUM(B4:B34) -> 0 | C35: =SUM(C4:C34) -> 0 | D35: =SUM(D4:D34) -> 0 | E35: =SUM(E4:E34) -> 0 | F35: =SUM(F4:F34) -> 0 | G35: =SUM(G4:G34) -> 0 | H35: =SUM(H4:H34) -> 0 | I35: =SUM(I4:I34) -> 0 | ... Y35: =SUM(Y4:Y34) -> 0
A36: =impostazioni!A36 -> TOTALE CORSI UNITO | B36: =SUM(B35:C35) -> 0 | D36: =SUM(D35:E35) -> 0 | F36: =SUM(F35:G35) -> 0 | H36: =SUM(H35:I35) -> 0 | J36: =SUM(J35:K35) -> 0 | L36: =SUM(L35:M35) -> 0 | N36: =SUM(N35:O35) -> 0 | P36: =SUM(P35:Q35) -> 0 | R36: =SUM(R35:S35) -> 0 | T36: =SUM(T35:U35) -> 0 | V36: =SUM(V35:W35) -> 0 | X36: =SUM(X35:Y35) -> 0
A37: =impostazioni!A37 -> SHOP FATTURE (pagato con Pos)
A38: =impostazioni!A38 -> USCITA CONTANTE | D38: =impostazioni!D38 -> NOTE PER USCITA:
A39: =impostazioni!A39 -> TOTALE CASSA CONTANTE ENTRATE-USCITE | B39: =SUM(B36:Y36-B38) -> 0
A41: TEAM >> SEZIONE B <<
A43: =impostazioni!A43 -> N° RIC. BIANCHE VISITE MEDICHE | C43: =impostazioni!C43 -> € | D43: =impostazioni!D43 -> N° RIC. RICEVUTE BIANCHE ALTRO | G43: =impostazioni!G43 -> € | H43: =impostazioni!H43 -> N° RIC. RICEVUTE BIANCHE ALTRO | K43: =impostazioni!K43 -> €
A62: =impostazioni!A62 -> SUB-TOTALE | C62: =SUM(C44:C61) -> 0 | D62: =impostazioni!D62 -> SUB-TOTALE | G62: =SUM(G44:G61) -> 0 | H62: =impostazioni!H62 -> SUB-TOTALE | K62: =SUM(K44:K61) -> 0 | L62: USCITA | N62: TOTALE | O62: =SUM(C62,G62,K62-M62) -> 0
A64: TEAM >> SEZIONE C <<
A66: =impostazioni!A66 -> DISTINTA RICEVUTE AZZURRE + BIANCHE | F66: =impostazioni!F66 -> NOTE GENERICHE
A67: =impostazioni!A67 -> TOTALE CONTANTI RIC. AZZURRE | B67: =B36 -> 0
A68: =impostazioni!A68 -> TOTALE CONTANTI RIC. BIANCHE | B68: =SUM(C62,G62,K62) -> 0
A69: =impostazioni!A69 -> USCITA CONTANTE | B69: =SUM(B38+M62) -> 0
A70: =impostazioni!A70 -> TOTALE CASSA | B70: =B67+B68-B69 -> 0 | F70: =IF(B70=B77,"OK","ERRORE") -> OK
A72: TEAM >> SEZIONE D <<
A74: =impostazioni!A74 -> PEZZI
A75: =impostazioni!A75 -> TAGLIO | B75: 500 | C75: 200 | D75: 100 | E75: 50 | F75: 20 | G75: 10 | H75: 5 | I75: 2 | J75: 1 | K75: 0.5 | L75: 0.2 | M75: 0.1 | N75: 0.05 | O75: 0.02 | P75: 0.01
A76: =impostazioni!A76 -> TOT | B76: =B74*B75 -> 0 | C76: =C74*C75 -> 0 | D76: =D74*D75 -> 0 | E76: =E74*E75 -> 0 | F76: =F74*F75 -> 0 | G76: =G74*G75 -> 0 | H76: =H74*H75 -> 0 | I76: =I74*I75 -> 0 | ... P76: =P74*P75 -> 0
A77: =impostazioni!A77 -> TOTALE CASSA | B77: =SUM(B76:P76) -> 0
A79: =impostazioni!A79 -> ULTIMO ACCESSO: | B79: =impostazioni!B79 -> 46071.676 | E79: =impostazioni!E79 -> CONTROLLO FATTO DA: | G79: TEAM | H79: FALSE | J79: ELISA Controllo | L79: OK | M79: FALSE | N79: REGIST. | O79: FALSE

Sheet TEAM-EX
A1: TEAM - EXTRA >> SEZIONE A <<
A2: TEAM EXTRA | B2: =impostazioni!B2 -> CONTANTE | D2: =impostazioni!D2 -> POS POSTA Recep | F2: =impostazioni!F2 -> CARTA POSTA Recep | H2: =impostazioni!H2 -> POS POSTA 2°P | J2: =impostazioni!J2 -> CARTA POSTA 2°P | L2: =impostazioni!L2 -> POS BPM 1°P | N2: =impostazioni!N2 -> CARTA BPM 1°P | P2: =impostazioni!P2 -> B/B | R2: =impostazioni!R2 -> SEDE SCALAPAY | T2: =impostazioni!T2 -> SEDE SATISPAY | V2: =impostazioni!V2 -> ONLINE TESSERATO | X2: =impostazioni!X2 -> ONLINE NON TESSERATO
A3: =impostazioni!A3 -> N° RICEVUTA | B3: =impostazioni!B3 -> CORSI | C3: =impostazioni!C3 -> QUOTA TESS. | D3: =impostazioni!D3 -> CORSI | E3: =impostazioni!E3 -> QUOTA TESS. | F3: =impostazioni!F3 -> CORSI | G3: =impostazioni!G3 -> QUOTA TESS. | H3: =impostazioni!H3 -> CORSI | ... Y3: =impostazioni!Y3 -> QUOTA TESS.
A35: =impostazioni!A35 -> SUB-TOTALE CORSI DIVISO | B35: =SUM(B4:B34) -> 0 | C35: =SUM(C4:C34) -> 0 | D35: =SUM(D4:D34) -> 0 | E35: =SUM(E4:E34) -> 0 | F35: =SUM(F4:F34) -> 0 | G35: =SUM(G4:G34) -> 0 | H35: =SUM(H4:H34) -> 0 | I35: =SUM(I4:I34) -> 0 | ... Y35: =SUM(Y4:Y34) -> 0
A36: =impostazioni!A36 -> TOTALE CORSI UNITO | B36: =SUM(B35:C35) -> 0 | D36: =SUM(D35:E35) -> 0 | F36: =SUM(F35:G35) -> 0 | H36: =SUM(H35:I35) -> 0 | J36: =SUM(J35:K35) -> 0 | L36: =SUM(L35:M35) -> 0 | N36: =SUM(N35:O35) -> 0 | P36: =SUM(P35:Q35) -> 0 | R36: =SUM(R35:S35) -> 0 | T36: =SUM(T35:U35) -> 0 | V36: =SUM(V35:W35) -> 0 | X36: =SUM(X35:Y35) -> 0
A37: =impostazioni!A37 -> SHOP FATTURE (pagato con Pos)
A38: =impostazioni!A38 -> USCITA CONTANTE | D38: =impostazioni!D38 -> NOTE PER USCITA:
A39: =impostazioni!A39 -> TOTALE CASSA CONTANTE ENTRATE-USCITE | B39: =SUM(B36:Y36-B38) -> 0
A41: TEAM - EXTRA >> SEZIONE B <<
A43: =impostazioni!A43 -> N° RIC. BIANCHE VISITE MEDICHE | C43: =impostazioni!C43 -> € | D43: =impostazioni!D43 -> N° RIC. RICEVUTE BIANCHE ALTRO | G43: =impostazioni!G43 -> € | H43: =impostazioni!H43 -> N° RIC. RICEVUTE BIANCHE ALTRO | K43: =impostazioni!K43 -> €
A62: =impostazioni!A62 -> SUB-TOTALE | C62: =SUM(C44:C61) -> 0 | D62: =impostazioni!D62 -> SUB-TOTALE | G62: =SUM(G44:G61) -> 0 | H62: =impostazioni!H62 -> SUB-TOTALE | K62: =SUM(K44:K61) -> 0 | L62: USCITA | N62: TOTALE | O62: =SUM(C62,G62,K62-M62) -> 0
A64: TEAM - EXTRA >> SEZIONE C <<
A66: =impostazioni!A66 -> DISTINTA RICEVUTE AZZURRE + BIANCHE | F66: =impostazioni!F66 -> NOTE GENERICHE
A67: =impostazioni!A67 -> TOTALE CONTANTI RIC. AZZURRE | B67: =B36 -> 0
A68: =impostazioni!A68 -> TOTALE CONTANTI RIC. BIANCHE | B68: =SUM(C62,G62,K62) -> 0
A69: =impostazioni!A69 -> USCITA CONTANTE | B69: =SUM(B38+M62) -> 0
A70: =impostazioni!A70 -> TOTALE CASSA | B70: =B67+B68-B69 -> 0 | F70: =IF(B70=B77,"OK","ERRORE") -> OK
A72: TEAM - EXTRA >> SEZIONE D <<
A74: =impostazioni!A74 -> PEZZI
A75: =impostazioni!A75 -> TAGLIO | B75: 500 | C75: 200 | D75: 100 | E75: 50 | F75: 20 | G75: 10 | H75: 5 | I75: 2 | J75: 1 | K75: 0.5 | L75: 0.2 | M75: 0.1 | N75: 0.05 | O75: 0.02 | P75: 0.01
A76: =impostazioni!A76 -> TOT | B76: =B74*B75 -> 0 | C76: =C74*C75 -> 0 | D76: =D74*D75 -> 0 | E76: =E74*E75 -> 0 | F76: =F74*F75 -> 0 | G76: =G74*G75 -> 0 | H76: =H74*H75 -> 0 | I76: =I74*I75 -> 0 | ... P76: =P74*P75 -> 0
A77: =impostazioni!A77 -> TOTALE CASSA | B77: =SUM(B76:P76) -> 0
A79: =impostazioni!A79 -> ULTIMO ACCESSO: | B79: =impostazioni!B79 -> 46071.676 | E79: =impostazioni!E79 -> CONTROLLO FATTO DA: | G79: TEAM | H79: FALSE | J79: ELISA Controllo | L79: OK | M79: FALSE | N79: REGIST. | O79: FALSE

Sheet Joel
A1: JOEL >> SEZIONE A <<
A2: JOEL | B2: =impostazioni!B2 -> CONTANTE | D2: =impostazioni!D2 -> POS POSTA Recep | F2: =impostazioni!F2 -> CARTA POSTA Recep | H2: =impostazioni!H2 -> POS POSTA 2°P | J2: =impostazioni!J2 -> CARTA POSTA 2°P | L2: =impostazioni!L2 -> POS BPM 1°P | N2: =impostazioni!N2 -> CARTA BPM 1°P | P2: =impostazioni!P2 -> B/B | R2: =impostazioni!R2 -> SEDE SCALAPAY | T2: =impostazioni!T2 -> SEDE SATISPAY | V2: =impostazioni!V2 -> ONLINE TESSERATO | X2: =impostazioni!X2 -> ONLINE NON TESSERATO
A3: =impostazioni!A3 -> N° RICEVUTA | B3: =impostazioni!B3 -> CORSI | C3: =impostazioni!C3 -> QUOTA TESS. | D3: =impostazioni!D3 -> CORSI | E3: =impostazioni!E3 -> QUOTA TESS. | F3: =impostazioni!F3 -> CORSI | G3: =impostazioni!G3 -> QUOTA TESS. | H3: =impostazioni!H3 -> CORSI | ... Y3: =impostazioni!Y3 -> QUOTA TESS.
A35: =impostazioni!A35 -> SUB-TOTALE CORSI DIVISO | B35: =SUM(B4:B34) -> 0 | C35: =SUM(C4:C34) -> 0 | D35: =SUM(D4:D34) -> 0 | E35: =SUM(E4:E34) -> 0 | F35: =SUM(F4:F34) -> 0 | G35: =SUM(G4:G34) -> 0 | H35: =SUM(H4:H34) -> 0 | I35: =SUM(I4:I34) -> 0 | ... Y35: =SUM(Y4:Y34) -> 0
A36: =impostazioni!A36 -> TOTALE CORSI UNITO | B36: =SUM(B35:C35) -> 0 | D36: =SUM(D35:E35) -> 0 | F36: =SUM(F35:G35) -> 0 | H36: =SUM(H35:I35) -> 0 | J36: =SUM(J35:K35) -> 0 | L36: =SUM(L35:M35) -> 0 | N36: =SUM(N35:O35) -> 0 | P36: =SUM(P35:Q35) -> 0 | R36: =SUM(R35:S35) -> 0 | T36: =SUM(T35:U35) -> 0 | V36: =SUM(V35:W35) -> 0 | X36: =SUM(X35:Y35) -> 0
A37: =impostazioni!A37 -> SHOP FATTURE (pagato con Pos)
A38: =impostazioni!A38 -> USCITA CONTANTE | D38: =impostazioni!D38 -> NOTE PER USCITA:
A39: =impostazioni!A39 -> TOTALE CASSA CONTANTE ENTRATE-USCITE | B39: =SUM(B36:Y36-B38) -> 0
A41: JOEL >> SEZIONE B <<
A43: =impostazioni!A43 -> N° RIC. BIANCHE VISITE MEDICHE | C43: =impostazioni!C43 -> € | D43: =impostazioni!D43 -> N° RIC. RICEVUTE BIANCHE ALTRO | G43: =impostazioni!G43 -> € | H43: =impostazioni!H43 -> N° RIC. RICEVUTE BIANCHE ALTRO | K43: =impostazioni!K43 -> €
A62: =impostazioni!A62 -> SUB-TOTALE | C62: =SUM(C44:C61) -> 0 | D62: =impostazioni!D62 -> SUB-TOTALE | G62: =SUM(G44:G61) -> 0 | H62: =impostazioni!H62 -> SUB-TOTALE | K62: =SUM(K44:K61) -> 0 | L62: USCITA | N62: TOTALE | O62: =SUM(C62,G62,K62-M62) -> 0
A64: JOEL >> SEZIONE C <<
A66: =impostazioni!A66 -> DISTINTA RICEVUTE AZZURRE + BIANCHE | F66: =impostazioni!F66 -> NOTE GENERICHE
A67: =impostazioni!A67 -> TOTALE CONTANTI RIC. AZZURRE | B67: =B36 -> 0
A68: =impostazioni!A68 -> TOTALE CONTANTI RIC. BIANCHE | B68: =SUM(C62,G62,K62) -> 0
A69: =impostazioni!A69 -> USCITA CONTANTE | B69: =SUM(B38+M62) -> 0
A70: =impostazioni!A70 -> TOTALE CASSA | B70: =B67+B68-B69 -> 0 | F70: =IF(B70=B77,"OK","ERRORE") -> OK
A72: JOEL >> SEZIONE D <<
A74: =impostazioni!A74 -> PEZZI
A75: =impostazioni!A75 -> TAGLIO | B75: 500 | C75: 200 | D75: 100 | E75: 50 | F75: 20 | G75: 10 | H75: 5 | I75: 2 | J75: 1 | K75: 0.5 | L75: 0.2 | M75: 0.1 | N75: 0.05 | O75: 0.02 | P75: 0.01
A76: =impostazioni!A76 -> TOT | B76: =B74*B75 -> 0 | C76: =C74*C75 -> 0 | D76: =D74*D75 -> 0 | E76: =E74*E75 -> 0 | F76: =F74*F75 -> 0 | G76: =G74*G75 -> 0 | H76: =H74*H75 -> 0 | I76: =I74*I75 -> 0 | ... P76: =P74*P75 -> 0
A77: =impostazioni!A77 -> TOTALE CASSA | B77: =SUM(B76:P76) -> 0
A79: =impostazioni!A79 -> ULTIMO ACCESSO: | B79: =impostazioni!B79 -> 46071.676 | E79: =impostazioni!E79 -> CONTROLLO FATTO DA: | G79: JOEL | H79: FALSE | J79: ELISA Controllo | L79: OK | M79: FALSE | N79: REGIST. | O79: FALSE

Sheet Joel-EX
A1: JOEL - EXTRA >> SEZIONE A <<
A2: JOEL EXTRA | B2: =impostazioni!B2 -> CONTANTE | D2: =impostazioni!D2 -> POS POSTA Recep | F2: =impostazioni!F2 -> CARTA POSTA Recep | H2: =impostazioni!H2 -> POS POSTA 2°P | J2: =impostazioni!J2 -> CARTA POSTA 2°P | L2: =impostazioni!L2 -> POS BPM 1°P | N2: =impostazioni!N2 -> CARTA BPM 1°P | P2: =impostazioni!P2 -> B/B | R2: =impostazioni!R2 -> SEDE SCALAPAY | T2: =impostazioni!T2 -> SEDE SATISPAY | V2: =impostazioni!V2 -> ONLINE TESSERATO | X2: =impostazioni!X2 -> ONLINE NON TESSERATO
A3: =impostazioni!A3 -> N° RICEVUTA | B3: =impostazioni!B3 -> CORSI | C3: =impostazioni!C3 -> QUOTA TESS. | D3: =impostazioni!D3 -> CORSI | E3: =impostazioni!E3 -> QUOTA TESS. | F3: =impostazioni!F3 -> CORSI | G3: =impostazioni!G3 -> QUOTA TESS. | H3: =impostazioni!H3 -> CORSI | ... Y3: =impostazioni!Y3 -> QUOTA TESS.
A35: =impostazioni!A35 -> SUB-TOTALE CORSI DIVISO | B35: =SUM(B4:B34) -> 0 | C35: =SUM(C4:C34) -> 0 | D35: =SUM(D4:D34) -> 0 | E35: =SUM(E4:E34) -> 0 | F35: =SUM(F4:F34) -> 0 | G35: =SUM(G4:G34) -> 0 | H35: =SUM(H4:H34) -> 0 | I35: =SUM(I4:I34) -> 0 | ... Y35: =SUM(Y4:Y34) -> 0
A36: =impostazioni!A36 -> TOTALE CORSI UNITO | B36: =SUM(B35:C35) -> 0 | D36: =SUM(D35:E35) -> 0 | F36: =SUM(F35:G35) -> 0 | H36: =SUM(H35:I35) -> 0 | J36: =SUM(J35:K35) -> 0 | L36: =SUM(L35:M35) -> 0 | N36: =SUM(N35:O35) -> 0 | P36: =SUM(P35:Q35) -> 0 | R36: =SUM(R35:S35) -> 0 | T36: =SUM(T35:U35) -> 0 | V36: =SUM(V35:W35) -> 0 | X36: =SUM(X35:Y35) -> 0
A37: =impostazioni!A37 -> SHOP FATTURE (pagato con Pos)
A38: =impostazioni!A38 -> USCITA CONTANTE | D38: =impostazioni!D38 -> NOTE PER USCITA:
A39: =impostazioni!A39 -> TOTALE CASSA CONTANTE ENTRATE-USCITE | B39: =SUM(B36:Y36-B38) -> 0
A41: JOEL - EXTRA >> SEZIONE B <<
A43: =impostazioni!A43 -> N° RIC. BIANCHE VISITE MEDICHE | C43: =impostazioni!C43 -> € | D43: =impostazioni!D43 -> N° RIC. RICEVUTE BIANCHE ALTRO | G43: =impostazioni!G43 -> € | H43: =impostazioni!H43 -> N° RIC. RICEVUTE BIANCHE ALTRO | K43: =impostazioni!K43 -> €
A62: =impostazioni!A62 -> SUB-TOTALE | C62: =SUM(C44:C61) -> 0 | D62: =impostazioni!D62 -> SUB-TOTALE | G62: =SUM(G44:G61) -> 0 | H62: =impostazioni!H62 -> SUB-TOTALE | K62: =SUM(K44:K61) -> 0 | L62: USCITA | N62: TOTALE | O62: =SUM(C62,G62,K62-M62) -> 0
A64: JOEL - EXTRA >> SEZIONE C <<
A66: =impostazioni!A66 -> DISTINTA RICEVUTE AZZURRE + BIANCHE | F66: =impostazioni!F66 -> NOTE GENERICHE
A67: =impostazioni!A67 -> TOTALE CONTANTI RIC. AZZURRE | B67: =B36 -> 0
A68: =impostazioni!A68 -> TOTALE CONTANTI RIC. BIANCHE | B68: =SUM(C62,G62,K62) -> 0
A69: =impostazioni!A69 -> USCITA CONTANTE | B69: =SUM(B38+M62) -> 0
A70: =impostazioni!A70 -> TOTALE CASSA | B70: =B67+B68-B69 -> 0 | F70: =IF(B70=B77,"OK","ERRORE") -> OK
A72: JOEL - EXTRA >> SEZIONE D <<
A74: =impostazioni!A74 -> PEZZI
A75: =impostazioni!A75 -> TAGLIO | B75: 500 | C75: 200 | D75: 100 | E75: 50 | F75: 20 | G75: 10 | H75: 5 | I75: 2 | J75: 1 | K75: 0.5 | L75: 0.2 | M75: 0.1 | N75: 0.05 | O75: 0.02 | P75: 0.01
A76: =impostazioni!A76 -> TOT | B76: =B74*B75 -> 0 | C76: =C74*C75 -> 0 | D76: =D74*D75 -> 0 | E76: =E74*E75 -> 0 | F76: =F74*F75 -> 0 | G76: =G74*G75 -> 0 | H76: =H74*H75 -> 0 | I76: =I74*I75 -> 0 | ... P76: =P74*P75 -> 0
A77: =impostazioni!A77 -> TOTALE CASSA | B77: =SUM(B76:P76) -> 0
A79: =impostazioni!A79 -> ULTIMO ACCESSO: | B79: =impostazioni!B79 -> 46071.676 | E79: =impostazioni!E79 -> CONTROLLO FATTO DA: | G79: JOEL | H79: FALSE | J79: ELISA Controllo | L79: OK | M79: FALSE | N79: REGIST. | O79: FALSE

Sheet TEAM1
A1: TEAM1 >> SEZIONE A <<
A2: TEAM1 | B2: =impostazioni!B2 -> CONTANTE | D2: =impostazioni!D2 -> POS POSTA Recep | F2: =impostazioni!F2 -> CARTA POSTA Recep | H2: =impostazioni!H2 -> POS POSTA 2°P | J2: =impostazioni!J2 -> CARTA POSTA 2°P | L2: =impostazioni!L2 -> POS BPM 1°P | N2: =impostazioni!N2 -> CARTA BPM 1°P | P2: =impostazioni!P2 -> B/B | R2: =impostazioni!R2 -> SEDE SCALAPAY | T2: =impostazioni!T2 -> SEDE SATISPAY | V2: =impostazioni!V2 -> ONLINE TESSERATO | X2: =impostazioni!X2 -> ONLINE NON TESSERATO
A3: =impostazioni!A3 -> N° RICEVUTA | B3: =impostazioni!B3 -> CORSI | C3: =impostazioni!C3 -> QUOTA TESS. | D3: =impostazioni!D3 -> CORSI | E3: =impostazioni!E3 -> QUOTA TESS. | F3: =impostazioni!F3 -> CORSI | G3: =impostazioni!G3 -> QUOTA TESS. | H3: =impostazioni!H3 -> CORSI | ... Y3: =impostazioni!Y3 -> QUOTA TESS.
A35: =impostazioni!A35 -> SUB-TOTALE CORSI DIVISO | B35: =SUM(B4:B34) -> 0 | C35: =SUM(C4:C34) -> 0 | D35: =SUM(D4:D34) -> 0 | E35: =SUM(E4:E34) -> 0 | F35: =SUM(F4:F34) -> 0 | G35: =SUM(G4:G34) -> 0 | H35: =SUM(H4:H34) -> 0 | I35: =SUM(I4:I34) -> 0 | ... Y35: =SUM(Y4:Y34) -> 0
A36: =impostazioni!A36 -> TOTALE CORSI UNITO | B36: =SUM(B35:C35) -> 0 | D36: =SUM(D35:E35) -> 0 | F36: =SUM(F35:G35) -> 0 | H36: =SUM(H35:I35) -> 0 | J36: =SUM(J35:K35) -> 0 | L36: =SUM(L35:M35) -> 0 | N36: =SUM(N35:O35) -> 0 | P36: =SUM(P35:Q35) -> 0 | R36: =SUM(R35:S35) -> 0 | T36: =SUM(T35:U35) -> 0 | V36: =SUM(V35:W35) -> 0 | X36: =SUM(X35:Y35) -> 0
A37: =impostazioni!A37 -> SHOP FATTURE (pagato con Pos)
A38: =impostazioni!A38 -> USCITA CONTANTE | D38: =impostazioni!D38 -> NOTE PER USCITA:
A39: =impostazioni!A39 -> TOTALE CASSA CONTANTE ENTRATE-USCITE | B39: =SUM(B36:Y36-B38) -> 0
A41: TEAM1 >> SEZIONE B <<
A43: =impostazioni!A43 -> N° RIC. BIANCHE VISITE MEDICHE | C43: =impostazioni!C43 -> € | D43: =impostazioni!D43 -> N° RIC. RICEVUTE BIANCHE ALTRO | G43: =impostazioni!G43 -> € | H43: =impostazioni!H43 -> N° RIC. RICEVUTE BIANCHE ALTRO | K43: =impostazioni!K43 -> €
A62: =impostazioni!A62 -> SUB-TOTALE | C62: =SUM(C44:C61) -> 0 | D62: =impostazioni!D62 -> SUB-TOTALE | G62: =SUM(G44:G61) -> 0 | H62: =impostazioni!H62 -> SUB-TOTALE | K62: =SUM(K44:K61) -> 0 | L62: USCITA | N62: TOTALE | O62: =SUM(C62,G62,K62-M62) -> 0
A64: TEAM1 >> SEZIONE C <<
A66: =impostazioni!A66 -> DISTINTA RICEVUTE AZZURRE + BIANCHE | F66: =impostazioni!F66 -> NOTE GENERICHE
A67: =impostazioni!A67 -> TOTALE CONTANTI RIC. AZZURRE | B67: =B36 -> 0
A68: =impostazioni!A68 -> TOTALE CONTANTI RIC. BIANCHE | B68: =SUM(C62,G62,K62) -> 0
A69: =impostazioni!A69 -> USCITA CONTANTE | B69: =SUM(B38+M62) -> 0
A70: =impostazioni!A70 -> TOTALE CASSA | B70: =B67+B68-B69 -> 0 | F70: =IF(B70=B77,"OK","ERRORE") -> OK
A72: TEAM1 >> SEZIONE D <<
A74: =impostazioni!A74 -> PEZZI
A75: =impostazioni!A75 -> TAGLIO | B75: 500 | C75: 200 | D75: 100 | E75: 50 | F75: 20 | G75: 10 | H75: 5 | I75: 2 | J75: 1 | K75: 0.5 | L75: 0.2 | M75: 0.1 | N75: 0.05 | O75: 0.02 | P75: 0.01
A76: =impostazioni!A76 -> TOT | B76: =B74*B75 -> 0 | C76: =C74*C75 -> 0 | D76: =D74*D75 -> 0 | E76: =E74*E75 -> 0 | F76: =F74*F75 -> 0 | G76: =G74*G75 -> 0 | H76: =H74*H75 -> 0 | I76: =I74*I75 -> 0 | ... P76: =P74*P75 -> 0
A77: =impostazioni!A77 -> TOTALE CASSA | B77: =SUM(B76:P76) -> 0
A79: =impostazioni!A79 -> ULTIMO ACCESSO: | B79: =impostazioni!B79 -> 46071.676 | E79: =impostazioni!E79 -> CONTROLLO FATTO DA: | G79: TEAM1 | H79: FALSE | J79: ELISA Controllo | L79: OK | M79: FALSE | N79: REGIST. | O79: FALSE

Sheet TEAM1-EX
A1: TEAM1 - EXTRA >> SEZIONE A <<
A2: TEAM1 EXTRA | B2: =impostazioni!B2 -> CONTANTE | D2: =impostazioni!D2 -> POS POSTA Recep | F2: =impostazioni!F2 -> CARTA POSTA Recep | H2: =impostazioni!H2 -> POS POSTA 2°P | J2: =impostazioni!J2 -> CARTA POSTA 2°P | L2: =impostazioni!L2 -> POS BPM 1°P | N2: =impostazioni!N2 -> CARTA BPM 1°P | P2: =impostazioni!P2 -> B/B | R2: =impostazioni!R2 -> SEDE SCALAPAY | T2: =impostazioni!T2 -> SEDE SATISPAY | V2: =impostazioni!V2 -> ONLINE TESSERATO | X2: =impostazioni!X2 -> ONLINE NON TESSERATO
A3: =impostazioni!A3 -> N° RICEVUTA | B3: =impostazioni!B3 -> CORSI | C3: =impostazioni!C3 -> QUOTA TESS. | D3: =impostazioni!D3 -> CORSI | E3: =impostazioni!E3 -> QUOTA TESS. | F3: =impostazioni!F3 -> CORSI | G3: =impostazioni!G3 -> QUOTA TESS. | H3: =impostazioni!H3 -> CORSI | ... Y3: =impostazioni!Y3 -> QUOTA TESS.
A35: =impostazioni!A35 -> SUB-TOTALE CORSI DIVISO | B35: =SUM(B4:B34) -> 0 | C35: =SUM(C4:C34) -> 0 | D35: =SUM(D4:D34) -> 0 | E35: =SUM(E4:E34) -> 0 | F35: =SUM(F4:F34) -> 0 | G35: =SUM(G4:G34) -> 0 | H35: =SUM(H4:H34) -> 0 | I35: =SUM(I4:I34) -> 0 | ... Y35: =SUM(Y4:Y34) -> 0
A36: =impostazioni!A36 -> TOTALE CORSI UNITO | B36: =SUM(B35:C35) -> 0 | D36: =SUM(D35:E35) -> 0 | F36: =SUM(F35:G35) -> 0 | H36: =SUM(H35:I35) -> 0 | J36: =SUM(J35:K35) -> 0 | L36: =SUM(L35:M35) -> 0 | N36: =SUM(N35:O35) -> 0 | P36: =SUM(P35:Q35) -> 0 | R36: =SUM(R35:S35) -> 0 | T36: =SUM(T35:U35) -> 0 | V36: =SUM(V35:W35) -> 0 | X36: =SUM(X35:Y35) -> 0
A37: =impostazioni!A37 -> SHOP FATTURE (pagato con Pos)
A38: =impostazioni!A38 -> USCITA CONTANTE | D38: =impostazioni!D38 -> NOTE PER USCITA:
A39: =impostazioni!A39 -> TOTALE CASSA CONTANTE ENTRATE-USCITE | B39: =SUM(B36:Y36-B38) -> 0
A41: TEAM1 - EXTRA >> SEZIONE B <<
A43: =impostazioni!A43 -> N° RIC. BIANCHE VISITE MEDICHE | C43: =impostazioni!C43 -> € | D43: =impostazioni!D43 -> N° RIC. RICEVUTE BIANCHE ALTRO | G43: =impostazioni!G43 -> € | H43: =impostazioni!H43 -> N° RIC. RICEVUTE BIANCHE ALTRO | K43: =impostazioni!K43 -> €
A62: =impostazioni!A62 -> SUB-TOTALE | C62: =SUM(C44:C61) -> 0 | D62: =impostazioni!D62 -> SUB-TOTALE | G62: =SUM(G44:G61) -> 0 | H62: =impostazioni!H62 -> SUB-TOTALE | K62: =SUM(K44:K61) -> 0 | L62: USCITA | N62: TOTALE | O62: =SUM(C62,G62,K62-M62) -> 0
A64: TEAM1 - EXTRA >> SEZIONE C <<
A66: =impostazioni!A66 -> DISTINTA RICEVUTE AZZURRE + BIANCHE | F66: =impostazioni!F66 -> NOTE GENERICHE
A67: =impostazioni!A67 -> TOTALE CONTANTI RIC. AZZURRE | B67: =B36 -> 0
A68: =impostazioni!A68 -> TOTALE CONTANTI RIC. BIANCHE | B68: =SUM(C62,G62,K62) -> 0
A69: =impostazioni!A69 -> USCITA CONTANTE | B69: =SUM(B38+M62) -> 0
A70: =impostazioni!A70 -> TOTALE CASSA | B70: =B67+B68-B69 -> 0 | F70: =IF(B70=B77,"OK","ERRORE") -> OK
A72: TEAM1 - EXTRA >> SEZIONE D <<
A74: =impostazioni!A74 -> PEZZI
A75: =impostazioni!A75 -> TAGLIO | B75: 500 | C75: 200 | D75: 100 | E75: 50 | F75: 20 | G75: 10 | H75: 5 | I75: 2 | J75: 1 | K75: 0.5 | L75: 0.2 | M75: 0.1 | N75: 0.05 | O75: 0.02 | P75: 0.01
A76: =impostazioni!A76 -> TOT | B76: =B74*B75 -> 0 | C76: =C74*C75 -> 0 | D76: =D74*D75 -> 0 | E76: =E74*E75 -> 0 | F76: =F74*F75 -> 0 | G76: =G74*G75 -> 0 | H76: =H74*H75 -> 0 | I76: =I74*I75 -> 0 | ... P76: =P74*P75 -> 0
A77: =impostazioni!A77 -> TOTALE CASSA | B77: =SUM(B76:P76) -> 0
A79: =impostazioni!A79 -> ULTIMO ACCESSO: | B79: =impostazioni!B79 -> 46071.676 | E79: =impostazioni!E79 -> CONTROLLO FATTO DA: | G79: TEAM1 | H79: FALSE | J79: ELISA Controllo | L79: OK | M79: FALSE | N79: REGIST. | O79: FALSE

Sheet TEAM2
A1: TEAM2 >> SEZIONE A <<
A2: TEAM2 | B2: =impostazioni!B2 -> CONTANTE | D2: =impostazioni!D2 -> POS POSTA Recep | F2: =impostazioni!F2 -> CARTA POSTA Recep | H2: =impostazioni!H2 -> POS POSTA 2°P | J2: =impostazioni!J2 -> CARTA POSTA 2°P | L2: =impostazioni!L2 -> POS BPM 1°P | N2: =impostazioni!N2 -> CARTA BPM 1°P | P2: =impostazioni!P2 -> B/B | R2: =impostazioni!R2 -> SEDE SCALAPAY | T2: =impostazioni!T2 -> SEDE SATISPAY | V2: =impostazioni!V2 -> ONLINE TESSERATO | X2: =impostazioni!X2 -> ONLINE NON TESSERATO
A3: =impostazioni!A3 -> N° RICEVUTA | B3: =impostazioni!B3 -> CORSI | C3: =impostazioni!C3 -> QUOTA TESS. | D3: =impostazioni!D3 -> CORSI | E3: =impostazioni!E3 -> QUOTA TESS. | F3: =impostazioni!F3 -> CORSI | G3: =impostazioni!G3 -> QUOTA TESS. | H3: =impostazioni!H3 -> CORSI | ... Y3: =impostazioni!Y3 -> QUOTA TESS.
A35: =impostazioni!A35 -> SUB-TOTALE CORSI DIVISO | B35: =SUM(B4:B34) -> 0 | C35: =SUM(C4:C34) -> 0 | D35: =SUM(D4:D34) -> 0 | E35: =SUM(E4:E34) -> 0 | F35: =SUM(F4:F34) -> 0 | G35: =SUM(G4:G34) -> 0 | H35: =SUM(H4:H34) -> 0 | I35: =SUM(I4:I34) -> 0 | ... Y35: =SUM(Y4:Y34) -> 0
A36: =impostazioni!A36 -> TOTALE CORSI UNITO | B36: =SUM(B35:C35) -> 0 | D36: =SUM(D35:E35) -> 0 | F36: =SUM(F35:G35) -> 0 | H36: =SUM(H35:I35) -> 0 | J36: =SUM(J35:K35) -> 0 | L36: =SUM(L35:M35) -> 0 | N36: =SUM(N35:O35) -> 0 | P36: =SUM(P35:Q35) -> 0 | R36: =SUM(R35:S35) -> 0 | T36: =SUM(T35:U35) -> 0 | V36: =SUM(V35:W35) -> 0 | X36: =SUM(X35:Y35) -> 0
A37: =impostazioni!A37 -> SHOP FATTURE (pagato con Pos)
A38: =impostazioni!A38 -> USCITA CONTANTE | D38: =impostazioni!D38 -> NOTE PER USCITA:
A39: =impostazioni!A39 -> TOTALE CASSA CONTANTE ENTRATE-USCITE | B39: =SUM(B36:Y36-B38) -> 0
A41: TEAM2 >> SEZIONE B <<
A43: =impostazioni!A43 -> N° RIC. BIANCHE VISITE MEDICHE | C43: =impostazioni!C43 -> € | D43: =impostazioni!D43 -> N° RIC. RICEVUTE BIANCHE ALTRO | G43: =impostazioni!G43 -> € | H43: =impostazioni!H43 -> N° RIC. RICEVUTE BIANCHE ALTRO | K43: =impostazioni!K43 -> €
A62: =impostazioni!A62 -> SUB-TOTALE | C62: =SUM(C44:C61) -> 0 | D62: =impostazioni!D62 -> SUB-TOTALE | G62: =SUM(G44:G61) -> 0 | H62: =impostazioni!H62 -> SUB-TOTALE | K62: =SUM(K44:K61) -> 0 | L62: USCITA | N62: TOTALE | O62: =SUM(C62,G62,K62-M62) -> 0
A64: TEAM2 >> SEZIONE C <<
A66: =impostazioni!A66 -> DISTINTA RICEVUTE AZZURRE + BIANCHE | F66: =impostazioni!F66 -> NOTE GENERICHE
A67: =impostazioni!A67 -> TOTALE CONTANTI RIC. AZZURRE | B67: =B36 -> 0
A68: =impostazioni!A68 -> TOTALE CONTANTI RIC. BIANCHE | B68: =SUM(C62,G62,K62) -> 0
A69: =impostazioni!A69 -> USCITA CONTANTE | B69: =SUM(B38+M62) -> 0
A70: =impostazioni!A70 -> TOTALE CASSA | B70: =B67+B68-B69 -> 0 | F70: =IF(B70=B77,"OK","ERRORE") -> OK
A72: TEAM2 >> SEZIONE D <<
A74: =impostazioni!A74 -> PEZZI
A75: =impostazioni!A75 -> TAGLIO | B75: 500 | C75: 200 | D75: 100 | E75: 50 | F75: 20 | G75: 10 | H75: 5 | I75: 2 | J75: 1 | K75: 0.5 | L75: 0.2 | M75: 0.1 | N75: 0.05 | O75: 0.02 | P75: 0.01
A76: =impostazioni!A76 -> TOT | B76: =B74*B75 -> 0 | C76: =C74*C75 -> 0 | D76: =D74*D75 -> 0 | E76: =E74*E75 -> 0 | F76: =F74*F75 -> 0 | G76: =G74*G75 -> 0 | H76: =H74*H75 -> 0 | I76: =I74*I75 -> 0 | ... P76: =P74*P75 -> 0
A77: =impostazioni!A77 -> TOTALE CASSA | B77: =SUM(B76:P76) -> 0
A79: =impostazioni!A79 -> ULTIMO ACCESSO: | B79: =impostazioni!B79 -> 46071.676 | E79: =impostazioni!E79 -> CONTROLLO FATTO DA: | G79: TEAM2 | H79: FALSE | J79: ELISA Controllo | L79: OK | M79: FALSE | N79: REGIST. | O79: FALSE

Sheet TEAM2-EX
A1: TEAM2 - EXTRA >> SEZIONE A <<
A2: TEAM2 EXTRA | B2: =impostazioni!B2 -> CONTANTE | D2: =impostazioni!D2 -> POS POSTA Recep | F2: =impostazioni!F2 -> CARTA POSTA Recep | H2: =impostazioni!H2 -> POS POSTA 2°P | J2: =impostazioni!J2 -> CARTA POSTA 2°P | L2: =impostazioni!L2 -> POS BPM 1°P | N2: =impostazioni!N2 -> CARTA BPM 1°P | P2: =impostazioni!P2 -> B/B | R2: =impostazioni!R2 -> SEDE SCALAPAY | T2: =impostazioni!T2 -> SEDE SATISPAY | V2: =impostazioni!V2 -> ONLINE TESSERATO | X2: =impostazioni!X2 -> ONLINE NON TESSERATO
A3: =impostazioni!A3 -> N° RICEVUTA | B3: =impostazioni!B3 -> CORSI | C3: =impostazioni!C3 -> QUOTA TESS. | D3: =impostazioni!D3 -> CORSI | E3: =impostazioni!E3 -> QUOTA TESS. | F3: =impostazioni!F3 -> CORSI | G3: =impostazioni!G3 -> QUOTA TESS. | H3: =impostazioni!H3 -> CORSI | ... Y3: =impostazioni!Y3 -> QUOTA TESS.
A35: =impostazioni!A35 -> SUB-TOTALE CORSI DIVISO | B35: =SUM(B4:B34) -> 0 | C35: =SUM(C4:C34) -> 0 | D35: =SUM(D4:D34) -> 0 | E35: =SUM(E4:E34) -> 0 | F35: =SUM(F4:F34) -> 0 | G35: =SUM(G4:G34) -> 0 | H35: =SUM(H4:H34) -> 0 | I35: =SUM(I4:I34) -> 0 | ... Y35: =SUM(Y4:Y34) -> 0
A36: =impostazioni!A36 -> TOTALE CORSI UNITO | B36: =SUM(B35:C35) -> 0 | D36: =SUM(D35:E35) -> 0 | F36: =SUM(F35:G35) -> 0 | H36: =SUM(H35:I35) -> 0 | J36: =SUM(J35:K35) -> 0 | L36: =SUM(L35:M35) -> 0 | N36: =SUM(N35:O35) -> 0 | P36: =SUM(P35:Q35) -> 0 | R36: =SUM(R35:S35) -> 0 | T36: =SUM(T35:U35) -> 0 | V36: =SUM(V35:W35) -> 0 | X36: =SUM(X35:Y35) -> 0
A37: =impostazioni!A37 -> SHOP FATTURE (pagato con Pos)
A38: =impostazioni!A38 -> USCITA CONTANTE | D38: =impostazioni!D38 -> NOTE PER USCITA:
A39: =impostazioni!A39 -> TOTALE CASSA CONTANTE ENTRATE-USCITE | B39: =SUM(B36:Y36-B38) -> 0
A41: TEAM2 - EXTRA >> SEZIONE B <<
A43: =impostazioni!A43 -> N° RIC. BIANCHE VISITE MEDICHE | C43: =impostazioni!C43 -> € | D43: =impostazioni!D43 -> N° RIC. RICEVUTE BIANCHE ALTRO | G43: =impostazioni!G43 -> € | H43: =impostazioni!H43 -> N° RIC. RICEVUTE BIANCHE ALTRO | K43: =impostazioni!K43 -> €
A62: =impostazioni!A62 -> SUB-TOTALE | C62: =SUM(C44:C61) -> 0 | D62: =impostazioni!D62 -> SUB-TOTALE | G62: =SUM(G44:G61) -> 0 | H62: =impostazioni!H62 -> SUB-TOTALE | K62: =SUM(K44:K61) -> 0 | L62: USCITA | N62: TOTALE | O62: =SUM(C62,G62,K62-M62) -> 0
A64: TEAM2 - EXTRA >> SEZIONE C <<
A66: =impostazioni!A66 -> DISTINTA RICEVUTE AZZURRE + BIANCHE | F66: =impostazioni!F66 -> NOTE GENERICHE
A67: =impostazioni!A67 -> TOTALE CONTANTI RIC. AZZURRE | B67: =B36 -> 0
A68: =impostazioni!A68 -> TOTALE CONTANTI RIC. BIANCHE | B68: =SUM(C62,G62,K62) -> 0
A69: =impostazioni!A69 -> USCITA CONTANTE | B69: =SUM(B38+M62) -> 0
A70: =impostazioni!A70 -> TOTALE CASSA | B70: =B67+B68-B69 -> 0 | F70: =IF(B70=B77,"OK","ERRORE") -> OK
A72: TEAM2 - EXTRA >> SEZIONE D <<
A74: =impostazioni!A74 -> PEZZI
A75: =impostazioni!A75 -> TAGLIO | B75: 500 | C75: 200 | D75: 100 | E75: 50 | F75: 20 | G75: 10 | H75: 5 | I75: 2 | J75: 1 | K75: 0.5 | L75: 0.2 | M75: 0.1 | N75: 0.05 | O75: 0.02 | P75: 0.01
A76: =impostazioni!A76 -> TOT | B76: =B74*B75 -> 0 | C76: =C74*C75 -> 0 | D76: =D74*D75 -> 0 | E76: =E74*E75 -> 0 | F76: =F74*F75 -> 0 | G76: =G74*G75 -> 0 | H76: =H74*H75 -> 0 | I76: =I74*I75 -> 0 | ... P76: =P74*P75 -> 0
A77: =impostazioni!A77 -> TOTALE CASSA | B77: =SUM(B76:P76) -> 0
A79: =impostazioni!A79 -> ULTIMO ACCESSO: | B79: =impostazioni!B79 -> 46071.676 | E79: =impostazioni!E79 -> CONTROLLO FATTO DA: | G79: TEAM2 | H79: FALSE | J79: ELISA Controllo | L79: OK | M79: FALSE | N79: REGIST. | O79: FALSE

Sheet GENERALE
A1: CHIUSURA GENERALE | C1: =impostazioni!B2 -> CONTANTE | E1: =impostazioni!D2 -> POS POSTA Recep | G1: =impostazioni!F2 -> CARTA POSTA Recep | I1: =impostazioni!H2 -> POS POSTA 2°P | K1: =impostazioni!J2 -> CARTA POSTA 2°P | M1: =impostazioni!L2 -> POS BPM 1°P | O1: =impostazioni!N2 -> CARTA BPM 1°P | Q1: =impostazioni!P2 -> B/B | S1: =impostazioni!R2 -> SEDE SCALAPAY | U1: =impostazioni!T2 -> SEDE SATISPAY | W1: =impostazioni!V2 -> ONLINE TESSERATO | Y1: =impostazioni!X2 -> ONLINE NON TESSERATO
C2: =impostazioni!B3 -> CORSI | D2: =impostazioni!C3 -> QUOTA TESS. | E2: =impostazioni!D3 -> CORSI | F2: =impostazioni!E3 -> QUOTA TESS. | G2: =impostazioni!F3 -> CORSI | H2: =impostazioni!G3 -> QUOTA TESS. | I2: =impostazioni!H3 -> CORSI | J2: =impostazioni!I3 -> QUOTA TESS. | ... Z2: =impostazioni!Y3 -> QUOTA TESS. | AA2: TOTALI SHOP FATTURE (pagato con POS)
A3: Alexanndra | C3: =Alexandra!B35 -> 0 | D3: =Alexandra!C35 -> 0 | E3: =Alexandra!D35 -> 0 | F3: =Alexandra!E35 -> 0 | G3: =Alexandra!F35 -> 0 | H3: =Alexandra!G35 -> 0 | I3: =Alexandra!H35 -> 0 | J3: =Alexandra!I35 -> 0 | ... Z3: =Alexandra!Y35 -> 0 | AA3: =SUM(Alexandra!D37:N37) -> 0
A4: Alexandra-EXTRA | C4: ='Alexandra-EX'!B35 -> 0 | D4: ='Alexandra-EX'!C35 -> 0 | E4: ='Alexandra-EX'!D35 -> 0 | F4: ='Alexandra-EX'!E35 -> 0 | G4: ='Alexandra-EX'!F35 -> 0 | H4: ='Alexandra-EX'!G35 -> 0 | I4: ='Alexandra-EX'!H35 -> 0 | J4: ='Alexandra-EX'!I35 -> 0 | ... Z4: ='Alexandra-EX'!Y35 -> 0 | AA4: =SUM('Alexandra-EX'!D37:N37) -> 0
A5: Nura | C5: =Nura!B35 -> 0 | D5: =Nura!C35 -> 0 | E5: =Nura!D35 -> 0 | F5: =Nura!E35 -> 0 | G5: =Nura!F35 -> 0 | H5: =Nura!G35 -> 0 | I5: =Nura!H35 -> 0 | J5: =Nura!I35 -> 0 | ... Z5: =Nura!Y35 -> 0 | AA5: =SUM(Nura!D37:N37) -> 0
A6: Nura-EXTRA | C6: ='Nura-EX'!B35 -> 0 | D6: ='Nura-EX'!C35 -> 0 | E6: ='Nura-EX'!D35 -> 0 | F6: ='Nura-EX'!E35 -> 0 | G6: ='Nura-EX'!F35 -> 0 | H6: ='Nura-EX'!G35 -> 0 | I6: ='Nura-EX'!H35 -> 0 | J6: ='Nura-EX'!I35 -> 0 | ... Z6: ='Nura-EX'!Y35 -> 0 | AA6: =SUM('Nura-EX'!D37:N37) -> 0
A7: Giuditta | C7: =Giuditta!B35 -> 0 | D7: =Giuditta!C35 -> 0 | E7: =Giuditta!D35 -> 0 | F7: =Giuditta!E35 -> 0 | G7: =Giuditta!F35 -> 0 | H7: =Giuditta!G35 -> 0 | I7: =Giuditta!H35 -> 0 | J7: =Giuditta!I35 -> 0 | ... Z7: =Giuditta!Y35 -> 0 | AA7: =SUM(Giuditta!D37:N37) -> 0
A8: Giuditta-EXTRA | C8: ='Giuditta-EX'!B35 -> 0 | D8: ='Giuditta-EX'!C35 -> 0 | E8: ='Giuditta-EX'!D35 -> 0 | F8: ='Giuditta-EX'!E35 -> 0 | G8: ='Giuditta-EX'!F35 -> 0 | H8: ='Giuditta-EX'!G35 -> 0 | I8: ='Giuditta-EX'!H35 -> 0 | J8: ='Giuditta-EX'!I35 -> 0 | ... Z8: ='Giuditta-EX'!Y35 -> 0 | AA8: =SUM('Giuditta-EX'!D37:N37) -> 0
A9: Estefany | C9: =Estefany!B35 -> 0 | D9: =Estefany!C35 -> 0 | E9: =Estefany!D35 -> 0 | F9: =Estefany!E35 -> 0 | G9: =Estefany!F35 -> 0 | H9: =Estefany!G35 -> 0 | I9: =Estefany!H35 -> 0 | J9: =Estefany!I35 -> 0 | ... Z9: =Estefany!Y35 -> 0 | AA9: =SUM(Estefany!D37:N37) -> 0
A10: Estefany-EXTRA | C10: ='Estefany-EX'!B35 -> 0 | D10: ='Estefany-EX'!C35 -> 0 | E10: ='Estefany-EX'!D35 -> 0 | F10: ='Estefany-EX'!E35 -> 0 | G10: ='Estefany-EX'!F35 -> 0 | H10: ='Estefany-EX'!G35 -> 0 | I10: ='Estefany-EX'!H35 -> 0 | J10: ='Estefany-EX'!I35 -> 0 | ... Z10: ='Estefany-EX'!Y35 -> 0 | AA10: =SUM('Estefany-EX'!D37:N37) -> 0
A11: TEAM | C11: =TEAM!B35 -> 0 | D11: =TEAM!C35 -> 0 | E11: =TEAM!D35 -> 0 | F11: =TEAM!E35 -> 0 | G11: =TEAM!F35 -> 0 | H11: =TEAM!G35 -> 0 | I11: =TEAM!H35 -> 0 | J11: =TEAM!I35 -> 0 | ... Z11: =TEAM!Y35 -> 0 | AA11: =SUM(TEAM!D37:N37) -> 0
A12: TEAM-EXTRA | C12: ='TEAM-EX'!B35 -> 0 | D12: ='TEAM-EX'!C35 -> 0 | E12: ='TEAM-EX'!D35 -> 0 | F12: ='TEAM-EX'!E35 -> 0 | G12: ='TEAM-EX'!F35 -> 0 | H12: ='TEAM-EX'!G35 -> 0 | I12: ='TEAM-EX'!H35 -> 0 | J12: ='TEAM-EX'!I35 -> 0 | ... Z12: ='TEAM-EX'!Y35 -> 0 | AA12: =SUM('TEAM-EX'!D37:N37) -> 0
A13: Joel | C13: =Joel!B35 -> 0 | D13: =Joel!C35 -> 0 | E13: =Joel!D35 -> 0 | F13: =Joel!E35 -> 0 | G13: =Joel!F35 -> 0 | H13: =Joel!G35 -> 0 | I13: =Joel!H35 -> 0 | J13: =Joel!I35 -> 0 | ... Z13: =Joel!Y35 -> 0 | AA13: =SUM(Joel!D37:N37) -> 0
A14: Joel-EXTRA | C14: ='Joel-EX'!B35 -> 0 | D14: ='Joel-EX'!C35 -> 0 | E14: ='Joel-EX'!D35 -> 0 | F14: ='Joel-EX'!E35 -> 0 | G14: ='Joel-EX'!F35 -> 0 | H14: ='Joel-EX'!G35 -> 0 | I14: ='Joel-EX'!H35 -> 0 | J14: ='Joel-EX'!I35 -> 0 | ... Z14: ='Joel-EX'!Y35 -> 0 | AA14: =SUM('Joel-EX'!D37:N37) -> 0
A15: TEAM1 | C15: =TEAM1!B35 -> 0 | D15: =TEAM1!C35 -> 0 | E15: =TEAM1!D35 -> 0 | F15: =TEAM1!E35 -> 0 | G15: =TEAM1!F35 -> 0 | H15: =TEAM1!G35 -> 0 | I15: =TEAM1!H35 -> 0 | J15: =TEAM1!I35 -> 0 | ... Z15: =TEAM1!Y35 -> 0 | AA15: =SUM(TEAM1!D37:N37) -> 0
A16: TEAM1-EX | C16: ='TEAM1-EX'!B35 -> 0 | D16: ='TEAM1-EX'!C35 -> 0 | E16: ='TEAM1-EX'!D35 -> 0 | F16: ='TEAM1-EX'!E35 -> 0 | G16: ='TEAM1-EX'!F35 -> 0 | H16: ='TEAM1-EX'!G35 -> 0 | I16: ='TEAM1-EX'!H35 -> 0 | J16: ='TEAM1-EX'!I35 -> 0 | ... Z16: ='TEAM1-EX'!Y35 -> 0 | AA16: =SUM('TEAM1-EX'!D37:N37) -> 0
A17: TEAM2 | C17: =TEAM2!B35 -> 0 | D17: =TEAM2!C35 -> 0 | E17: =TEAM2!D35 -> 0 | F17: =TEAM2!E35 -> 0 | G17: =TEAM2!F35 -> 0 | H17: =TEAM2!G35 -> 0 | I17: =TEAM2!H35 -> 0 | J17: =TEAM2!I35 -> 0 | ... Z17: =TEAM2!Y35 -> 0 | AA17: =SUM(TEAM2!D37:N37) -> 0
A18: TEAM2-EX | C18: ='TEAM2-EX'!B35 -> 0 | D18: ='TEAM2-EX'!C35 -> 0 | E18: ='TEAM2-EX'!D35 -> 0 | F18: ='TEAM2-EX'!E35 -> 0 | G18: ='TEAM2-EX'!F35 -> 0 | H18: ='TEAM2-EX'!G35 -> 0 | I18: ='TEAM2-EX'!H35 -> 0 | J18: ='TEAM2-EX'!I35 -> 0 | ... Z18: ='TEAM2-EX'!Y35 -> 0 | AA18: =SUM('TEAM2-EX'!D37:N37) -> 0
A20: TOTALE CORSI DIVISO | C20: =SUM(C3:C19) -> 0 | D20: =SUM(D3:D19) -> 0 | E20: =SUM(E3:E19) -> 0 | F20: =SUM(F3:F19) -> 0 | G20: =SUM(G3:G19) -> 0 | H20: =SUM(H3:H19) -> 0 | I20: =SUM(I3:I19) -> 0 | J20: =SUM(J3:J19) -> 0 | ... AA20: =SUM(AA3:AA19) -> 0
A21: TOTALE CORSI + SHOP | C21: =C20+D20 -> 0 | E21: =E20+F20+Alexandra!D37+'Alexandra-EX'!D37+Nura!D37+'Nura-EX'!D37+Giuditta!D37+'Giuditta-EX'!D37+Estefany!D37+'Estefany-EX'!D37+TEAM!D37+'TEAM-EX'!D37+Joel!D37+'Joel-EX'!D37+TEAM1!D37+'TEAM1-EX'!D37+TEAM2!D37+'TEAM2-EX'!D37 -> 0 | G21: =G20+H20+Alexandra!F37+'Alexandra-EX'!F37+Nura!F37+'Nura-EX'!F37+Giuditta!F37+'Giuditta-EX'!F37+Estefany!F37+'Estefany-EX'!F37+TEAM!F37+'TEAM-EX'!F37+Joel!F37+'Joel-EX'!F37+TEAM1!F37+'TEAM1-EX'!F37+TEAM2!F37+'TEAM2-EX'!F37 -> 0 | I21: =I20+J20+Alexandra!H37+'Alexandra-EX'!H37+Nura!H37+'Nura-EX'!H37+Giuditta!H37+'Giuditta-EX'!H37+Estefany!H37+'Estefany-EX'!H37+TEAM!H37+'TEAM-EX'!H37+Joel!H37+'Joel-EX'!H37+TEAM1!H37+'TEAM1-EX'!H37+TEAM2!H37+'TEAM2-EX'!H37 -> 0 | K21: =K20+L20+Alexandra!J37+'Alexandra-EX'!J37+Nura!J37+'Nura-EX'!J37+Giuditta!J37+'Giuditta-EX'!J37+Estefany!J37+'Estefany-EX'!J37+TEAM!J37+'TEAM-EX'!J37+Joel!J37+'Joel-EX'!J37+TEAM1!J37+'TEAM1-EX'!J37+TEAM2!J37+'TEAM2-EX'!J37 -> 0 | M21: =M20+N20+Alexandra!L37+'Alexandra-EX'!L37+Nura!L37+'Nura-EX'!L37+Giuditta!L37+'Giuditta-EX'!L37+Estefany!L37+'Estefany-EX'!L37+TEAM!L37+'TEAM-EX'!L37+Joel!L37+'Joel-EX'!L37+TEAM1!L37+'TEAM1-EX'!L37+TEAM2!L37+'TEAM2-EX'!L37 -> 0 | O21: =O20+P20+Alexandra!N37+'Alexandra-EX'!N37+Nura!N37+'Nura-EX'!N37+Giuditta!N37+'Giuditta-EX'!N37+Estefany!N37+'Estefany-EX'!N37+TEAM!N37+'TEAM-EX'!N37+Joel!N37+'Joel-EX'!N37+TEAM1!N37+'TEAM1-EX'!N37+TEAM2!N37+'TEAM2-EX'!N37 -> 0 | Q21: =Q20+R20+Alexandra!P37+'Alexandra-EX'!P37+Nura!P37+'Nura-EX'!P37+Giuditta!P37+'Giuditta-EX'!P37+Estefany!P37+'Estefany-EX'!P37+TEAM!P37+'TEAM-EX'!P37+Joel!P37+'Joel-EX'!P37+TEAM1!P37+'TEAM1-EX'!P37+TEAM2!P37+'TEAM2-EX'!P37 -> 0 | S21: =S20+T20+Alexandra!R37+'Alexandra-EX'!R37+Nura!R37+'Nura-EX'!R37+Giuditta!R37+'Giuditta-EX'!R37+Estefany!R37+'Estefany-EX'!R37+TEAM!R37+'TEAM-EX'!R37+Joel!R37+'Joel-EX'!R37+TEAM1!R37+'TEAM1-EX'!R37+TEAM2!R37+'TEAM2-EX'!R37 -> 0 | U21: =U20+V20+Alexandra!T37+'Alexandra-EX'!T37+Nura!T37+'Nura-EX'!T37+Giuditta!T37+'Giuditta-EX'!T37+Estefany!T37+'Estefany-EX'!T37+TEAM!T37+'TEAM-EX'!T37+Joel!T37+'Joel-EX'!T37+TEAM1!T37+'TEAM1-EX'!T37+TEAM2!T37+'TEAM2-EX'!T37 -> 0 | W21: =W20+X20+Alexandra!V37+'Alexandra-EX'!V37+Nura!V37+'Nura-EX'!V37+Giuditta!V37+'Giuditta-EX'!V37+Estefany!V37+'Estefany-EX'!V37+TEAM!V37+'TEAM-EX'!V37+Joel!V37+'Joel-EX'!V37+TEAM1!V37+'TEAM1-EX'!V37+TEAM2!V37+'TEAM2-EX'!V37 -> 0 | Y21: =Y20+Z20+Alexandra!X37+'Alexandra-EX'!X37+Nura!X37+'Nura-EX'!X37+Giuditta!X37+'Giuditta-EX'!X37+Estefany!X37+'Estefany-EX'!X37+TEAM!X37+'TEAM-EX'!X37+Joel!X37+'Joel-EX'!X37+TEAM1!X37+'TEAM1-EX'!X37+TEAM2!X37+'TEAM2-EX'!X37 -> 0
A22: TOTALE SCONTRINO POS (CHIUSURA GIORNALIERA)
E23: =IF(E21=E22,"OK","ERRORE") -> OK | G23: =IF(G21=G22,"OK","ERRORE") -> OK | I23: =IF(I21=I22,"OK","ERRORE") -> OK | K23: =IF(K21=K22,"OK","ERRORE") -> OK | M23: =IF(M21=M22,"OK","ERRORE") -> OK | O23: =IF(O21=O22,"OK","ERRORE") -> OK
B26: TOTALE CONTANTI RICEVUTE AZZURRE | F26: TOTALE CONTANTI RICEVUTE BIANCHE | J26: USCITA CONTANTE | N26: TOTALE
A27: Alexandra | B27: =Alexandra!B67 -> 0 | F27: =Alexandra!B68 -> 0 | J27: =Alexandra!B69 -> 0 | N27: =Alexandra!B70 -> 0 | Q27: =Alexandra!F70 -> OK
A28: Alexandra-EXTRA | B28: ='Alexandra-EX'!B67 -> 0 | F28: ='Alexandra-EX'!B68 -> 0 | J28: ='Alexandra-EX'!B69 -> 0 | N28: ='Alexandra-EX'!B70 -> 0 | Q28: ='Alexandra-EX'!F70 -> OK
A29: Nura | B29: =Nura!B67 -> 0 | F29: =Nura!B68 -> 0 | J29: =Nura!B69 -> 0 | N29: =Nura!B70 -> 0 | Q29: =Nura!F70 -> OK
A30: Nura-EXTRA | B30: ='Nura-EX'!B67 -> 0 | F30: ='Nura-EX'!B68 -> 0 | J30: ='Nura-EX'!B69 -> 0 | N30: ='Nura-EX'!B70 -> 0 | Q30: ='Nura-EX'!F70 -> OK
A31: Giuditta | B31: =Giuditta!B67 -> 0 | F31: =Giuditta!B68 -> 0 | J31: =Giuditta!B69 -> 0 | N31: =Giuditta!B70 -> 0 | Q31: =Giuditta!F70 -> OK
A32: Giuditta-EXTRA | B32: ='Giuditta-EX'!B67 -> 0 | F32: ='Giuditta-EX'!B68 -> 0 | J32: ='Giuditta-EX'!B69 -> 0 | N32: ='Giuditta-EX'!B70 -> 0 | Q32: ='Giuditta-EX'!F70 -> OK
A33: Estefany | B33: =Estefany!B67 -> 0 | F33: =Estefany!B68 -> 0 | J33: =Estefany!B69 -> 0 | N33: =Estefany!B70 -> 0 | Q33: =Estefany!F70 -> OK
A34: Estefany-EXTRA | B34: ='Estefany-EX'!B67 -> 0 | F34: ='Estefany-EX'!B68 -> 0 | J34: ='Estefany-EX'!B69 -> 0 | N34: ='Estefany-EX'!B70 -> 0 | Q34: ='Estefany-EX'!F70 -> OK
A35: TEAM | B35: =TEAM!B67 -> 0 | F35: =TEAM!B68 -> 0 | J35: =TEAM!B69 -> 0 | N35: =TEAM!B70 -> 0 | Q35: =TEAM!F70 -> OK
A36: TEAM-EXTRA | B36: ='TEAM-EX'!B67 -> 0 | F36: ='TEAM-EX'!B68 -> 0 | J36: ='TEAM-EX'!B69 -> 0 | N36: ='TEAM-EX'!B70 -> 0 | Q36: ='TEAM-EX'!F70 -> OK
A37: Joel | B37: =Joel!B67 -> 0 | F37: =Joel!B68 -> 0 | J37: =Joel!B69 -> 0 | N37: =Joel!B70 -> 0 | Q37: =Joel!F70 -> OK
A38: Joel-EXTRA | B38: ='Joel-EX'!B67 -> 0 | F38: ='Joel-EX'!B68 -> 0 | J38: ='Joel-EX'!B69 -> 0 | N38: ='Joel-EX'!B70 -> 0 | Q38: ='Joel-EX'!F70 -> OK
A39: TEAM1 | B39: =TEAM1!B67 -> 0 | F39: =TEAM1!B68 -> 0 | J39: =TEAM1!B69 -> 0 | N39: =TEAM1!B70 -> 0 | Q39: =TEAM1!F70 -> OK
A40: TEAM1-EX | B40: ='TEAM1-EX'!B67 -> 0 | F40: ='TEAM1-EX'!B68 -> 0 | J40: ='TEAM1-EX'!B69 -> 0 | N40: ='TEAM1-EX'!B70 -> 0 | Q40: ='TEAM1-EX'!F70 -> OK
A41: TEAM2 | B41: =TEAM2!B67 -> 0 | F41: =TEAM2!B68 -> 0 | J41: =TEAM2!B69 -> 0 | N41: =TEAM2!B70 -> 0 | Q41: =TEAM2!F70 -> OK
A42: TEAM2-EX | B42: ='TEAM2-EX'!B67 -> 0 | F42: ='TEAM2-EX'!B68 -> 0 | J42: ='TEAM2-EX'!B69 -> 0 | N42: ='TEAM2-EX'!B70 -> 0 | Q42: ='TEAM2-EX'!F70 -> OK
J44: TOTALE GENERALE | N44: =SUM(N27:P43) -> 0
A47: ULTIMO ACCESSO: | B47: =NOW() -> 46071.676 | E47: CONTROLLO FATTO DA: | G47: ALEXANDRA | H47: FALSE | I47: NURA | J47: FALSE | K47: GIUDITTA | L47: FALSE | M47: ESTEFANY | N47: FALSE | O47: TEAM | P47: FALSE | Q47: JOEL | R47: FALSE | S47: TEAM1 | T47: FALSE | U47: TEAM2 | V47: FALSE
W48: ELISA Controllo | Y48: OK | Z48: FALSE | AA48: REGIST. | AB48: FALSE

Sheet impostazioni
A1: MASTER >> SEZIONE A <<
A2: MASTER | B2: CONTANTE | D2: POS POSTA Recep | F2: CARTA POSTA Recep | H2: POS POSTA 2°P | J2: CARTA POSTA 2°P | L2: POS BPM 1°P | N2: CARTA BPM 1°P | P2: B/B | R2: SEDE SCALAPAY | T2: SEDE SATISPAY | V2: ONLINE TESSERATO | X2: ONLINE NON TESSERATO
A3: N° RICEVUTA | B3: CORSI | C3: QUOTA TESS. | D3: CORSI | E3: QUOTA TESS. | F3: CORSI | G3: QUOTA TESS. | H3: CORSI | I3: QUOTA TESS. | J3: CORSI | K3: QUOTA TESS. | L3: CORSI | M3: QUOTA TESS. | N3: CORSI | O3: QUOTA TESS. | P3: CORSI | Q3: QUOTA TESS. | R3: CORSI | S3: QUOTA TESS. | T3: CORSI | U3: QUOTA TESS. | V3: CORSI | W3: QUOTA TESS. | X3: CORSI | Y3: QUOTA TESS.
A35: SUB-TOTALE CORSI DIVISO | B35: =SUM(B4:B34) -> 0 | C35: =SUM(C4:C34) -> 0 | D35: =SUM(D4:D34) -> 0 | E35: =SUM(E4:E34) -> 0 | F35: =SUM(F4:F34) -> 0 | G35: =SUM(G4:G34) -> 0 | H35: =SUM(H4:H34) -> 0 | I35: =SUM(I4:I34) -> 0 | ... Y35: =SUM(Y4:Y34) -> 0
A36: TOTALE CORSI UNITO | B36: =SUM(B35:C35) -> 0 | D36: =SUM(D35:E35) -> 0 | F36: =SUM(F35:G35) -> 0 | H36: =SUM(H35:I35) -> 0 | J36: =SUM(J35:K35) -> 0 | L36: =SUM(L35:M35) -> 0 | N36: =SUM(N35:O35) -> 0 | P36: =SUM(P35:Q35) -> 0 | R36: =SUM(R35:S35) -> 0 | T36: =SUM(T35:U35) -> 0 | V36: =SUM(V35:W35) -> 0 | X36: =SUM(X35:Y35) -> 0
A37: SHOP FATTURE (pagato con Pos)
A38: USCITA CONTANTE | D38: NOTE PER USCITA:
A39: TOTALE CASSA CONTANTE ENTRATE-USCITE | B39: =SUM(B36:Y36-B38) -> 0
A41: MASTER >> SEZIONE B <<
A43: N° RIC. BIANCHE VISITE MEDICHE | C43: € | D43: N° RIC. RICEVUTE BIANCHE ALTRO | G43: € | H43: N° RIC. RICEVUTE BIANCHE ALTRO | K43: €
A62: SUB-TOTALE | C62: =SUM(C44:C61) -> 0 | D62: SUB-TOTALE | G62: =SUM(G44:G61) -> 0 | H62: SUB-TOTALE | K62: =SUM(K44:K61) -> 0 | L62: USCITA | N62: TOTALE | O62: =SUM(C62,G62,K62-M62) -> 0
A64: MASTER >> SEZIONE C <<
A66: DISTINTA RICEVUTE AZZURRE + BIANCHE | F66: NOTE GENERICHE
A67: TOTALE CONTANTI RIC. AZZURRE | B67: =B36 -> 0
A68: TOTALE CONTANTI RIC. BIANCHE | B68: =SUM(C62,G62,K62) -> 0
A69: USCITA CONTANTE | B69: =SUM(B38+M62) -> 0
A70: TOTALE CASSA | B70: =B67+B68-B69 -> 0 | F70: =IF(B70=B77,"OK","ERRORE") -> OK
A72: MASTER >> SEZIONE D <<
A74: PEZZI
A75: TAGLIO | B75: 500 | C75: 200 | D75: 100 | E75: 50 | F75: 20 | G75: 10 | H75: 5 | I75: 2 | J75: 1 | K75: 0.5 | L75: 0.2 | M75: 0.1 | N75: 0.05 | O75: 0.02 | P75: 0.01
A76: TOT | B76: =B74*B75 -> 0 | C76: =C74*C75 -> 0 | D76: =D74*D75 -> 0 | E76: =E74*E75 -> 0 | F76: =F74*F75 -> 0 | G76: =G74*G75 -> 0 | H76: =H74*H75 -> 0 | I76: =I74*I75 -> 0 | ... P76: =P74*P75 -> 0
A77: TOTALE CASSA | B77: =SUM(B76:P76) -> 0
A79: ULTIMO ACCESSO: | B79: =NOW() -> 46071.676 | E79: CONTROLLO FATTO DA: | H79: FALSE | J79: ELISA Controllo | L79: OK | M79: FALSE | N79: REGIST. | O79: FALSE
