Workbook

Sheet KEVIN
B1: =elenchi!B8 -> KEVIN | F1: =elenchi!D2 ->  SETTIMANA - B | H1:  DA: | J1: =elenchi!E2 -> LUNEDI 11 A SABATO 16 NOVEMBRE 2024
B2: LUNEDÌ | E2: =IF(AND( OR(COUNT(E4:E9) = 0, SUM(E4:E9) = 60), OR(COUNT(E10:E15) = 0, SUM(E10:E15) = 60), OR(COUNT(E16:E21) = 0, SUM(E16:E21) = 60), OR(COUNT(E22:E27) = 0, SUM(E22:E27) = 60), OR(COUNT(E28:E33) = 0, SUM(E28:E33) = 60), OR(COUNT(E40:E45) = 0, SUM(E40:E45) = 60), OR(COUNT(E46:E51) = 0, SUM(E46:E51) = 60), OR(COUNT(E52:E57) = 0, SUM(E52:E57) = 60), OR(COUNT(E58:E63) = 0, SUM(E58:E63) = 60), OR(COUNT(E64:E69) = 0, SUM(E64:E69) = 60), OR(COUNT(E70:E75) = 0, SUM(E70:E75) = 60), OR(COUNT(E76:E81) = 0, SUM(E76:E81) = 60), OR(COUNT(E82:E87) = 0, SUM(E82:E87) = 60), OR(COUNT(E88:E93) = 0, SUM(E88:E93) = 60), OR(COUNT(E94:E99) = 0, SUM(E94:E99) = 60) ), "OK", "Errore") -> OK | F2: MARTEDÌ | I2: =IF(AND( OR(COUNT(I4:I9) = 0, SUM(I4:I9) = 60), OR(COUNT(I10:I15) = 0, SUM(I10:I15) = 60), OR(COUNT(I16:I21) = 0, SUM(I16:I21) = 60), OR(COUNT(I22:I27) = 0, SUM(I22:I27) = 60), OR(COUNT(I28:I33) = 0, SUM(I28:I33) = 60), OR(COUNT(I40:I45) = 0, SUM(I40:I45) = 60), OR(COUNT(I46:I51) = 0, SUM(I46:I51) = 60), OR(COUNT(I52:I57) = 0, SUM(I52:I57) = 60), OR(COUNT(I58:I63) = 0, SUM(I58:I63) = 60), OR(COUNT(I64:I69) = 0, SUM(I64:I69) = 60), OR(COUNT(I70:I75) = 0, SUM(I70:I75) = 60), OR(COUNT(I76:I81) = 0, SUM(I76:I81) = 60), OR(COUNT(I82:I87) = 0, SUM(I82:I87) = 60), OR(COUNT(I88:I93) = 0, SUM(I88:I93) = 60), OR(COUNT(I94:I99) = 0, SUM(I94:I99) = 60) ), "OK", "Errore") -> OK | J2: MERCOLEDÌ | M2: =IF(AND( OR(COUNT(M4:M9) = 0, SUM(M4:M9) = 60), OR(COUNT(M10:M15) = 0, SUM(M10:M15) = 60), OR(COUNT(M16:M21) = 0, SUM(M16:M21) = 60), OR(COUNT(M22:M27) = 0, SUM(M22:M27) = 60), OR(COUNT(M28:M33) = 0, SUM(M28:M33) = 60), OR(COUNT(M40:M45) = 0, SUM(M40:M45) = 60), OR(COUNT(M46:M51) = 0, SUM(M46:M51) = 60), OR(COUNT(M52:M57) = 0, SUM(M52:M57) = 60), OR(COUNT(M58:M63) = 0, SUM(M58:M63) = 60), OR(COUNT(M64:M69) = 0, SUM(M64:M69) = 60), OR(COUNT(M70:M75) = 0, SUM(M70:M75) = 60), OR(COUNT(M76:M81) = 0, SUM(M76:M81) = 60), OR(COUNT(M82:M87) = 0, SUM(M82:M87) = 60), OR(COUNT(M88:M93) = 0, SUM(M88:M93) = 60), OR(COUNT(M94:M99) = 0, SUM(M94:M99) = 60) ), "OK", "Errore") -> OK | N2: GIOVEDÌ | Q2: =IF(AND( OR(COUNT(Q4:Q9) = 0, SUM(Q4:Q9) = 60), OR(COUNT(Q10:Q15) = 0, SUM(Q10:Q15) = 60), OR(COUNT(Q16:Q21) = 0, SUM(Q16:Q21) = 60), OR(COUNT(Q22:Q27) = 0, SUM(Q22:Q27) = 60), OR(COUNT(Q28:Q33) = 0, SUM(Q28:Q33) = 60), OR(COUNT(Q40:Q45) = 0, SUM(Q40:Q45) = 60), OR(COUNT(Q46:Q51) = 0, SUM(Q46:Q51) = 60), OR(COUNT(Q52:Q57) = 0, SUM(Q52:Q57) = 60), OR(COUNT(Q58:Q63) = 0, SUM(Q58:Q63) = 60), OR(COUNT(Q64:Q69) = 0, SUM(Q64:Q69) = 60), OR(COUNT(Q70:Q75) = 0, SUM(Q70:Q75) = 60), OR(COUNT(Q76:Q81) = 0, SUM(Q76:Q81) = 60), OR(COUNT(Q82:Q87) = 0, SUM(Q82:Q87) = 60), OR(COUNT(Q88:Q93) = 0, SUM(Q88:Q93) = 60), OR(COUNT(Q94:Q99) = 0, SUM(Q94:Q99) = 60) ), "OK", "Errore") -> OK | R2: VENERDÌ | U2: =IF(AND( OR(COUNT(U4:U9) = 0, SUM(U4:U9) = 60), OR(COUNT(U10:U15) = 0, SUM(U10:U15) = 60), OR(COUNT(U16:U21) = 0, SUM(U16:U21) = 60), OR(COUNT(U22:U27) = 0, SUM(U22:U27) = 60), OR(COUNT(U28:U33) = 0, SUM(U28:U33) = 60), OR(COUNT(U40:U45) = 0, SUM(U40:U45) = 60), OR(COUNT(U46:U51) = 0, SUM(U46:U51) = 60), OR(COUNT(U52:U57) = 0, SUM(U52:U57) = 60), OR(COUNT(U58:U63) = 0, SUM(U58:U63) = 60), OR(COUNT(U64:U69) = 0, SUM(U64:U69) = 60), OR(COUNT(U70:U75) = 0, SUM(U70:U75) = 60), OR(COUNT(U76:U81) = 0, SUM(U76:U81) = 60), OR(COUNT(U82:U87) = 0, SUM(U82:U87) = 60), OR(COUNT(U88:U93) = 0, SUM(U88:U93) = 60), OR(COUNT(U94:U99) = 0, SUM(U94:U99) = 60) ), "OK", "Errore") -> OK | V2: SABATO | Y2: =IF(AND( OR(COUNT(Y4:Y9) = 0, SUM(Y4:Y9) = 60), OR(COUNT(Y10:Y15) = 0, SUM(Y10:Y15) = 60), OR(COUNT(Y16:Y21) = 0, SUM(Y16:Y21) = 60), OR(COUNT(Y22:Y27) = 0, SUM(Y22:Y27) = 60), OR(COUNT(Y28:Y33) = 0, SUM(Y28:Y33) = 60), OR(COUNT(Y40:Y45) = 0, SUM(Y40:Y45) = 60), OR(COUNT(Y46:Y51) = 0, SUM(Y46:Y51) = 60), OR(COUNT(Y52:Y57) = 0, SUM(Y52:Y57) = 60), OR(COUNT(Y58:Y63) = 0, SUM(Y58:Y63) = 60), OR(COUNT(Y64:Y69) = 0, SUM(Y64:Y69) = 60), OR(COUNT(Y70:Y75) = 0, SUM(Y70:Y75) = 60), OR(COUNT(Y76:Y81) = 0, SUM(Y76:Y81) = 60), OR(COUNT(Y82:Y87) = 0, SUM(Y82:Y87) = 60), OR(COUNT(Y88:Y93) = 0, SUM(Y88:Y93) = 60), OR(COUNT(Y94:Y99) = 0, SUM(Y94:Y99) = 60) ), "OK", "Errore") -> OK | Z2: DOMENICA | AC2: =IF(AND( OR(COUNT(AC4:AC9) = 0, SUM(AC4:AC9) = 60), OR(COUNT(AC10:AC15) = 0, SUM(AC10:AC15) = 60), OR(COUNT(AC16:AC21) = 0, SUM(AC16:AC21) = 60), OR(COUNT(AC22:AC27) = 0, SUM(AC22:AC27) = 60), OR(COUNT(AC28:AC33) = 0, SUM(AC28:AC33) = 60), OR(COUNT(AC40:AC45) = 0, SUM(AC40:AC45) = 60), OR(COUNT(AC46:AC51) = 0, SUM(AC46:AC51) = 60), OR(COUNT(AC52:AC57) = 0, SUM(AC52:AC57) = 60), OR(COUNT(AC58:AC63) = 0, SUM(AC58:AC63) = 60), OR(COUNT(AC64:AC69) = 0, SUM(AC64:AC69) = 60), OR(COUNT(AC70:AC75) = 0, SUM(AC70:AC75) = 60), OR(COUNT(AC76:AC81) = 0, SUM(AC76:AC81) = 60), OR(COUNT(AC82:AC87) = 0, SUM(AC82:AC87) = 60), OR(COUNT(AC88:AC93) = 0, SUM(AC88:AC93) = 60), OR(COUNT(AC94:AC99) = 0, SUM(AC94:AC99) = 60) ), "OK", "Errore") -> OK
A3: ORA | B3: postazione | C3: attività | D3: quantità | E3: minuti | F3: postazione | G3: attività | H3: quantità | I3: minuti | J3: postazione | K3: attività | L3: quantità | M3: minuti | N3: postazione | O3: attività | P3: quantità | Q3: minuti | R3: postazione | S3: attività | T3: quantità | U3: minuti | V3: postazione | W3: attività | X3: quantità | Y3: minuti | Z3: postazione | AA3: attività | AB3: quantità | AC3: minuti
A4: 07:30 08:30
A10: 08:30 09:30
A16: 09:30 10:30
A22: 10:30 11:30
A28: 11:30 12:30
A34: 12:30 13:30
A40: 13:30 14:30
A46: 14:30 15:30
A52: 15:30 16:30
A58: 16:30 17:30
A64: 17:30 18:30
A70: 18:30 19:30
... A94: 22:30 23:30

Sheet YURI
B1: =elenchi!B9 -> YURI | F1: =elenchi!D2 ->  SETTIMANA - B | H1:  DA: | J1: =elenchi!E2 -> LUNEDI 11 A SABATO 16 NOVEMBRE 2024
B2: LUNEDÌ | E2: =IF(AND( OR(COUNT(E4:E9) = 0, SUM(E4:E9) = 60), OR(COUNT(E10:E15) = 0, SUM(E10:E15) = 60), OR(COUNT(E16:E21) = 0, SUM(E16:E21) = 60), OR(COUNT(E22:E27) = 0, SUM(E22:E27) = 60), OR(COUNT(E28:E33) = 0, SUM(E28:E33) = 60), OR(COUNT(E40:E45) = 0, SUM(E40:E45) = 60), OR(COUNT(E46:E51) = 0, SUM(E46:E51) = 60), OR(COUNT(E52:E57) = 0, SUM(E52:E57) = 60), OR(COUNT(E58:E63) = 0, SUM(E58:E63) = 60), OR(COUNT(E64:E69) = 0, SUM(E64:E69) = 60), OR(COUNT(E70:E75) = 0, SUM(E70:E75) = 60), OR(COUNT(E76:E81) = 0, SUM(E76:E81) = 60), OR(COUNT(E82:E87) = 0, SUM(E82:E87) = 60), OR(COUNT(E88:E93) = 0, SUM(E88:E93) = 60), OR(COUNT(E94:E99) = 0, SUM(E94:E99) = 60) ), "OK", "Errore") -> OK | F2: MARTEDÌ | I2: =IF(AND( OR(COUNT(I4:I9) = 0, SUM(I4:I9) = 60), OR(COUNT(I10:I15) = 0, SUM(I10:I15) = 60), OR(COUNT(I16:I21) = 0, SUM(I16:I21) = 60), OR(COUNT(I22:I27) = 0, SUM(I22:I27) = 60), OR(COUNT(I28:I33) = 0, SUM(I28:I33) = 60), OR(COUNT(I40:I45) = 0, SUM(I40:I45) = 60), OR(COUNT(I46:I51) = 0, SUM(I46:I51) = 60), OR(COUNT(I52:I57) = 0, SUM(I52:I57) = 60), OR(COUNT(I58:I63) = 0, SUM(I58:I63) = 60), OR(COUNT(I64:I69) = 0, SUM(I64:I69) = 60), OR(COUNT(I70:I75) = 0, SUM(I70:I75) = 60), OR(COUNT(I76:I81) = 0, SUM(I76:I81) = 60), OR(COUNT(I82:I87) = 0, SUM(I82:I87) = 60), OR(COUNT(I88:I93) = 0, SUM(I88:I93) = 60), OR(COUNT(I94:I99) = 0, SUM(I94:I99) = 60) ), "OK", "Errore") -> OK | J2: MERCOLEDÌ | M2: =IF(AND( OR(COUNT(M4:M9) = 0, SUM(M4:M9) = 60), OR(COUNT(M10:M15) = 0, SUM(M10:M15) = 60), OR(COUNT(M16:M21) = 0, SUM(M16:M21) = 60), OR(COUNT(M22:M27) = 0, SUM(M22:M27) = 60), OR(COUNT(M28:M33) = 0, SUM(M28:M33) = 60), OR(COUNT(M40:M45) = 0, SUM(M40:M45) = 60), OR(COUNT(M46:M51) = 0, SUM(M46:M51) = 60), OR(COUNT(M52:M57) = 0, SUM(M52:M57) = 60), OR(COUNT(M58:M63) = 0, SUM(M58:M63) = 60), OR(COUNT(M64:M69) = 0, SUM(M64:M69) = 60), OR(COUNT(M70:M75) = 0, SUM(M70:M75) = 60), OR(COUNT(M76:M81) = 0, SUM(M76:M81) = 60), OR(COUNT(M82:M87) = 0, SUM(M82:M87) = 60), OR(COUNT(M88:M93) = 0, SUM(M88:M93) = 60), OR(COUNT(M94:M99) = 0, SUM(M94:M99) = 60) ), "OK", "Errore") -> OK | N2: GIOVEDÌ | Q2: =IF(AND( OR(COUNT(Q4:Q9) = 0, SUM(Q4:Q9) = 60), OR(COUNT(Q10:Q15) = 0, SUM(Q10:Q15) = 60), OR(COUNT(Q16:Q21) = 0, SUM(Q16:Q21) = 60), OR(COUNT(Q22:Q27) = 0, SUM(Q22:Q27) = 60), OR(COUNT(Q28:Q33) = 0, SUM(Q28:Q33) = 60), OR(COUNT(Q40:Q45) = 0, SUM(Q40:Q45) = 60), OR(COUNT(Q46:Q51) = 0, SUM(Q46:Q51) = 60), OR(COUNT(Q52:Q57) = 0, SUM(Q52:Q57) = 60), OR(COUNT(Q58:Q63) = 0, SUM(Q58:Q63) = 60), OR(COUNT(Q64:Q69) = 0, SUM(Q64:Q69) = 60), OR(COUNT(Q70:Q75) = 0, SUM(Q70:Q75) = 60), OR(COUNT(Q76:Q81) = 0, SUM(Q76:Q81) = 60), OR(COUNT(Q82:Q87) = 0, SUM(Q82:Q87) = 60), OR(COUNT(Q88:Q93) = 0, SUM(Q88:Q93) = 60), OR(COUNT(Q94:Q99) = 0, SUM(Q94:Q99) = 60) ), "OK", "Errore") -> OK | R2: VENERDÌ | U2: =IF(AND( OR(COUNT(U4:U9) = 0, SUM(U4:U9) = 60), OR(COUNT(U10:U15) = 0, SUM(U10:U15) = 60), OR(COUNT(U16:U21) = 0, SUM(U16:U21) = 60), OR(COUNT(U22:U27) = 0, SUM(U22:U27) = 60), OR(COUNT(U28:U33) = 0, SUM(U28:U33) = 60), OR(COUNT(U40:U45) = 0, SUM(U40:U45) = 60), OR(COUNT(U46:U51) = 0, SUM(U46:U51) = 60), OR(COUNT(U52:U57) = 0, SUM(U52:U57) = 60), OR(COUNT(U58:U63) = 0, SUM(U58:U63) = 60), OR(COUNT(U64:U69) = 0, SUM(U64:U69) = 60), OR(COUNT(U70:U75) = 0, SUM(U70:U75) = 60), OR(COUNT(U76:U81) = 0, SUM(U76:U81) = 60), OR(COUNT(U82:U87) = 0, SUM(U82:U87) = 60), OR(COUNT(U88:U93) = 0, SUM(U88:U93) = 60), OR(COUNT(U94:U99) = 0, SUM(U94:U99) = 60) ), "OK", "Errore") -> OK | V2: SABATO | Y2: =IF(AND( OR(COUNT(Y4:Y9) = 0, SUM(Y4:Y9) = 60), OR(COUNT(Y10:Y15) = 0, SUM(Y10:Y15) = 60), OR(COUNT(Y16:Y21) = 0, SUM(Y16:Y21) = 60), OR(COUNT(Y22:Y27) = 0, SUM(Y22:Y27) = 60), OR(COUNT(Y28:Y33) = 0, SUM(Y28:Y33) = 60), OR(COUNT(Y40:Y45) = 0, SUM(Y40:Y45) = 60), OR(COUNT(Y46:Y51) = 0, SUM(Y46:Y51) = 60), OR(COUNT(Y52:Y57) = 0, SUM(Y52:Y57) = 60), OR(COUNT(Y58:Y63) = 0, SUM(Y58:Y63) = 60), OR(COUNT(Y64:Y69) = 0, SUM(Y64:Y69) = 60), OR(COUNT(Y70:Y75) = 0, SUM(Y70:Y75) = 60), OR(COUNT(Y76:Y81) = 0, SUM(Y76:Y81) = 60), OR(COUNT(Y82:Y87) = 0, SUM(Y82:Y87) = 60), OR(COUNT(Y88:Y93) = 0, SUM(Y88:Y93) = 60), OR(COUNT(Y94:Y99) = 0, SUM(Y94:Y99) = 60) ), "OK", "Errore") -> OK | Z2: DOMENICA | AC2: =IF(AND( OR(COUNT(AC4:AC9) = 0, SUM(AC4:AC9) = 60), OR(COUNT(AC10:AC15) = 0, SUM(AC10:AC15) = 60), OR(COUNT(AC16:AC21) = 0, SUM(AC16:AC21) = 60), OR(COUNT(AC22:AC27) = 0, SUM(AC22:AC27) = 60), OR(COUNT(AC28:AC33) = 0, SUM(AC28:AC33) = 60), OR(COUNT(AC40:AC45) = 0, SUM(AC40:AC45) = 60), OR(COUNT(AC46:AC51) = 0, SUM(AC46:AC51) = 60), OR(COUNT(AC52:AC57) = 0, SUM(AC52:AC57) = 60), OR(COUNT(AC58:AC63) = 0, SUM(AC58:AC63) = 60), OR(COUNT(AC64:AC69) = 0, SUM(AC64:AC69) = 60), OR(COUNT(AC70:AC75) = 0, SUM(AC70:AC75) = 60), OR(COUNT(AC76:AC81) = 0, SUM(AC76:AC81) = 60), OR(COUNT(AC82:AC87) = 0, SUM(AC82:AC87) = 60), OR(COUNT(AC88:AC93) = 0, SUM(AC88:AC93) = 60), OR(COUNT(AC94:AC99) = 0, SUM(AC94:AC99) = 60) ), "OK", "Errore") -> OK
A3: ORA | B3: postazione | C3: attività | D3: quantità | E3: minuti | F3: postazione | G3: attività | H3: quantità | I3: minuti | J3: postazione | K3: attività | L3: quantità | M3: minuti | N3: postazione | O3: attività | P3: quantità | Q3: minuti | R3: postazione | S3: attività | T3: quantità | U3: minuti | V3: postazione | W3: attività | X3: quantità | Y3: minuti | Z3: postazione | AA3: attività | AB3: quantità | AC3: minuti
A4: 07:30 08:30
A10: 08:30 09:30
A16: 09:30 10:30
A22: 10:30 11:30
A28: 11:30 12:30
A34: 12:30 13:30
A40: 13:30 14:30
A46: 14:30 15:30
A52: 15:30 16:30
A58: 16:30 17:30
A64: 17:30 18:30
A70: 18:30 19:30
... A94: 22:30 23:30

Sheet ZOILA
B1: =elenchi!B10 -> ZOILA | F1: =elenchi!D2 ->  SETTIMANA - B | H1:  DA: | J1: =elenchi!E2 -> LUNEDI 11 A SABATO 16 NOVEMBRE 2024
B2: LUNEDÌ | E2: =IF(AND( OR(COUNT(E4:E9) = 0, SUM(E4:E9) = 60), OR(COUNT(E10:E15) = 0, SUM(E10:E15) = 60), OR(COUNT(E16:E21) = 0, SUM(E16:E21) = 60), OR(COUNT(E22:E27) = 0, SUM(E22:E27) = 60), OR(COUNT(E28:E33) = 0, SUM(E28:E33) = 60), OR(COUNT(E40:E45) = 0, SUM(E40:E45) = 60), OR(COUNT(E46:E51) = 0, SUM(E46:E51) = 60), OR(COUNT(E52:E57) = 0, SUM(E52:E57) = 60), OR(COUNT(E58:E63) = 0, SUM(E58:E63) = 60), OR(COUNT(E64:E69) = 0, SUM(E64:E69) = 60), OR(COUNT(E70:E75) = 0, SUM(E70:E75) = 60), OR(COUNT(E76:E81) = 0, SUM(E76:E81) = 60), OR(COUNT(E82:E87) = 0, SUM(E82:E87) = 60), OR(COUNT(E88:E93) = 0, SUM(E88:E93) = 60), OR(COUNT(E94:E99) = 0, SUM(E94:E99) = 60) ), "OK", "Errore") -> OK | F2: MARTEDÌ | I2: =IF(AND( OR(COUNT(I4:I9) = 0, SUM(I4:I9) = 60), OR(COUNT(I10:I15) = 0, SUM(I10:I15) = 60), OR(COUNT(I16:I21) = 0, SUM(I16:I21) = 60), OR(COUNT(I22:I27) = 0, SUM(I22:I27) = 60), OR(COUNT(I28:I33) = 0, SUM(I28:I33) = 60), OR(COUNT(I40:I45) = 0, SUM(I40:I45) = 60), OR(COUNT(I46:I51) = 0, SUM(I46:I51) = 60), OR(COUNT(I52:I57) = 0, SUM(I52:I57) = 60), OR(COUNT(I58:I63) = 0, SUM(I58:I63) = 60), OR(COUNT(I64:I69) = 0, SUM(I64:I69) = 60), OR(COUNT(I70:I75) = 0, SUM(I70:I75) = 60), OR(COUNT(I76:I81) = 0, SUM(I76:I81) = 60), OR(COUNT(I82:I87) = 0, SUM(I82:I87) = 60), OR(COUNT(I88:I93) = 0, SUM(I88:I93) = 60), OR(COUNT(I94:I99) = 0, SUM(I94:I99) = 60) ), "OK", "Errore") -> OK | J2: MERCOLEDÌ | M2: =IF(AND( OR(COUNT(M4:M9) = 0, SUM(M4:M9) = 60), OR(COUNT(M10:M15) = 0, SUM(M10:M15) = 60), OR(COUNT(M16:M21) = 0, SUM(M16:M21) = 60), OR(COUNT(M22:M27) = 0, SUM(M22:M27) = 60), OR(COUNT(M28:M33) = 0, SUM(M28:M33) = 60), OR(COUNT(M40:M45) = 0, SUM(M40:M45) = 60), OR(COUNT(M46:M51) = 0, SUM(M46:M51) = 60), OR(COUNT(M52:M57) = 0, SUM(M52:M57) = 60), OR(COUNT(M58:M63) = 0, SUM(M58:M63) = 60), OR(COUNT(M64:M69) = 0, SUM(M64:M69) = 60), OR(COUNT(M70:M75) = 0, SUM(M70:M75) = 60), OR(COUNT(M76:M81) = 0, SUM(M76:M81) = 60), OR(COUNT(M82:M87) = 0, SUM(M82:M87) = 60), OR(COUNT(M88:M93) = 0, SUM(M88:M93) = 60), OR(COUNT(M94:M99) = 0, SUM(M94:M99) = 60) ), "OK", "Errore") -> OK | N2: GIOVEDÌ | Q2: =IF(AND( OR(COUNT(Q4:Q9) = 0, SUM(Q4:Q9) = 60), OR(COUNT(Q10:Q15) = 0, SUM(Q10:Q15) = 60), OR(COUNT(Q16:Q21) = 0, SUM(Q16:Q21) = 60), OR(COUNT(Q22:Q27) = 0, SUM(Q22:Q27) = 60), OR(COUNT(Q28:Q33) = 0, SUM(Q28:Q33) = 60), OR(COUNT(Q40:Q45) = 0, SUM(Q40:Q45) = 60), OR(COUNT(Q46:Q51) = 0, SUM(Q46:Q51) = 60), OR(COUNT(Q52:Q57) = 0, SUM(Q52:Q57) = 60), OR(COUNT(Q58:Q63) = 0, SUM(Q58:Q63) = 60), OR(COUNT(Q64:Q69) = 0, SUM(Q64:Q69) = 60), OR(COUNT(Q70:Q75) = 0, SUM(Q70:Q75) = 60), OR(COUNT(Q76:Q81) = 0, SUM(Q76:Q81) = 60), OR(COUNT(Q82:Q87) = 0, SUM(Q82:Q87) = 60), OR(COUNT(Q88:Q93) = 0, SUM(Q88:Q93) = 60), OR(COUNT(Q94:Q99) = 0, SUM(Q94:Q99) = 60) ), "OK", "Errore") -> OK | R2: VENERDÌ | U2: =IF(AND( OR(COUNT(U4:U9) = 0, SUM(U4:U9) = 60), OR(COUNT(U10:U15) = 0, SUM(U10:U15) = 60), OR(COUNT(U16:U21) = 0, SUM(U16:U21) = 60), OR(COUNT(U22:U27) = 0, SUM(U22:U27) = 60), OR(COUNT(U28:U33) = 0, SUM(U28:U33) = 60), OR(COUNT(U40:U45) = 0, SUM(U40:U45) = 60), OR(COUNT(U46:U51) = 0, SUM(U46:U51) = 60), OR(COUNT(U52:U57) = 0, SUM(U52:U57) = 60), OR(COUNT(U58:U63) = 0, SUM(U58:U63) = 60), OR(COUNT(U64:U69) = 0, SUM(U64:U69) = 60), OR(COUNT(U70:U75) = 0, SUM(U70:U75) = 60), OR(COUNT(U76:U81) = 0, SUM(U76:U81) = 60), OR(COUNT(U82:U87) = 0, SUM(U82:U87) = 60), OR(COUNT(U88:U93) = 0, SUM(U88:U93) = 60), OR(COUNT(U94:U99) = 0, SUM(U94:U99) = 60) ), "OK", "Errore") -> OK | V2: SABATO | Y2: =IF(AND( OR(COUNT(Y4:Y9) = 0, SUM(Y4:Y9) = 60), OR(COUNT(Y10:Y15) = 0, SUM(Y10:Y15) = 60), OR(COUNT(Y16:Y21) = 0, SUM(Y16:Y21) = 60), OR(COUNT(Y22:Y27) = 0, SUM(Y22:Y27) = 60), OR(COUNT(Y28:Y33) = 0, SUM(Y28:Y33) = 60), OR(COUNT(Y40:Y45) = 0, SUM(Y40:Y45) = 60), OR(COUNT(Y46:Y51) = 0, SUM(Y46:Y51) = 60), OR(COUNT(Y52:Y57) = 0, SUM(Y52:Y57) = 60), OR(COUNT(Y58:Y63) = 0, SUM(Y58:Y63) = 60), OR(COUNT(Y64:Y69) = 0, SUM(Y64:Y69) = 60), OR(COUNT(Y70:Y75) = 0, SUM(Y70:Y75) = 60), OR(COUNT(Y76:Y81) = 0, SUM(Y76:Y81) = 60), OR(COUNT(Y82:Y87) = 0, SUM(Y82:Y87) = 60), OR(COUNT(Y88:Y93) = 0, SUM(Y88:Y93) = 60), OR(COUNT(Y94:Y99) = 0, SUM(Y94:Y99) = 60) ), "OK", "Errore") -> OK | Z2: DOMENICA | AC2: =IF(AND( OR(COUNT(AC4:AC9) = 0, SUM(AC4:AC9) = 60), OR(COUNT(AC10:AC15) = 0, SUM(AC10:AC15) = 60), OR(COUNT(AC16:AC21) = 0, SUM(AC16:AC21) = 60), OR(COUNT(AC22:AC27) = 0, SUM(AC22:AC27) = 60), OR(COUNT(AC28:AC33) = 0, SUM(AC28:AC33) = 60), OR(COUNT(AC40:AC45) = 0, SUM(AC40:AC45) = 60), OR(COUNT(AC46:AC51) = 0, SUM(AC46:AC51) = 60), OR(COUNT(AC52:AC57) = 0, SUM(AC52:AC57) = 60), OR(COUNT(AC58:AC63) = 0, SUM(AC58:AC63) = 60), OR(COUNT(AC64:AC69) = 0, SUM(AC64:AC69) = 60), OR(COUNT(AC70:AC75) = 0, SUM(AC70:AC75) = 60), OR(COUNT(AC76:AC81) = 0, SUM(AC76:AC81) = 60), OR(COUNT(AC82:AC87) = 0, SUM(AC82:AC87) = 60), OR(COUNT(AC88:AC93) = 0, SUM(AC88:AC93) = 60), OR(COUNT(AC94:AC99) = 0, SUM(AC94:AC99) = 60) ), "OK", "Errore") -> OK
A3: ORA | B3: postazione | C3: attività | D3: quantità | E3: minuti | F3: postazione | G3: attività | H3: quantità | I3: minuti | J3: postazione | K3: attività | L3: quantità | M3: minuti | N3: postazione | O3: attività | P3: quantità | Q3: minuti | R3: postazione | S3: attività | T3: quantità | U3: minuti | V3: postazione | W3: attività | X3: quantità | Y3: minuti | Z3: postazione | AA3: attività | AB3: quantità | AC3: minuti
A4: 07:30 08:30
A10: 08:30 09:30
A16: 09:30 10:30
A22: 10:30 11:30
A28: 11:30 12:30
A34: 12:30 13:30
A40: 13:30 14:30
A46: 14:30 15:30
A52: 15:30 16:30
A58: 16:30 17:30
A64: 17:30 18:30
A70: 18:30 19:30
... A94: 22:30 23:30

Sheet JASIR
B1: =elenchi!B14 -> JASIR | F1: =elenchi!D2 ->  SETTIMANA - B | H1:  DA: | J1: =elenchi!E2 -> LUNEDI 11 A SABATO 16 NOVEMBRE 2024
B2: LUNEDÌ | E2: =IF(AND( OR(COUNT(E4:E9) = 0, SUM(E4:E9) = 60), OR(COUNT(E10:E15) = 0, SUM(E10:E15) = 60), OR(COUNT(E16:E21) = 0, SUM(E16:E21) = 60), OR(COUNT(E22:E27) = 0, SUM(E22:E27) = 60), OR(COUNT(E28:E33) = 0, SUM(E28:E33) = 60), OR(COUNT(E40:E45) = 0, SUM(E40:E45) = 60), OR(COUNT(E46:E51) = 0, SUM(E46:E51) = 60), OR(COUNT(E52:E57) = 0, SUM(E52:E57) = 60), OR(COUNT(E58:E63) = 0, SUM(E58:E63) = 60), OR(COUNT(E64:E69) = 0, SUM(E64:E69) = 60), OR(COUNT(E70:E75) = 0, SUM(E70:E75) = 60), OR(COUNT(E76:E81) = 0, SUM(E76:E81) = 60), OR(COUNT(E82:E87) = 0, SUM(E82:E87) = 60), OR(COUNT(E88:E93) = 0, SUM(E88:E93) = 60), OR(COUNT(E94:E99) = 0, SUM(E94:E99) = 60) ), "OK", "Errore") -> OK | F2: MARTEDÌ | I2: =IF(AND( OR(COUNT(I4:I9) = 0, SUM(I4:I9) = 60), OR(COUNT(I10:I15) = 0, SUM(I10:I15) = 60), OR(COUNT(I16:I21) = 0, SUM(I16:I21) = 60), OR(COUNT(I22:I27) = 0, SUM(I22:I27) = 60), OR(COUNT(I28:I33) = 0, SUM(I28:I33) = 60), OR(COUNT(I40:I45) = 0, SUM(I40:I45) = 60), OR(COUNT(I46:I51) = 0, SUM(I46:I51) = 60), OR(COUNT(I52:I57) = 0, SUM(I52:I57) = 60), OR(COUNT(I58:I63) = 0, SUM(I58:I63) = 60), OR(COUNT(I64:I69) = 0, SUM(I64:I69) = 60), OR(COUNT(I70:I75) = 0, SUM(I70:I75) = 60), OR(COUNT(I76:I81) = 0, SUM(I76:I81) = 60), OR(COUNT(I82:I87) = 0, SUM(I82:I87) = 60), OR(COUNT(I88:I93) = 0, SUM(I88:I93) = 60), OR(COUNT(I94:I99) = 0, SUM(I94:I99) = 60) ), "OK", "Errore") -> OK | J2: MERCOLEDÌ | M2: =IF(AND( OR(COUNT(M4:M9) = 0, SUM(M4:M9) = 60), OR(COUNT(M10:M15) = 0, SUM(M10:M15) = 60), OR(COUNT(M16:M21) = 0, SUM(M16:M21) = 60), OR(COUNT(M22:M27) = 0, SUM(M22:M27) = 60), OR(COUNT(M28:M33) = 0, SUM(M28:M33) = 60), OR(COUNT(M40:M45) = 0, SUM(M40:M45) = 60), OR(COUNT(M46:M51) = 0, SUM(M46:M51) = 60), OR(COUNT(M52:M57) = 0, SUM(M52:M57) = 60), OR(COUNT(M58:M63) = 0, SUM(M58:M63) = 60), OR(COUNT(M64:M69) = 0, SUM(M64:M69) = 60), OR(COUNT(M70:M75) = 0, SUM(M70:M75) = 60), OR(COUNT(M76:M81) = 0, SUM(M76:M81) = 60), OR(COUNT(M82:M87) = 0, SUM(M82:M87) = 60), OR(COUNT(M88:M93) = 0, SUM(M88:M93) = 60), OR(COUNT(M94:M99) = 0, SUM(M94:M99) = 60) ), "OK", "Errore") -> OK | N2: GIOVEDÌ | Q2: =IF(AND( OR(COUNT(Q4:Q9) = 0, SUM(Q4:Q9) = 60), OR(COUNT(Q10:Q15) = 0, SUM(Q10:Q15) = 60), OR(COUNT(Q16:Q21) = 0, SUM(Q16:Q21) = 60), OR(COUNT(Q22:Q27) = 0, SUM(Q22:Q27) = 60), OR(COUNT(Q28:Q33) = 0, SUM(Q28:Q33) = 60), OR(COUNT(Q40:Q45) = 0, SUM(Q40:Q45) = 60), OR(COUNT(Q46:Q51) = 0, SUM(Q46:Q51) = 60), OR(COUNT(Q52:Q57) = 0, SUM(Q52:Q57) = 60), OR(COUNT(Q58:Q63) = 0, SUM(Q58:Q63) = 60), OR(COUNT(Q64:Q69) = 0, SUM(Q64:Q69) = 60), OR(COUNT(Q70:Q75) = 0, SUM(Q70:Q75) = 60), OR(COUNT(Q76:Q81) = 0, SUM(Q76:Q81) = 60), OR(COUNT(Q82:Q87) = 0, SUM(Q82:Q87) = 60), OR(COUNT(Q88:Q93) = 0, SUM(Q88:Q93) = 60), OR(COUNT(Q94:Q99) = 0, SUM(Q94:Q99) = 60) ), "OK", "Errore") -> OK | R2: VENERDÌ | U2: =IF(AND( OR(COUNT(U4:U9) = 0, SUM(U4:U9) = 60), OR(COUNT(U10:U15) = 0, SUM(U10:U15) = 60), OR(COUNT(U16:U21) = 0, SUM(U16:U21) = 60), OR(COUNT(U22:U27) = 0, SUM(U22:U27) = 60), OR(COUNT(U28:U33) = 0, SUM(U28:U33) = 60), OR(COUNT(U40:U45) = 0, SUM(U40:U45) = 60), OR(COUNT(U46:U51) = 0, SUM(U46:U51) = 60), OR(COUNT(U52:U57) = 0, SUM(U52:U57) = 60), OR(COUNT(U58:U63) = 0, SUM(U58:U63) = 60), OR(COUNT(U64:U69) = 0, SUM(U64:U69) = 60), OR(COUNT(U70:U75) = 0, SUM(U70:U75) = 60), OR(COUNT(U76:U81) = 0, SUM(U76:U81) = 60), OR(COUNT(U82:U87) = 0, SUM(U82:U87) = 60), OR(COUNT(U88:U93) = 0, SUM(U88:U93) = 60), OR(COUNT(U94:U99) = 0, SUM(U94:U99) = 60) ), "OK", "Errore") -> OK | V2: SABATO | Y2: =IF(AND( OR(COUNT(Y4:Y9) = 0, SUM(Y4:Y9) = 60), OR(COUNT(Y10:Y15) = 0, SUM(Y10:Y15) = 60), OR(COUNT(Y16:Y21) = 0, SUM(Y16:Y21) = 60), OR(COUNT(Y22:Y27) = 0, SUM(Y22:Y27) = 60), OR(COUNT(Y28:Y33) = 0, SUM(Y28:Y33) = 60), OR(COUNT(Y40:Y45) = 0, SUM(Y40:Y45) = 60), OR(COUNT(Y46:Y51) = 0, SUM(Y46:Y51) = 60), OR(COUNT(Y52:Y57) = 0, SUM(Y52:Y57) = 60), OR(COUNT(Y58:Y63) = 0, SUM(Y58:Y63) = 60), OR(COUNT(Y64:Y69) = 0, SUM(Y64:Y69) = 60), OR(COUNT(Y70:Y75) = 0, SUM(Y70:Y75) = 60), OR(COUNT(Y76:Y81) = 0, SUM(Y76:Y81) = 60), OR(COUNT(Y82:Y87) = 0, SUM(Y82:Y87) = 60), OR(COUNT(Y88:Y93) = 0, SUM(Y88:Y93) = 60), OR(COUNT(Y94:Y99) = 0, SUM(Y94:Y99) = 60) ), "OK", "Errore") -> OK | Z2: DOMENICA | AC2: =IF(AND( OR(COUNT(AC4:AC9) = 0, SUM(AC4:AC9) = 60), OR(COUNT(AC10:AC15) = 0, SUM(AC10:AC15) = 60), OR(COUNT(AC16:AC21) = 0, SUM(AC16:AC21) = 60), OR(COUNT(AC22:AC27) = 0, SUM(AC22:AC27) = 60), OR(COUNT(AC28:AC33) = 0, SUM(AC28:AC33) = 60), OR(COUNT(AC40:AC45) = 0, SUM(AC40:AC45) = 60), OR(COUNT(AC46:AC51) = 0, SUM(AC46:AC51) = 60), OR(COUNT(AC52:AC57) = 0, SUM(AC52:AC57) = 60), OR(COUNT(AC58:AC63) = 0, SUM(AC58:AC63) = 60), OR(COUNT(AC64:AC69) = 0, SUM(AC64:AC69) = 60), OR(COUNT(AC70:AC75) = 0, SUM(AC70:AC75) = 60), OR(COUNT(AC76:AC81) = 0, SUM(AC76:AC81) = 60), OR(COUNT(AC82:AC87) = 0, SUM(AC82:AC87) = 60), OR(COUNT(AC88:AC93) = 0, SUM(AC88:AC93) = 60), OR(COUNT(AC94:AC99) = 0, SUM(AC94:AC99) = 60) ), "OK", "Errore") -> OK
A3: ORA | B3: postazione | C3: attività | D3: quantità | E3: minuti | F3: postazione | G3: attività | H3: quantità | I3: minuti | J3: postazione | K3: attività | L3: quantità | M3: minuti | N3: postazione | O3: attività | P3: quantità | Q3: minuti | R3: postazione | S3: attività | T3: quantità | U3: minuti | V3: postazione | W3: attività | X3: quantità | Y3: minuti | Z3: postazione | AA3: attività | AB3: quantità | AC3: minuti
A4: 07:30 08:30
A10: 08:30 09:30
A16: 09:30 10:30
A22: 10:30 11:30
A28: 11:30 12:30
A34: 12:30 13:30
A40: 13:30 14:30
A46: 14:30 15:30
A52: 15:30 16:30
A58: 16:30 17:30
A64: 17:30 18:30
A70: 18:30 19:30
... A94: 22:30 23:30

Sheet elenchi
A1: postazioni | B1: team | C1: attività manutenzione | D1: settimana | E1: periodo
A2: AMM.ZIONE | B2: ALEXANDRA | C2: aperto i piani, acceso le tv, controllato le pulizie | D2:  SETTIMANA - B | E2: LUNEDI 11 A SABATO 16 NOVEMBRE 2024
A3: MALATTIA | B3: GIUDITTA | C3: controllato presenza attrezzi negli studio
A4: PAUSA | B4: ESTEFANY | C4: pulito attrezzi negli studio | D4:  SETTIMANA - C | E4: LUNEDI 18 A SABATO 23 NOVEMBRE 2024
A5: PERMESSO | B5: NURA | C5: inventario merce adidas | D5:  SETTIMANA - D | E5: LUNEDI 25 A SABATO 30 NOVEMBRE 2024
A6: PRIMO | B6: VITTORIO | C6: inventario merce freddy | D6:  SETTIMANA - E | E6: LUNEDI 02 A SABATO 07 DICEMBRE 2024
A7: RECEPTION | B7: JOEL | C7: inventario attrezzature | D7:  SETTIMANA - A | E7: LUNEDI 04 A SABATO 09 NOVEMBRE 2024
A8: RIUNIONE | B8: KEVIN | C8: riordinato magazzino
A9: SECONDO | B9: YURI | C9: controllato pulizie bagni
A10: STUDIO 1 | B10: ZOILA | C10: controllato impianti audio
A11: STUDIO 2 | B11: SARA | C11: controllato impianti luci
A12: UFFICIO | B12: SANTO | C12: appeso attrezzi per Aerial
B13: MASSI | C13: messo pali per Pole
B14: JASIR | C14: chiamato assistenza esterna
