Workbook

Sheet Settembre25
A1: 45901 | B1: =elenchi!A1 -> ALEXANDRA | C1: =elenchi!A2 -> GIUDITTA | D1: =elenchi!A3 -> ESTEFANY | E1: =elenchi!A4 -> NURA | F1: =elenchi!A5 -> JOEL | G1: =elenchi!A6 -> KEVIN | H1: =elenchi!A7 -> ZOILA | I1: =elenchi!A8 -> JASIR | J1: =elenchi!A9 -> SARA | K1: =elenchi!A10 -> SANTO | L1: =elenchi!A11 -> MASSI | M1: =elenchi!A12 -> STEFANO | N1: =elenchi!A13 -> DIEGO | O1: =elenchi!A14 -> ELISA | P1: =elenchi!A15 -> GAETANO
A2: 45901 | B2: 8 | C2: 8 | D2: 8 | E2: 8 | F2: ML | G2: 8 | H2: 8 | I2: 7.5 | J2: 8 | K2: 8 | L2: 8 | O2: 8 | P2: 8
A3: 45902 | B3: 8 | C3: 8 | D3: 8 | E3: 8 | F3: ML | G3: 8 | H3: 8 | I3: 8 | J3: 8 | K3: 8 | L3: 8 | O3: 8 | P3: 8
A4: 45903 | B4: 8 | C4: 7.5 | D4: 6 | E4: 8 | F4: ML | G4: 8 | H4: 8 | I4: 8 | J4: 8 | K4: 8 | L4: 9 | O4: 8 | P4: 8
A5: 45904 | B5: 8 | C5: 8 | D5: 8 | E5: 8 | F5: ML | G5: PE | H5: 8 | I5: 8 | J5: 9 | K5: 8 | L5: 8 | O5: 8 | P5: 8
A6: 45905 | B6: 8 | C6: 8 | D6: 8 | E6: 8 | F6: ML | G6: PE | H6: 8 | I6: 8 | J6: 8 | K6: 8 | L6: 9 | O6: 8 | P6: 8
A7: 45906 | B7: 8 | E7: 8 | F7: ML | G7: 8 | H7: 8 | I7: 8 | J7: 2
A8: 45907 | J8: 10
A9: 45908 | B9: 9.5 | C9: 9.5 | D9: 9.5 | E9: 9.5 | F9: ML | G9: 8 | H9: 8 | I9: 8 | J9: 8 | K9: 9 | L9: 8 | O9: 8 | P9: 8
A10: 45909 | B10: 9.5 | C10: 9.5 | D10: 9.5 | E10: 9.5 | F10: ML | G10: 8 | H10: 8 | I10: 8 | J10: 8 | K10: 9 | L10: 8 | O10: 8 | P10: 8
A11: 45910 | B11: 10.5 | C11: 9.5 | D11: 9.5 | E11: 9.5 | F11: ML | G11: 8 | H11: 8 | I11: 8 | J11: 8 | K11: 9 | L11: 9 | O11: 8 | P11: 8
A12: 45911 | B12: 9.5 | C12: 9.5 | D12: 9.5 | E12: 9.5 | F12: ML | G12: 8 | H12: 8 | I12: 8 | J12: 11.5 | K12: 9 | L12: 8 | O12: 8 | P12: 8
A13: 45912 | B13: 9.5 | C13: 9.5 | D13: 9.5 | E13: 9.5 | F13: ML | G13: 8 | H13: 8 | I13: 8 | J13: 8 | K13: 9 | L13: 9 | O13: 8 | P13: 8
A14: 45913 | B14: 8 | D14: 8 | E14: 8 | F14: ML | G14: 8 | H14: 8 | I14: 8
A15: 45914
A16: 45915 | B16: 11.5 | C16: 9.5 | D16: 9.5 | E16: 9.5 | F16: 8 | G16: 8 | H16: 8 | I16: 8 | J16: 8 | K16: 8 | L16: 8 | M16: 8 | O16: 8 | P16: 8
A17: 45916 | B17: 9.5 | C17: 9.5 | D17: 9.5 | E17: 9.5 | F17: 8 | G17: 8 | H17: 8 | I17: 8 | J17: 11.5 | K17: 8 | L17: 8 | M17: 8 | O17: 8 | P17: 8
A18: 45917 | B18: 9.5 | C18: 9.5 | D18: 9.5 | E18: 9.5 | F18: 9 | G18: 8 | H18: 8 | I18: 8 | J18: 11.5 | K18: 8 | L18: 9 | M18: 8 | O18: 8 | P18: 8
A19: 45918 | B19: 9.5 | C19: 9.5 | D19: 9.5 | E19: 9.5 | F19: 9 | G19: 8 | H19: 8 | I19: 8 | J19: 11.5 | K19: 8 | L19: 8 | M19: 8 | O19: 8 | P19: 8
A20: 45919 | B20: 9.5 | C20: 9.5 | D20: 9.5 | E20: 9.5 | F20: 9 | G20: 8 | H20: 8 | I20: 8 | J20: 8 | K20: 8 | L20: 9 | M20: 8 | O20: 8 | P20: 8
A21: 45920 | B21: 8 | D21: 8 | F21: 8 | G21: 8 | I21: 8 | M21: 5
A22: 45921 | G22: 6.5
A23: 45922 | B23: 10 | C23: 9.5 | D23: 9.5 | E23: 9.5 | F23: 8 | G23: 8 | H23: 8 | I23: 8 | J23: 7 | K23: 8 | L23: 8 | M23: 8 | O23: 8 | P23: 8
A24: 45923 | B24: 9.5 | C24: 9.5 | D24: 9.5 | E24: 9.5 | F24: 8 | G24: 8 | H24: 8 | J24: 11.5 | K24: 8 | L24: 8 | M24: 8 | O24: 8 | P24: 8
A25: 45924 | B25: 9.5 | C25: 9.5 | D25: 9.5 | E25: 9.5 | F25: 8 | G25: 8 | H25: 8 | I25: 7.5 | J25: 11.5 | K25: 8 | L25: 9 | M25: 8 | O25: 8 | P25: 8
A26: 45925 | B26: 9.5 | C26: 9.5 | D26: 9.5 | E26: 9.5 | F26: 4 | G26: 4 | H26: 8 | I26: 7.5 | J26: 8 | K26: 8 | L26: 8 | M26: 8 | O26: 8 | P26: 8
A27: 45926 | B27: 9.5 | C27: 9.5 | D27: 9.5 | E27: 9.5 | F27: 8 | G27: 4 | H27: 8 | I27: 7.5 | J27: 8 | K27: 8 | L27: 9 | M27: 7 | O27: 8 | P27: 8
A28: 45927 | B28: 8 | D28: 8 | E28: 8 | F28: 8 | H28: 8 | I28: 8 | M28: 5
A29: 45928
A30: 45929 | B30: 9.5 | C30: 9.5 | D30: 9.5 | E30: 9.5 | F30: 8 | G30: 8 | H30: 8 | I30: 8 | J30: 8 | K30: 8 | L30: 8 | M30: 8 | O30: 8 | P30: 8
A31: 45930 | B31: 9.5 | C31: 9.5 | D31: 9.5 | E31: 9.5 | F31: 4.5 | G31: 10 | H31: 8 | I31: 8 | J31: 8 | K31: 8 | L31: 8 | M31: 8 | O31: 8 | P31: 8
A33: TOTALE ore mese | B33: =SUM(B2:B32) -> 237 | C33: =SUM(C2:C32) -> 201 | D33: =SUM(D2:D32) -> 223.5 | E33: =SUM(E2:E32) -> 225.5 | F33: =SUM(F2:F32) -> 107.5 | G33: =SUM(G2:G32) -> 184.5 | H33: =SUM(H2:H32) -> 200 | I33: =SUM(I2:I32) -> 198 | ... P33: =SUM(P2:P32) -> 176
A34: Totale ore BUSTA | B34: 176 | C34: 176 | D34: 176 | E34: 176 | F34: 176 | G34: 176 | H34: 176 | I34: 176 | J34: 176 | K34: 176 | L34: 176 | M34: 105 | O34: 176 | P34: 176
A35: Totale ora extra | B35: =B33-B34 -> 61 | C35: =C33-C34 -> 25 | D35: =D33-D34 -> 47.5 | E35: =E33-E34 -> 49.5 | F35: =F33-F34 -> -68.5 | G35: =G33-G34 -> 8.5 | H35: =H33-H34 -> 24 | I35: =I33-I34 -> 22 | ... P35: =P33-P34 -> 0
A36: importo in busta | B36: 1900 | C36: 1850 | D36: 1850 | E36: 1750 | G36: 1500 | H36: 1300 | I36: 1300 | J36: 1800 | K36: 2600 | M36: 680 | O36: 2000 | P36: 2000
A37: importo tiket edenred | B37: 104 | C37: 104 | D37: 104 | E37: 104 | F37: 104 | G37: 104 | H37: 104 | I37: 104 | J37: 104 | K37: 104 | O37: 104 | P37: 104
A38: costi orari | B38: =elenchi!B28 -> "Ale 9€/ora, Giad 10€/ora, Estefany 9€/ora, Nura 8€/ora, Joel 8€/ora Kevin 8€/ora, Jassir 7€/ora, Zoila 7€/ora, Sara 9€/ora, Massi 9€/ora, Santo fisso"
A39: note

Sheet Ottobre25
A1: 45931 | B1: =elenchi!A1 -> ALEXANDRA | C1: =elenchi!A2 -> GIUDITTA | D1: =elenchi!A3 -> ESTEFANY | E1: =elenchi!A4 -> NURA | F1: =elenchi!A5 -> JOEL | G1: =elenchi!A6 -> KEVIN | H1: =elenchi!A7 -> ZOILA | I1: =elenchi!A8 -> JASIR | J1: =elenchi!A9 -> SARA | K1: =elenchi!A10 -> SANTO | L1: =elenchi!A11 -> MASSI | M1: =elenchi!A12 -> STEFANO | N1: =elenchi!A13 -> DIEGO | O1: =elenchi!A14 -> ELISA | P1: =elenchi!A15 -> GAETANO
A2: 45931 | B2: 13.5 | C2: 9.5 | D2: 9.5 | E2: 9.5 | F2: Pe | G2: 8 | H2: 8 | I2: 8 | J2: 8 | K2: 8 | L2: 9 | M2: Pe | O2: 8 | P2: 8
A3: 45932 | B3: 9.5 | C3: 9.5 | D3: 9.5 | E3: 9.5 | F3: 8 | G3: 8 | H3: 8 | I3: 8 | J3: 8 | K3: 8 | L3: 8 | M3: 8 | O3: 8 | P3: 8
A4: 45933 | B4: 9.5 | C4: 9.5 | D4: 9.5 | E4: 8 | F4: 8 | G4: 8 | H4: Pe | I4: 8 | J4: 8 | K4: 8 | L4: 9 | M4: 8 | O4: 8 | P4: 8
A5: 45934 | B5: 8 | D5: 8 | F5: 8 | G5: 8 | H5: 8 | I5: 8 | M5: 5
A6: 45935
A7: 45936 | B7: 9 | C7: 8 | D7: 8 | E7: 8 | F7: 8 | G7: 8 | H7: 8 | I7: 8 | J7: Pe | K7: 8 | L7: 8 | M7: 8 | O7: 8 | P7: 8
A8: 45937 | B8: 9 | C8: 8 | D8: 7.5 | E8: 8 | F8: 8 | G8: 8 | H8: 8 | I8: 8 | J8: Pe | K8: 8 | L8: 8 | M8: 8 | O8: 8 | P8: 8
A9: 45938 | B9: 10 | C9: 8 | D9: 8 | E9: 8 | F9: 2 | G9: 8 | H9: 8 | I9: 8 | J9: Pe | K9: 8 | L9: 9 | M9: 8 | O9: 8 | P9: 8
A10: 45939 | B10: 9 | C10: 8 | D10: 8 | E10: 8 | F10: ML | G10: 8 | H10: 8 | I10: 8 | J10: 8 | K10: 8 | L10: 8 | M10: 8 | O10: 8 | P10: 8
A11: 45940 | B11: 8 | C11: 8.5 | D11: 8 | E11: 8 | F11: ML | G11: 8 | H11: 8 | I11: 8 | J11: 8 | K11: 8 | L11: 9 | M11: 8 | O11: 8 | P11: 8
A12: 45941 | B12: 8 | E12: 8 | F12: 8 | G12: Pe | H12: 7 | I12: 8 | M12: 5
A13: 45942
A14: 45943 | B14: 9 | C14: 9.5 | D14: 8 | E14: 8 | F14: 8 | G14: 8 | H14: 8 | I14: 8 | J14: 8 | K14: 8 | L14: 9 | M14: 8 | O14: 8 | P14: 8
A15: 45944 | B15: 9.5 | C15: 8 | D15: 8 | E15: 9.5 | F15: 8 | G15: 8 | H15: Pe | I15: 8 | J15: 8 | K15: 8 | L15: 8 | M15: 8 | O15: 8 | P15: 8
A16: 45945 | B16: 9 | C16: 9.5 | D16: 8 | E16: 8 | F16: 8 | G16: 8 | H16: 8 | I16: 8 | J16: 8 | K16: 8 | L16: 9 | M16: 8 | O16: 8 | P16: 8
A17: 45946 | B17: 9 | C17: 8 | D17: 9.5 | E17: 8 | F17: 8 | G17: 8 | H17: 5.5 | I17: 8 | J17: 8 | K17: 8 | L17: 8 | M17: 8 | O17: 8 | P17: 8
A18: 45947 | B18: 8 | C18: 8.5 | D18: 8 | E18: 8 | F18: ML | G18: 8 | H18: No | I18: 8 | J18: 8 | K18: 8 | L18: 9 | M18: 8 | O18: 8 | P18: 8
A19: 45948 | D19: 8 | E19: 8 | F19: 8 | G19: 9 | H19: No | I19: No | M19: 5
A20: 45949 | B20: 8 | G20: 8 | J20: 3.5
A21: 45950 | B21: 9 | C21: 9.5 | D21: 8 | E21: 8 | F21: 8 | G21: 8 | H21: 8 | I21: 8 | J21: 8 | K21: 8 | L21: 9 | M21: 8 | O21: 8 | P21: 8
A22: 45951 | B22: 9.5 | C22: 8 | D22: 8 | E22: 9.5 | F22: 8 | G22: 4.5 | H22: 8 | I22: 8 | J22: 8 | K22: 8 | L22: 8 | M22: 8 | O22: 8 | P22: 8
A23: 45952 | B23: 9 | C23: 9.5 | D23: 8 | E23: 8 | F23: 8 | G23: 8 | H23: 8 | I23: 8 | J23: 8 | K23: 8 | L23: 8 | M23: Pe | O23: 8 | P23: 8
A24: 45953 | B24: 9.5 | C24: 8 | D24: 9.5 | E24: 8 | F24: 8 | G24: 8 | H24: 8 | I24: 8 | J24: 8 | K24: 8 | L24: 8 | M24: 8 | O24: 8 | P24: 8
A25: 45954 | B25: 8 | C25: 8.5 | D25: 8 | E25: 8 | F25: 8 | G25: 8 | H25: 8 | I25: 8 | J25: 8 | K25: 8 | L25: 9 | M25: 8 | O25: 8 | P25: 8
A26: 45955 | D26: 8 | E26: 8 | F26: 8 | G26: 10 | H26: No | I26: 8
A27: 45956 | B27: 8.5 | H27: 8.5 | J27: 4
A28: 45957 | B28: 9 | C28: 9.5 | D28: 8 | E28: 8 | F28: 8 | G28: 8 | H28: 8 | I28: 8 | J28: ML | K28: 8 | L28: 9 | M28: ML | O28: 8 | P28: 8
A29: 45958 | B29: 9.5 | C29: 8 | D29: 8 | E29: 9.5 | F29: 8 | G29: 6 | H29: 8 | I29: 8 | J29: 8 | K29: 8 | L29: 8 | M29: ML | O29: 8 | P29: 8
A30: 45959 | B30: 9 | C30: 9.5 | D30: 8 | E30: 8 | F30: 8 | G30: 8 | H30: 8 | I30: 8 | J30: 8 | K30: 8 | L30: 8 | M30: ML | O30: 8 | P30: 8
A31: 45960 | B31: 9.5 | C31: 8 | D31: 9.5 | E31: 8 | F31: 8 | G31: 8 | H31: 8 | I31: 8 | J31: 8 | K31: 8 | L31: 8 | M31: ML | O31: 8 | P31: 8
A32: 45961 | B32: 8 | C32: 8.5 | D32: 8 | E32: 8 | F32: 8 | G32: Pe | H32: 8 | I32: 8 | J32: 8 | K32: 8 | L32: 9 | M32: ML | O32: 8 | P32: 8
A33: TOTALE ore mese | B33: =SUM(B2:B32) -> 244.5 | C33: =SUM(C2:C32) -> 199.5 | D33: =SUM(D2:D32) -> 216.5 | E33: =SUM(E2:E32) -> 215.5 | F33: =SUM(F2:F32) -> 178 | G33: =SUM(G2:G32) -> 205.5 | H33: =SUM(H2:H32) -> 181 | I33: =SUM(I2:I32) -> 208 | ... P33: =SUM(P2:P32) -> 184
A34: Totale ore BUSTA | B34: 184 | C34: 184 | D34: 184 | E34: 184 | F34: 184 | G34: 184 | H34: 184 | I34: 184 | J34: 184 | K34: 184 | L34: 184 | M34: 184 | O34: 184 | P34: 184
A35: Totale ora extra | B35: =B33-B34 -> 60.5 | C35: =C33-C34 -> 15.5 | D35: =D33-D34 -> 32.5 | E35: =E33-E34 -> 31.5 | F35: =F33-F34 -> -6 | G35: =G33-G34 -> 21.5 | H35: =H33-H34 -> -3 | I35: =I33-I34 -> 24 | ... P35: =P33-P34 -> 0
A36: importo in busta | B36: 1950 | C36: 1850 | D36: 1800 | E36: 1700 | F36: 1550 | G36: 1550 | H36: 1300 | I36: 1300 | J36: 1650 | K36: 2500 | L36: 1600 | M36: 950 | O36: 2000 | P36: 2000
A37: importo tiket edenred | B37: 104 | C37: 104 | D37: 104 | E37: 104 | F37: 104 | G37: 104 | H37: 104 | I37: 104 | J37: 104 | K37: 104 | O37: 208
A38: costi orari | B38: =elenchi!B28 -> "Ale 9€/ora, Giad 10€/ora, Estefany 9€/ora, Nura 8€/ora, Joel 8€/ora Kevin 8€/ora, Jassir 7€/ora, Zoila 7€/ora, Sara 9€/ora, Massi 9€/ora, Santo fisso"
A39: note

Sheet Novembre25
A1: 45962 | B1: =elenchi!A1 -> ALEXANDRA | C1: =elenchi!A2 -> GIUDITTA | D1: =elenchi!A3 -> ESTEFANY | E1: =elenchi!A4 -> NURA | F1: =elenchi!A5 -> JOEL | G1: =elenchi!A6 -> KEVIN | H1: =elenchi!A7 -> ZOILA | I1: =elenchi!A8 -> JASIR | J1: =elenchi!A9 -> SARA | K1: =elenchi!A10 -> SANTO | L1: =elenchi!A11 -> MASSI | M1: =elenchi!A12 -> STEFANO | N1: =elenchi!A13 -> DIEGO | O1: =elenchi!A14 -> ELISA | P1: =elenchi!A15 -> GAETANO
A2: 45962
A3: 45963
A4: 45964 | B4: 8 | C4: 8 | D4: 8 | E4: 8 | F4: 8 | G4: Pe | H4: 8 | I4: 8 | J4: 8 | K4: 8 | L4: 8 | M4: 8 | O4: 8 | P4: 8
A5: 45965 | B5: 8 | C5: 8 | D5: 8 | E5: 8 | F5: 8 | G5: Pe | H5: 8 | I5: 8 | J5: 8 | K5: 8 | L5: 8 | M5: 8 | O5: 8 | P5: 8
A6: 45966 | B6: 8 | C6: 8 | D6: 8 | E6: 8 | F6: 8 | G6: Pe | H6: 8 | I6: 8 | J6: 8 | K6: 8 | L6: 9 | M6: 8 | O6: 8 | P6: 8
A7: 45967 | B7: 8 | C7: 8 | D7: 8 | E7: 8 | F7: 8 | G7: 7 | H7: 7 | I7: 8 | J7: 8 | K7: 8 | L7: 8 | M7: 8 | O7: 8 | P7: 8
A8: 45968 | B8: 8 | C8: Pe | D8: 8 | E8: 8 | F8: 8 | G8: 8 | H8: Pe | I8: 8 | J8: 8 | K8: 8 | L8: 9 | M8: 8 | O8: 8 | P8: 8
A9: 45969 | B9: 8 | D9: 8 | F9: 8 | G9: Pe | H9: 9 | I9: 8 | M9: 5
A10: 45970 | B10: 7.5 | G10: 8 | J10: 3.5
A11: 45971 | B11: 8 | C11: 8 | D11: 8 | E11: Pe | F11: 8 | G11: 8 | H11: 8 | I11: 8 | J11: 8 | K11: 8 | L11: 8 | M11: 8 | O11: 8 | P11: 8
A12: 45972 | B12: 8 | C12: 8 | D12: 8 | E12: 8 | F12: 8 | G12: 6 | H12: 8 | I12: 8 | J12: 8 | K12: 8 | L12: 8 | M12: 8 | O12: 8 | P12: 8
A13: 45973 | B13: 8 | C13: 8 | D13: 8 | E13: 8 | F13: 8 | G13: 8 | H13: 8 | I13: 8 | J13: 8 | K13: 8 | L13: 9 | O13: 8 | P13: 8
A14: 45974 | B14: 8 | C14: 8 | D14: 8 | E14: 8 | F14: 8 | G14: Pe | H14: 8 | I14: 8 | J14: 8 | K14: 8 | L14: 8 | M14: 8 | O14: 8 | P14: 8
A15: 45975 | B15: 8 | C15: 8 | D15: 6 | E15: 8 | F15: 8 | G15: Pe | H15: 8 | I15: 8 | J15: 8 | K15: 8 | L15: 9 | M15: 8 | O15: 8 | P15: 8
A16: 45976 | B16: 8 | E16: 8 | G16: Pe | H16: 8 | I16: 6 | M16: 5
A17: 45977 | E17: 4 | F17: 4 | J17: 3
A18: 45978 | B18: 8 | C18: 8 | D18: ML | E18: ML | F18: 8 | G18: Pe | H18: 8 | I18: 8 | J18: 8 | K18: 8 | L18: 8 | M18: 8 | O18: 8 | P18: 8
A19: 45979 | B19: 8 | C19: 8 | D19: ML | E19: ML | F19: 8 | G19: Pe | H19: 8 | I19: 8 | J19: 8 | K19: 8 | L19: 8 | M19: 8 | O19: 8 | P19: 8
A20: 45980 | B20: 8 | C20: 8 | D20: ML | E20: ML | F20: 8 | G20: Pe | H20: 8 | I20: 8 | J20: 8 | K20: 8 | L20: 9 | M20: 8 | O20: 8 | P20: 8
A21: 45981 | B21: 8 | C21: Pe | D21: 8 | E21: ML | F21: 8 | G21: Pe | H21: 8 | I21: 8 | J21: 8 | K21: 8 | L21: 8 | O21: 8 | P21: 8
A22: 45982 | B22: 8 | C22: 8 | D22: 8 | E22: ML | F22: 8 | G22: Pe | H22: 8 | I22: 8 | J22: 8 | K22: 8 | L22: 9 | M22: 8 | O22: 8 | P22: 8
A23: 45983 | B23: 8 | E23: ML | F23: 8 | G23: Pe | H23: 7 | I23: 8
A24: 45984 | D24: 5.5 | G24: 5.5
A25: 45985 | B25: 8 | C25: 5 | D25: 8 | E25: 8 | F25: 8 | G25: 8 | H25: 8 | I25: 8 | J25: 8 | K25: 8 | L25: 8 | M25: 8 | O25: 8 | P25: 8
A26: 45986 | B26: 8 | C26: 8 | D26: 8 | E26: 8 | F26: 8 | G26: 6 | H26: 8 | I26: 8 | J26: 8 | K26: 8 | L26: 8 | O26: 8 | P26: 8
A27: 45987 | B27: 8 | C27: 8 | D27: 8 | E27: 8 | F27: 8 | G27: 8 | H27: 8 | I27: 8 | J27: 8 | K27: 8 | L27: 9 | O27: 8 | P27: 8
A28: 45988 | B28: 8 | C28: 8 | D28: 8 | E28: 8 | F28: 8 | G28: Pe | H28: 8 | I28: 8 | J28: 8 | K28: 8 | L28: 8 | O28: 8 | P28: 8
A29: 45989 | B29: 8 | C29: 8 | D29: 8 | E29: 8 | F29: 8 | G29: Pe | H29: 8 | I29: 8 | J29: 8 | K29: 8 | L29: 9 | O29: 8 | P29: 8
A30: 45990 | D30: 8 | E30: 8 | F30: 8 | G30: Pe | H30: 8 | I30: 8
A31: 45991
A33: TOTALE ore mese | B33: =SUM(B2:B32) -> 191.5 | C33: =SUM(C2:C32) -> 141 | D33: =SUM(D2:D32) -> 155.5 | E33: =SUM(E2:E32) -> 132 | F33: =SUM(F2:F32) -> 188 | G33: =SUM(G2:G32) -> 72.5 | H33: =SUM(H2:H32) -> 183 | I33: =SUM(I2:I32) -> 190 | ... P33: =SUM(P2:P32) -> 160
A34: Totale ore BUSTA | B34: 160 | C34: 160 | D34: 160 | E34: 160 | F34: 160 | G34: 160 | H34: 160 | I34: 160 | J34: 160 | K34: 160 | L34: 160 | M34: 160 | O34: 160 | P34: 160
A35: Totale ora extra | B35: =B33-B34 -> 31.5 | C35: =C33-C34 -> -19 | D35: =D33-D34 -> -4.5 | E35: =E33-E34 -> -28 | F35: =F33-F34 -> 28 | G35: =G33-G34 -> -87.5 | H35: =H33-H34 -> 23 | I35: =I33-I34 -> 30 | ... P35: =P33-P34 -> 0
A36: importo in busta | B36: 1800 | C36: 1800 | D36: 1700 | E36: 1650 | F36: 1700 | H36: 1300 | I36: 1300 | J36: 1700 | K36: 2500 | L36: 1600 | O36: 2000 | P36: 2000
A37: importo tiket edenred | B37: 104 | C37: 104 | D37: 104 | E37: 104 | F37: 104 | G37: 104 | H37: 104 | I37: 104 | J37: 104 | K37: 104 | M37: 900 | O37: 208
A38: costi orari | B38: =elenchi!B28 -> "Ale 9€/ora, Giad 10€/ora, Estefany 9€/ora, Nura 8€/ora, Joel 8€/ora Kevin 8€/ora, Jassir 7€/ora, Zoila 7€/ora, Sara 9€/ora, Massi 9€/ora, Santo fisso"
A39: note

Sheet Dicembre25
A1: 45992 | B1: =elenchi!A1 -> ALEXANDRA | C1: =elenchi!A2 -> GIUDITTA | D1: =elenchi!A3 -> ESTEFANY | E1: =elenchi!A4 -> NURA | F1: =elenchi!A5 -> JOEL | G1: =elenchi!A6 -> KEVIN | H1: =elenchi!A7 -> ZOILA | I1: =elenchi!A8 -> JASIR | J1: =elenchi!A9 -> SARA | K1: =elenchi!A10 -> SANTO | L1: =elenchi!A11 -> MASSI | M1: =elenchi!A12 -> STEFANO | N1: =elenchi!A13 -> DIEGO | O1: =elenchi!A14 -> ELISA | P1: =elenchi!A15 -> GAETANO
A2: 45992 | B2: 8 | C2: 8 | D2: 8 | E2: 8 | F2: 8 | G2: 8 | H2: 8 | I2: 8 | J2: 8 | K2: 8 | L2: 8 | O2: 8 | P2: 8
A3: 45993 | B3: Pe | C3: 8 | D3: 8 | E3: 8 | F3: 8 | G3: 6 | H3: 8 | I3: 8 | J3: 8 | K3: 8 | L3: 8 | O3: 8 | P3: 8
A4: 45994 | B4: Pe | C4: 8 | D4: 8 | E4: 8 | F4: 8 | G4: Pe | H4: 8 | I4: 8 | J4: 8 | K4: 8 | L4: 9 | O4: 8 | P4: 8
A5: 45995 | B5: 8 | C5: 8 | D5: 8 | E5: 8 | F5: 8 | G5: Pe | H5: 8 | I5: 8 | J5: 8 | K5: 8 | L5: 8 | O5: 8 | P5: 8
A6: 45996 | B6: 8 | C6: 8 | D6: 8 | E6: 8 | F6: ML | G6: Pe | H6: 8 | I6: 8 | J6: 8 | K6: 8 | L6: 9 | O6: 8 | P6: 8
A7: 45997 | D7: 8 | E7: 8 | F7: ML | G7: Pe | H7: Pe | I7: 9
A8: 45998
A9: 45999 | B9: F | C9: F | D9: F | E9: F | F9: F | G9: F | H9: F | I9: F | J9: F | K9: F | L9: F | O9: F | P9: F
A10: 46000 | B10: 8 | C10: 8 | D10: 8 | E10: 8 | F10: 8 | G10: 8 | H10: 8 | I10: Pe | J10: 8 | K10: 8 | L10: 8 | O10: 8 | P10: 8
A11: 46001 | B11: 8 | C11: 8 | D11: 8 | E11: 8 | F11: 8 | G11: 8 | H11: 8 | I11: 8 | J11: 8 | K11: 8 | L11: 9 | O11: 8 | P11: 8
A12: 46002 | B12: 8 | C12: 8 | D12: 8 | E12: 8 | F12: 8 | G12: Pe | H12: 8 | I12: 8 | J12: 8 | K12: 8 | L12: 8 | O12: 8 | P12: 8
A13: 46003 | B13: 8 | C13: 8 | D13: Pe | E13: 8 | F13: 8 | G13: Pe | H13: 8 | I13: 8 | J13: Pe | K13: 8 | L13: 9 | O13: 8 | P13: 8
A14: 46004 | B14: 8 | D14: Pe | E14: 8 | F14: 8 | G14: Pe | H14: 8 | I14: 5
A15: 46005 | D15: Pe
A16: 46006 | B16: 8 | C16: 8 | D16: Pe | E16: 8 | F16: 8 | G16: 8 | H16: 6 | I16: 8 | J16: 8 | K16: 8 | L16: 8 | O16: 8 | P16: 8
A17: 46007 | B17: 8 | C17: 8 | D17: Pe | E17: 8 | F17: 8 | G17: 6 | H17: 8 | I17: 8 | J17: 8 | K17: 8 | L17: 8 | O17: 8 | P17: 8
A18: 46008 | B18: 8 | C18: 8 | D18: Pe | E18: 8 | F18: 8 | G18: 7.5 | H18: 8 | I18: 8 | J18: 8 | K18: 8 | L18: 9 | O18: 8 | P18: 8
A19: 46009 | B19: 8 | C19: 8 | D19: Pe | E19: 8 | F19: 8 | G19: 8 | H19: 7.5 | I19: 8 | J19: 8 | K19: 8 | L19: 8 | O19: 8 | P19: 8
A20: 46010 | B20: 8 | C20: 8 | D20: Pe | E20: Pe | F20: 8 | G20: Pe | H20: 8 | I20: 8 | J20: 8 | K20: 8 | L20: 9 | O20: 8 | P20: 8
A21: 46011 | B21: 8 | D21: Pe | E21: 8 | F21: 8 | G21: Pe | H21: 4 | I21: 8
A22: 46012
A23: 46013 | B23: 8 | C23: 8 | D23: Pe | E23: 8 | F23: 8 | G23: 8 | H23: 8 | I23: 8 | J23: 8 | K23: 8 | L23: 8 | O23: 8 | P23: 8
A24: 46014 | B24: 8 | C24: 8 | D24: Pe | E24: 8 | F24: 8 | G24: 8 | H24: 8 | I24: 8 | J24: 8 | K24: 8 | L24: 8 | O24: 8 | P24: 8
A25: 46015 | B25: Fe | C25: Fe | D25: Fe | E25: Fe | F25: Fe | G25: Fe | H25: Fe | I25: Fe | J25: Fe | K25: Fe | L25: Fe | O25: 8 | P25: 8
A26: 46016 | B26: F | C26: F | D26: F | E26: F | F26: F | G26: F | H26: F | I26: F | J26: F | K26: F | L26: F | O26: F | P26: F
A27: 46017 | B27: F | C27: F | D27: F | E27: F | F27: F | G27: F | H27: F | I27: F | J27: F | K27: F | L27: F | O27: F | P27: F
A28: 46018
A29: 46019
A30: 46020 | B30: 8 | C30: 8 | D30: Pe | E30: 8 | F30: 8 | G30: 8 | H30: 8 | I30: 8 | J30: Pe | K30: 8 | L30: 8 | O30: 8 | P30: 8
A31: 46021 | B31: 8 | C31: 8 | D31: Pe | E31: 8 | F31: 8 | G31: 8 | H31: 8 | I31: 8 | J31: Pe | K31: 8 | L31: 8 | O31: 8 | P31: 8
A32: 46022
A33: TOTALE ore mese | B33: =SUM(B2:B32) -> 144 | C33: =SUM(C2:C32) -> 144 | D33: =SUM(D2:D32) -> 72 | E33: =SUM(E2:E32) -> 160 | F33: =SUM(F2:F32) -> 152 | G33: =SUM(G2:G32) -> 91.5 | H33: =SUM(H2:H32) -> 153.5 | I33: =SUM(I2:I32) -> 158 | ... P33: =SUM(P2:P32) -> 152
A34: Totale ore BUSTA | B34: 144 | C34: 144 | D34: 144 | E34: 144 | F34: 144 | G34: 144 | H34: 144 | I34: 144 | J34: 144 | K34: 144 | L34: 144 | O34: 144 | P34: 144
A35: Totale ora extra | B35: =B33-B34 -> 0 | C35: =C33-C34 -> 0 | D35: =D33-D34 -> -72 | E35: =E33-E34 -> 16 | F35: =F33-F34 -> 8 | G35: =G33-G34 -> -52.5 | H35: =H33-H34 -> 9.5 | I35: =I33-I34 -> 14 | ... P35: =P33-P34 -> 8
A36: importo in busta | B36: 1700 | C36: 1700 | D36: 781 | E36: 1650 | F36: 1700 | G36: 2000 | H36: 1200 | I36: 1200 | J36: 1600 | K36: 2500 | L36: 1600
A37: importo tiket edenred | B37: 104 | C37: 104 | D37: 104 | E37: 104 | F37: 104 | G37: 104 | H37: 104 | I37: 104 | J37: 104 | K37: 104 | O37: 104
A38: costi orari | B38: =elenchi!B28 -> "Ale 9€/ora, Giad 10€/ora, Estefany 9€/ora, Nura 8€/ora, Joel 8€/ora Kevin 8€/ora, Jassir 7€/ora, Zoila 7€/ora, Sara 9€/ora, Massi 9€/ora, Santo fisso"
A39: note

Sheet Gennaio26
A1: 46023 | B1: =elenchi!A1 -> ALEXANDRA | C1: =elenchi!A2 -> GIUDITTA | D1: =elenchi!A3 -> ESTEFANY | E1: =elenchi!A4 -> NURA | F1: =elenchi!A5 -> JOEL | G1: =elenchi!A6 -> KEVIN | H1: =elenchi!A7 -> ZOILA | I1: =elenchi!A8 -> JASIR | J1: =elenchi!A9 -> SARA | K1: =elenchi!A10 -> SANTO | L1: =elenchi!A11 -> MASSI | M1: =elenchi!A12 -> STEFANO | N1: =elenchi!A13 -> DIEGO | O1: =elenchi!A14 -> ELISA | P1: =elenchi!A15 -> GAETANO
A2: 46023 | B2: F | C2: F | D2: Pe | E2: F | F2: F | G2: F | H2: F | I2: F | J2: F | K2: F | L2: F | O2: F | P2: F
A3: 46024 | B3: FE | C3: FE | D3: Pe | E3: FE | F3: FE | G3: FE | H3: FE | I3: FE | J3: FE | K3: FE | L3: FE | O3: FE | P3: FE
A4: 46025 | D4: Pe
A5: 46026 | D5: Pe
A6: 46027 | B6: FE | C6: FE | D6: Pe | E6: FE | F6: FE | G6: FE | H6: FE | I6: FE | J6: FE | K6: FE | L6: FE | O6: FE | P6: FE
A7: 46028 | B7: F | C7: F | D7: Pe | E7: F | F7: F | G7: F | H7: F | I7: F | J7: F | K7: F | L7: F | O7: F | P7: F
A8: 46029 | B8: 8 | C8: 8 | D8: Pe | E8: 8 | F8: 8 | G8: 8 | H8: 8 | I8: 8 | J8: Pe | K8: 8 | L8: 9 | M8: 8 | O8: 8 | P8: 8
A9: 46030 | B9: 8 | C9: 6 | D9: Pe | E9: 8 | F9: 8 | G9: 8 | H9: 8 | I9: 8 | J9: 8 | K9: 8 | L9: 8 | M9: 8 | O9: 8 | P9: 8
A10: 46031 | B10: 8 | C10: 7 | D10: 8 | E10: 8 | F10: 8 | G10: 8 | H10: 8 | I10: 8 | J10: 5.5 | K10: 8 | L10: 9 | M10: 8 | O10: 8 | P10: 8
A11: 46032 | D11: 8 | E11: 8 | F11: 8 | G11: 8 | H11: 8 | M11: 4
A12: 46033
A13: 46034 | B13: 5 | C13: 8 | D13: 8 | E13: 8 | F13: 8 | G13: 8 | H13: 8 | I13: 8 | J13: 8 | K13: 8 | L13: 8 | M13: 8 | O13: 8 | P13: 8
A14: 46035 | B14: 8 | C14: 8 | D14: 8 | E14: 8 | F14: 8 | G14: 6 | H14: 8 | I14: 8 | J14: 8 | K14: 8 | L14: 8 | M14: 8 | O14: 8 | P14: 8
A15: 46036 | B15: 6.5 | C15: 8 | D15: 8 | E15: 8 | F15: 8 | G15: 8 | H15: 8 | I15: 8 | J15: 8 | K15: 8 | L15: 9 | M15: 8 | O15: 8 | P15: 8
A16: 46037 | B16: 8 | C16: 8 | D16: 8 | E16: 8 | F16: 8 | G16: 8 | H16: 8 | I16: 8 | J16: 8 | K16: 8 | L16: 8 | M16: 8 | O16: 8 | P16: 8
A17: 46038 | B17: 8 | C17: 8 | D17: 8 | E17: 8 | F17: 8 | G17: 8 | H17: 8 | I17: 8 | J17: 8 | K17: 8 | L17: 9 | M17: 8 | O17: 8 | P17: 8
A18: 46039 | B18: 8 | D18: 8 | F18: 8 | G18: 8 | I18: 8 | M18: 4
A19: 46040 | E19: 7.5 | G19: 8
A20: 46041 | B20: 8 | C20: 8 | D20: 8 | E20: 8 | F20: 8 | G20: 8 | H20: 8 | I20: 8 | J20: 8 | K20: 8 | L20: 8 | O20: 8 | P20: 8
A21: 46042 | B21: 8 | C21: 8 | D21: 8 | E21: Pe | F21: 8 | G21: 5 | H21: 8 | I21: 8 | J21: 8 | K21: 8 | L21: 8 | O21: 8 | P21: 8
A22: 46043 | B22: 8 | C22: 8 | D22: 8 | E22: 8 | F22: 8 | G22: 8 | H22: 7 | I22: 8 | J22: 8 | K22: 8 | L22: 9 | O22: 8 | P22: 8
A23: 46044 | B23: 8 | C23: 8 | D23: 8 | E23: 8 | F23: 8 | G23: 8 | H23: 8 | I23: 8 | J23: 8 | K23: 8 | L23: 8 | O23: 8 | P23: 8
A24: 46045 | B24: 8 | C24: 8 | D24: 8 | E24: 8 | F24: 8 | G24: 8 | H24: 8 | I24: 8 | J24: 8 | K24: 8 | L24: 9 | O24: 8 | P24: 8
A25: 46046 | B25: 8 | D25: 8 | E25: 8 | H25: 8 | I25: 8
A26: 46047 | H26: 4.5
A27: 46048 | B27: 8 | C27: 8 | D27: 8 | E27: 8 | F27: 7 | G27: 8 | H27: Pe | I27: 8 | J27: 8 | K27: 8 | L27: 8 | O27: 8 | P27: 8
A28: 46049 | B28: 8 | C28: 8 | D28: 8 | E28: 8 | F28: 8 | G28: 6 | H28: 8 | I28: 8 | J28: 8 | K28: 8 | L28: 8 | O28: 8 | P28: 8
A29: 46050 | B29: 8 | C29: 8 | D29: 8 | E29: 8 | F29: 8 | G29: 8 | H29: 7.5 | I29: 8 | J29: 8 | K29: 8 | L29: 9 | O29: 8 | P29: 8
A30: 46051 | B30: 8 | C30: Pe | D30: 8 | E30: 8 | F30: 8 | G30: 8 | H30: Pe | I30: 8 | J30: 8 | K30: 8 | L30: 8 | O30: 8 | P30: 8
A31: 46052 | B31: 8 | C31: Pe | D31: 8 | E31: 8 | F31: 8 | G31: 8 | H31: 8 | I31: 8 | J31: 8 | K31: 8 | L31: 9 | O31: 8 | P31: 8
A32: 46053 | B32: 8 | E32: 8 | F32: 8 | G32: 8 | H32: 8
A33: TOTALE ore mese | B33: =SUM(B2:B32) -> 163.5 | C33: =SUM(C2:C32) -> 125 | D33: =SUM(D2:D32) -> 152 | E33: =SUM(E2:E32) -> 167.5 | F33: =SUM(F2:F32) -> 167 | G33: =SUM(G2:G32) -> 169 | H33: =SUM(H2:H32) -> 155 | I33: =SUM(I2:I32) -> 160 | ... P33: =SUM(P2:P32) -> 144
A34: Totale ore BUSTA | B34: 144 | C34: 144 | D34: 144 | E34: 144 | F34: 144 | G34: 144 | H34: 144 | I34: 144 | J34: 144 | K34: 144 | L34: 144 | O34: 144 | P34: 144
A35: Totale ora extra | B35: =B33-B34 -> 19.5 | C35: =C33-C34 -> -19 | D35: =D33-D34 -> 8 | E35: =E33-E34 -> 23.5 | F35: =F33-F34 -> 23 | G35: =G33-G34 -> 25 | H35: =H33-H34 -> 11 | I35: =I33-I34 -> 16 | ... P35: =P33-P34 -> 0
A36: importo in busta | B36: 1700 | C36: 1700 | D36: 1600 | E36: 1700 | F36: 1700 | G36: 1600 | H36: 1250 | I36: 1250 | K36: 2500 | L36: 1600
A37: importo tiket edenred | B37: 104 | C37: 104 | D37: 104 | E37: 104 | F37: 104 | G37: 104 | H37: 104 | I37: 104 | J37: 104 | K37: 104 | O37: 130
A38: costi orari | B38: =elenchi!B28 -> "Ale 9€/ora, Giad 10€/ora, Estefany 9€/ora, Nura 8€/ora, Joel 8€/ora Kevin 8€/ora, Jassir 7€/ora, Zoila 7€/ora, Sara 9€/ora, Massi 9€/ora, Santo fisso"
A39: note

Sheet Febbraio26
A1: 46054 | B1: =elenchi!A1 -> ALEXANDRA | C1: =elenchi!A2 -> GIUDITTA | D1: =elenchi!A3 -> ESTEFANY | E1: =elenchi!A4 -> NURA | F1: =elenchi!A5 -> JOEL | G1: =elenchi!A6 -> KEVIN | H1: =elenchi!A7 -> ZOILA | I1: =elenchi!A8 -> JASIR | J1: =elenchi!A9 -> SARA | K1: =elenchi!A10 -> SANTO | L1: =elenchi!A11 -> MASSI | M1: =elenchi!A12 -> STEFANO | N1: =elenchi!A13 -> DIEGO | O1: =elenchi!A14 -> ELISA | P1: =elenchi!A15 -> GAETANO
A2: 46054 | D2: 3 | I2: 3
A3: 46055 | B3: 11.5 | C3: 8 | D3: 8 | E3: 8 | F3: 8 | G3: 8 | H3: 6 | I3: 0 | J3: 8 | K3: 8 | L3: 8 | O3: 8 | P3: 8
A4: 46056 | B4: 8 | C4: 8 | D4: 8 | E4: 8 | F4: 8 | G4: 5 | H4: 6 | I4: 8 | J4: 8 | K4: 8 | L4: 8 | O4: 8 | P4: 8
A5: 46057 | B5: 9 | C5: 8 | D5: 8 | E5: 8 | F5: 8 | G5: 8 | H5: 6 | I5: 8 | J5: 8 | K5: 8 | L5: 9 | O5: 8 | P5: 8
A6: 46058 | B6: 8 | C6: 8 | D6: 8 | E6: 8 | F6: 8 | G6: 8 | H6: 0 | I6: 8 | J6: 8 | K6: 8 | L6: 8 | O6: 8 | P6: 8
A7: 46059 | B7: 8 | C7: 8 | D7: 8 | E7: 4 | F7: 8 | G7: 8 | H7: 5.5 | I7: 8 | J7: 8 | K7: 8 | L7: 9 | O7: 8 | P7: 8
A8: 46060 | D8: 8 | E8: 8 | F8: 8 | G8: 8 | I8: 8
A9: 46061
A10: 46062 | B10: 8 | C10: 8 | D10: 8 | E10: 8 | F10: 8 | G10: 8 | H10: 6 | I10: 8 | J10: 8 | K10: 8 | L10: 8 | O10: 8 | P10: 8
A11: 46063 | B11: 8 | C11: 8 | D11: 8 | E11: 8 | F11: 8 | G11: 6 | H11: 6 | I11: 8 | J11: 8 | K11: 8 | L11: 8 | O11: 8 | P11: 8
A12: 46064 | B12: 8 | C12: 8 | D12: 8 | E12: 8 | F12: 8 | G12: 8 | H12: 6 | I12: 8 | J12: 8 | K12: 8 | L12: 9 | O12: 8 | P12: 8
A13: 46065 | B13: 8 | C13: 8 | D13: 8 | E13: 8 | F13: 8 | G13: 3 | H13: 6 | I13: 8 | J13: 8 | K13: 8 | L13: 8 | O13: 8 | P13: 8
A14: 46066 | B14: 8 | C14: 8 | D14: 8 | E14: 6 | F14: 8 | G14: 8 | H14: 0 | I14: 8 | J14: 8 | K14: 8 | L14: 9 | O14: 8 | P14: 8
A15: 46067 | B15: 8 | D15: 8 | F15: 8 | I15: 9
A16: 46068 | E16: 8 | G16: 8
A17: 46069 | B17: 8 | C17: 8 | D17: 8 | E17: 8 | F17: 8 | G17: 8 | H17: 6 | I17: 8 | J17: 8 | K17: 8 | L17: 8 | O17: 8 | P17: 8
A18: 46070 | B18: 8 | C18: 8 | D18: 8 | E18: 8 | F18: 8 | G18: 5.5 | H18: 6 | I18: 8 | J18: 8 | K18: 8 | L18: 8 | O18: 8 | P18: 8
A19: 46071 | B19: 8 | C19: 8 | D19: 8 | E19: 8 | F19: 7 | G19: 8 | H19: 6 | I19: 8 | J19: 8 | K19: 8 | L19: 9 | O19: 8 | P19: 8
A20: 46072 | B20: 8 | C20: 8 | D20: 8 | E20: ML | F20: 8 | G20: 8 | H20: 0 | I20: 8 | J20: 8 | K20: 8 | L20: 8 | O20: 8 | P20: 8
A21: 46073 | B21: 8 | C21: 8 | D21: 8 | E21: ML | F21: 8 | G21: 7.5 | H21: 5.5 | I21: 8 | J21: 8 | K21: 8 | L21: 9 | O21: 8 | P21: 8
A22: 46074 | B22: 0 | D22: 8 | E22: ML | F22: 8 | G22: 8 | I22: 4
A23: 46075 | B23: 8.5 | H23: 8.5 | J23: 5.5
A24: 46076 | B24: 8 | C24: 8 | D24: 8 | E24: 8 | F24: 8 | G24: 8 | I24: 8 | J24: ML | K24: 8 | L24: 8 | O24: 8 | P24: 8
A25: 46077 | B25: 8 | C25: 8 | D25: 8 | E25: 8 | F25: 8 | G25: 6 | H25: 6 | I25: 8 | J25: ML | K25: 8 | L25: 8 | O25: 8 | P25: 8
A26: 46078 | B26: 8 | C26: 8 | D26: 8 | E26: 8 | F26: 8 | G26: 8 | H26: 6 | I26: 8 | J26: ML | K26: 8 | L26: 9 | O26: 8 | P26: 8
A27: 46079 | B27: 8 | C27: 8 | D27: 8 | E27: 8 | F27: 8 | G27: 8 | H27: 6 | I27: 8 | J27: 8 | K27: 8 | L27: 8 | O27: 8 | P27: 8
A28: 46080 | B28: 8 | C28: 8 | D28: 8 | E28: 8 | F28: 8 | G28: 8 | I28: 8 | J28: 8 | K28: 8 | L28: 8 | O28: 8 | P28: 8
A29: 46081 | B29: 8 | D29: 8 | E29: 8 | G29: 9
A33: TOTALE ore mese | B33: =SUM(B2:B32) -> 189 | C33: =SUM(C2:C32) -> 160 | D33: =SUM(D2:D32) -> 195 | E33: =SUM(E2:E32) -> 162 | F33: =SUM(F2:F32) -> 183 | G33: =SUM(G2:G32) -> 178 | H33: =SUM(H2:H32) -> 97.5 | I33: =SUM(I2:I32) -> 176 | ... P33: =SUM(P2:P32) -> 160
A34: Totale ore BUSTA | B34: 160 | C34: 160 | D34: 160 | E34: 160 | F34: 160 | G34: 160 | H34: 160 | I34: 160 | J34: 160 | K34: 160 | L34: 160 | O34: 160 | P34: 160
A35: Totale ora extra | B35: =B33-B34 -> 29 | C35: =C33-C34 -> 0 | D35: =D33-D34 -> 35 | E35: =E33-E34 -> 2 | F35: =F33-F34 -> 23 | G35: =G33-G34 -> 18 | H35: =H33-H34 -> -62.5 | I35: =I33-I34 -> 16 | ... P35: =P33-P34 -> 0
A36: importo in busta | B36: 1750 | C36: 1700 | D36: 1800 | E36: 1700 | F36: 1700 | G36: 1650 | H36: 700 | I36: 1400 | J36: 1600 | K36: 2500 | L36: 1600 | O36: 2000 | P36: 2000
A37: importo tiket edenred | B37: 104 | C37: 104 | D37: 104 | E37: 104 | F37: 104 | G37: 104 | I37: 104 | J37: 104 | K37: 104 | O37: 130
A38: costi orari | B38: =elenchi!B28 -> "Ale 9€/ora, Giad 10€/ora, Estefany 9€/ora, Nura 8€/ora, Joel 8€/ora Kevin 8€/ora, Jassir 7€/ora, Zoila 7€/ora, Sara 9€/ora, Massi 9€/ora, Santo fisso"
A39: note

Sheet Marzo26
A1: 46082 | B1: =elenchi!A1 -> ALEXANDRA | C1: =elenchi!A2 -> GIUDITTA | D1: =elenchi!A3 -> ESTEFANY | E1: =elenchi!A4 -> NURA | F1: =elenchi!A5 -> JOEL | G1: =elenchi!A6 -> KEVIN | H1: =elenchi!A7 -> ZOILA | I1: =elenchi!A8 -> JASIR | J1: =elenchi!A9 -> SARA | K1: =elenchi!A10 -> SANTO | L1: =elenchi!A11 -> MASSI | M1: =elenchi!A12 -> STEFANO | N1: =elenchi!A13 -> DIEGO | O1: =elenchi!A14 -> ELISA | P1: =elenchi!A15 -> GAETANO
A2: 46082 | F2: 3 | G2: 3 | J2: 2.5
A3: 46083 | B3: 8 | C3: 8 | D3: 8 | E3: 8 | F3: 8 | G3: 8 | I3: 8 | J3: 8 | K3: 8 | L3: 8 | M3: 8 | N3: 8 | O3: 8 | P3: 8
A4: 46084 | B4: 8 | C4: 8 | D4: 8 | E4: 8 | F4: 8 | G4: 6 | I4: 8 | J4: 8 | K4: 8 | L4: 8 | M4: 8 | N4: 8 | O4: 8 | P4: 8
A5: 46085 | B5: 8 | C5: 8 | D5: 8 | E5: 8 | F5: 8 | G5: 8 | I5: 8 | J5: 8 | K5: 8 | L5: 9 | M5: 8 | N5: 8 | O5: 8 | P5: 8
A6: 46086 | B6: 8 | C6: 8 | D6: 8 | E6: 8 | F6: 8 | G6: 8 | I6: 8 | J6: 8 | K6: 8 | L6: 8 | N6: 8 | O6: 8 | P6: 8
A7: 46087 | B7: 8 | C7: 8 | D7: 8 | E7: 8 | F7: 8 | G7: 8 | I7: 8 | J7: 8 | K7: 8 | L7: 9 | M7: 8 | N7: 8 | O7: 8 | P7: 8
A8: 46088 | B8: 8 | E8: 8 | F8: 8 | G8: 8 | I8: 8 | M8: 4
A9: 46089
A10: 46090 | B10: 8 | C10: 8 | D10: 8 | E10: 8 | F10: 8 | G10: 8 | I10: 8 | J10: 8 | K10: 8 | L10: 8 | N10: 8 | O10: 8 | P10: 8
A11: 46091 | B11: 8 | C11: 8 | D11: 8 | E11: 8 | F11: 8 | G11: 6 | I11: 8 | J11: 8 | K11: 8 | L11: 8 | N11: 8 | O11: 8 | P11: 8
A12: 46092 | B12: 8 | C12: 8 | D12: 8 | E12: 8 | F12: 8 | G12: 8 | I12: 7 | J12: 8 | K12: 8 | L12: 9 | N12: 8 | O12: 8 | P12: 8
A13: 46093 | B13: 8 | C13: 8 | D13: 8 | E13: 8 | F13: 8 | G13: 8 | I13: 8 | J13: 8 | K13: 8 | L13: 8 | N13: 8 | O13: 8 | P13: 8
A14: 46094 | B14: 8 | C14: 8 | D14: 8 | E14: 8 | F14: 8 | G14: 8 | I14: 8 | J14: 8 | K14: 8 | L14: 9 | N14: 8 | O14: 8 | P14: 8
A15: 46095 | B15: 8 | D15: 8 | E15: 8 | G15: 6.5 | I15: 4
A16: 46096 | B16: 8 | G16: 8.5 | J16: 3 | N16: 8
A17: 46097 | B17: 8 | C17: 8 | D17: 8 | E17: 8 | F17: 8 | G17: 8 | I17: 8 | J17: 8 | K17: 8 | L17: 8 | N17: 8 | O17: 8 | P17: 8
A18: 46098 | B18: 8 | C18: 8 | D18: 8 | E18: 8 | F18: 8 | G18: 6 | I18: 8 | J18: 8 | K18: 8 | L18: 8 | N18: 8 | O18: 8 | P18: 8
A19: 46099 | B19: 8 | C19: 8 | D19: 8 | E19: 8 | F19: 8 | G19: 8 | I19: 7 | J19: 8 | K19: 8 | L19: 9 | N19: 8 | O19: 8 | P19: 8
A20: 46100 | B20: 8 | C20: 7 | D20: 8 | E20: 8 | F20: 8 | G20: 8 | I20: 8 | J20: 8 | K20: 8 | L20: 8 | N20: 8 | O20: 8 | P20: 8
A21: 46101 | B21: 8 | D21: 8 | E21: 8 | F21: 4.5 | G21: 8 | I21: 8 | J21: 8 | K21: 8 | L21: 9 | N21: 8 | O21: 8 | P21: 8
A22: 46102 | B22: 8 | D22: 8 | F22: 8 | I22: 8 | N22: 8
A23: 46103
A24: 46104 | B24: 8 | C24: 8 | D24: 8 | E24: 8 | F24: 8 | G24: 8 | I24: 8 | J24: 8 | K24: 8 | L24: 8 | N24: 8 | O24: 8 | P24: 8
A25: 46105 | B25: 8 | C25: 8 | D25: 8 | E25: 8 | F25: 5.5 | G25: 6 | I25: 8 | J25: 8 | K25: 8 | L25: 8 | N25: 8 | O25: 8 | P25: 8
A26: 46106 | B26: 8 | C26: 8 | D26: 8 | E26: 8 | F26: 8 | G26: 8 | I26: 8 | J26: 8 | K26: 8 | L26: 9 | N26: 8 | O26: 8 | P26: 8
A27: 46107 | B27: 8 | C27: 8 | D27: 8 | E27: 8 | F27: 8 | G27: 8 | I27: 8 | J27: 8 | K27: 8 | L27: 8 | N27: 8 | O27: 8 | P27: 8
A28: 46108 | B28: 8 | C28: 8 | D28: 8 | E28: 8 | F28: 8 | G28: 8 | I28: 8 | J28: 8 | K28: 8 | L28: 9 | N28: 8 | O28: 8 | P28: 8
A29: 46109 | D29: 8 | E29: 8 | F29: 8 | I29: 8 | N29: 8
A30: 46110
A31: 46111 | B31: 8 | C31: 8 | D31: 8 | E31: 7 | F31: 8 | G31: 8 | J31: 8 | K31: 8 | L31: 8 | N31: 8 | O31: 8 | P31: 8
A32: 46112 | B32: 8 | D32: 8 | E32: 8 | F32: 8 | G32: 6 | I32: 8 | J32: 8 | K32: 8 | L32: 8 | N32: 8 | O32: 8 | P32: 8
A33: TOTALE ore mese | B33: =SUM(B2:B32) -> 208 | C33: =SUM(C2:C32) -> 159 | D33: =SUM(D2:D32) -> 200 | E33: =SUM(E2:E32) -> 199 | F33: =SUM(F2:F32) -> 197 | G33: =SUM(G2:G32) -> 192 | H33: =SUM(H2:H32) -> 0 | I33: =SUM(I2:I32) -> 194 | ... P33: =SUM(P2:P32) -> 176
A34: Totale ore BUSTA | B34: 176 | C34: 176 | D34: 176 | E34: 176 | F34: 176 | G34: 176 | I34: 176 | J34: 176 | K34: 176 | L34: 176 | N34: 176 | O34: 176 | P34: 176
A35: Totale ora extra | B35: =B33-B34 -> 32 | C35: =C33-C34 -> -17 | D35: =D33-D34 -> 24 | E35: =E33-E34 -> 23 | F35: =F33-F34 -> 21 | G35: =G33-G34 -> 16 | H35: =H33-H34 -> 0 | I35: =I33-I34 -> 18 | ... P35: =P33-P34 -> 0
A36: importo in busta
A37: importo tiket edenred | B37: 104 | C37: 104 | D37: 104 | E37: 104 | F37: 104 | G37: 104 | I37: 104 | J37: 104 | K37: 104 | O37: 130
A38: costi orari | B38: =elenchi!B28 -> "Ale 9€/ora, Giad 10€/ora, Estefany 9€/ora, Nura 8€/ora, Joel 8€/ora Kevin 8€/ora, Jassir 7€/ora, Zoila 7€/ora, Sara 9€/ora, Massi 9€/ora, Santo fisso"
A39: note

Sheet Aprile26
A1: 46113 | B1: =elenchi!A1 -> ALEXANDRA | C1: =elenchi!A2 -> GIUDITTA | D1: =elenchi!A3 -> ESTEFANY | E1: =elenchi!A4 -> NURA | F1: =elenchi!A5 -> JOEL | G1: =elenchi!A6 -> KEVIN | H1: =elenchi!A7 -> ZOILA | I1: =elenchi!A8 -> JASIR | J1: =elenchi!A9 -> SARA | K1: =elenchi!A10 -> SANTO | L1: =elenchi!A11 -> MASSI | M1: =elenchi!A12 -> STEFANO | N1: =elenchi!A13 -> DIEGO | O1: =elenchi!A14 -> ELISA | P1: =elenchi!A15 -> GAETANO
A2: 46113
A3: 46114
A4: 46115
A5: 46116
A6: 46117
A7: 46118
A8: 46119
A9: 46120
A10: 46121
A11: 46122
A12: 46123
A13: 46124
... A31: 46142
A33: TOTALE ore mese | B33: =SUM(B2:B32) -> 0 | C33: =SUM(C2:C32) -> 0 | D33: =SUM(D2:D32) -> 0 | E33: =SUM(E2:E32) -> 0 | F33: =SUM(F2:F32) -> 0 | G33: =SUM(G2:G32) -> 0 | H33: =SUM(H2:H32) -> 0 | I33: =SUM(I2:I32) -> 0 | ... P33: =SUM(P2:P32) -> 0
A34: Totale ore BUSTA
A35: Totale ora extra | B35: =B33-B34 -> 0 | C35: =C33-C34 -> 0 | D35: =D33-D34 -> 0 | E35: =E33-E34 -> 0 | F35: =F33-F34 -> 0 | G35: =G33-G34 -> 0 | H35: =H33-H34 -> 0 | I35: =I33-I34 -> 0 | ... P35: =P33-P34 -> 0
A36: importo in busta
A37: importo tiket edenred
A38: costi orari | B38: =elenchi!B28 -> "Ale 9€/ora, Giad 10€/ora, Estefany 9€/ora, Nura 8€/ora, Joel 8€/ora Kevin 8€/ora, Jassir 7€/ora, Zoila 7€/ora, Sara 9€/ora, Massi 9€/ora, Santo fisso"
A39: note

Sheet Maggio26
A1: 46143 | B1: =elenchi!A1 -> ALEXANDRA | C1: =elenchi!A2 -> GIUDITTA | D1: =elenchi!A3 -> ESTEFANY | E1: =elenchi!A4 -> NURA | F1: =elenchi!A5 -> JOEL | G1: =elenchi!A6 -> KEVIN | H1: =elenchi!A7 -> ZOILA | I1: =elenchi!A8 -> JASIR | J1: =elenchi!A9 -> SARA | K1: =elenchi!A10 -> SANTO | L1: =elenchi!A11 -> MASSI | M1: =elenchi!A12 -> STEFANO | N1: =elenchi!A13 -> DIEGO | O1: =elenchi!A14 -> ELISA | P1: =elenchi!A15 -> GAETANO
A2: 46143
A3: 46144
A4: 46145
A5: 46146
A6: 46147
A7: 46148
A8: 46149
A9: 46150
A10: 46151
A11: 46152
A12: 46153
A13: 46154
... A32: 46173
A33: TOTALE ore mese | B33: =SUM(B2:B32) -> 0 | C33: =SUM(C2:C32) -> 0 | D33: =SUM(D2:D32) -> 0 | E33: =SUM(E2:E32) -> 0 | F33: =SUM(F2:F32) -> 0 | G33: =SUM(G2:G32) -> 0 | H33: =SUM(H2:H32) -> 0 | I33: =SUM(I2:I32) -> 0 | ... P33: =SUM(P2:P32) -> 0
A34: Totale ore BUSTA
A35: Totale ora extra | B35: =B33-B34 -> 0 | C35: =C33-C34 -> 0 | D35: =D33-D34 -> 0 | E35: =E33-E34 -> 0 | F35: =F33-F34 -> 0 | G35: =G33-G34 -> 0 | H35: =H33-H34 -> 0 | I35: =I33-I34 -> 0 | ... P35: =P33-P34 -> 0
A36: importo in busta
A37: importo tiket edenred
A38: costi orari | B38: =elenchi!B28 -> "Ale 9€/ora, Giad 10€/ora, Estefany 9€/ora, Nura 8€/ora, Joel 8€/ora Kevin 8€/ora, Jassir 7€/ora, Zoila 7€/ora, Sara 9€/ora, Massi 9€/ora, Santo fisso"
A39: note

Sheet Giugno26
A1: 46174 | B1: =elenchi!A1 -> ALEXANDRA | C1: =elenchi!A2 -> GIUDITTA | D1: =elenchi!A3 -> ESTEFANY | E1: =elenchi!A4 -> NURA | F1: =elenchi!A5 -> JOEL | G1: =elenchi!A6 -> KEVIN | H1: =elenchi!A7 -> ZOILA | I1: =elenchi!A8 -> JASIR | J1: =elenchi!A9 -> SARA | K1: =elenchi!A10 -> SANTO | L1: =elenchi!A11 -> MASSI | M1: =elenchi!A12 -> STEFANO | N1: =elenchi!A13 -> DIEGO | O1: =elenchi!A14 -> ELISA | P1: =elenchi!A15 -> GAETANO
A2: 46174
A3: 46175
A4: 46176
A5: 46177
A6: 46178
A7: 46179
A8: 46180
A9: 46181
A10: 46182
A11: 46183
A12: 46184
A13: 46185
... A31: 46203
A33: TOTALE ore mese | B33: =SUM(B2:B32) -> 0 | C33: =SUM(C2:C32) -> 0 | D33: =SUM(D2:D32) -> 0 | E33: =SUM(E2:E32) -> 0 | F33: =SUM(F2:F32) -> 0 | G33: =SUM(G2:G32) -> 0 | H33: =SUM(H2:H32) -> 0 | I33: =SUM(I2:I32) -> 0 | ... P33: =SUM(P2:P32) -> 0
A34: Totale ore BUSTA
A35: Totale ora extra | B35: =B33-B34 -> 0 | C35: =C33-C34 -> 0 | D35: =D33-D34 -> 0 | E35: =E33-E34 -> 0 | F35: =F33-F34 -> 0 | G35: =G33-G34 -> 0 | H35: =H33-H34 -> 0 | I35: =I33-I34 -> 0 | ... P35: =P33-P34 -> 0
A36: importo in busta
A37: importo tiket edenred
A38: costi orari | B38: =elenchi!B28 -> "Ale 9€/ora, Giad 10€/ora, Estefany 9€/ora, Nura 8€/ora, Joel 8€/ora Kevin 8€/ora, Jassir 7€/ora, Zoila 7€/ora, Sara 9€/ora, Massi 9€/ora, Santo fisso"
A39: note

Sheet Luglio26
A1: 46204 | B1: =elenchi!A1 -> ALEXANDRA | C1: =elenchi!A2 -> GIUDITTA | D1: =elenchi!A3 -> ESTEFANY | E1: =elenchi!A4 -> NURA | F1: =elenchi!A5 -> JOEL | G1: =elenchi!A6 -> KEVIN | H1: =elenchi!A7 -> ZOILA | I1: =elenchi!A8 -> JASIR | J1: =elenchi!A9 -> SARA | K1: =elenchi!A10 -> SANTO | L1: =elenchi!A11 -> MASSI | M1: =elenchi!A12 -> STEFANO | N1: =elenchi!A13 -> DIEGO | O1: =elenchi!A14 -> ELISA | P1: =elenchi!A15 -> GAETANO
A2: 46204
A3: 46205
A4: 46206
A5: 46207
A6: 46208
A7: 46209
A8: 46210
A9: 46211
A10: 46212
A11: 46213
A12: 46214
A13: 46215
... A32: 46234
A33: TOTALE ore mese | B33: =SUM(B2:B32) -> 0 | C33: =SUM(C2:C32) -> 0 | D33: =SUM(D2:D32) -> 0 | E33: =SUM(E2:E32) -> 0 | F33: =SUM(F2:F32) -> 0 | G33: =SUM(G2:G32) -> 0 | H33: =SUM(H2:H32) -> 0 | I33: =SUM(I2:I32) -> 0 | ... P33: =SUM(P2:P32) -> 0
A34: Totale ore BUSTA
A35: Totale ora extra | B35: =B33-B34 -> 0 | C35: =C33-C34 -> 0 | D35: =D33-D34 -> 0 | E35: =E33-E34 -> 0 | F35: =F33-F34 -> 0 | G35: =G33-G34 -> 0 | H35: =H33-H34 -> 0 | I35: =I33-I34 -> 0 | ... P35: =P33-P34 -> 0
A36: importo in busta
A37: importo tiket edenred
A38: costi orari | B38: =elenchi!B28 -> "Ale 9€/ora, Giad 10€/ora, Estefany 9€/ora, Nura 8€/ora, Joel 8€/ora Kevin 8€/ora, Jassir 7€/ora, Zoila 7€/ora, Sara 9€/ora, Massi 9€/ora, Santo fisso"
A39: note

Sheet Agosto26
A1: 46235 | B1: =elenchi!A1 -> ALEXANDRA | C1: =elenchi!A2 -> GIUDITTA | D1: =elenchi!A3 -> ESTEFANY | E1: =elenchi!A4 -> NURA | F1: =elenchi!A5 -> JOEL | G1: =elenchi!A6 -> KEVIN | H1: =elenchi!A7 -> ZOILA | I1: =elenchi!A8 -> JASIR | J1: =elenchi!A9 -> SARA | K1: =elenchi!A10 -> SANTO | L1: =elenchi!A11 -> MASSI | M1: =elenchi!A12 -> STEFANO | N1: =elenchi!A13 -> DIEGO | O1: =elenchi!A14 -> ELISA | P1: =elenchi!A15 -> GAETANO
A2: 46235
A3: 46236
A4: 46237
A5: 46238
A6: 46239
A7: 46240
A8: 46241
A9: 46242
A10: 46243
A11: 46244
A12: 46245
A13: 46246
... A32: 46265
A33: TOTALE ore mese | B33: =SUM(B2:B32) -> 0 | C33: =SUM(C2:C32) -> 0 | D33: =SUM(D2:D32) -> 0 | E33: =SUM(E2:E32) -> 0 | F33: =SUM(F2:F32) -> 0 | G33: =SUM(G2:G32) -> 0 | H33: =SUM(H2:H32) -> 0 | I33: =SUM(I2:I32) -> 0 | ... P33: =SUM(P2:P32) -> 0
A34: Totale ore BUSTA
A35: Totale ora extra | B35: =B33-B34 -> 0 | C35: =C33-C34 -> 0 | D35: =D33-D34 -> 0 | E35: =E33-E34 -> 0 | F35: =F33-F34 -> 0 | G35: =G33-G34 -> 0 | H35: =H33-H34 -> 0 | I35: =I33-I34 -> 0 | ... P35: =P33-P34 -> 0
A36: importo in busta
A37: importo tiket edenred
A38: costi orari | B38: =elenchi!B28 -> "Ale 9€/ora, Giad 10€/ora, Estefany 9€/ora, Nura 8€/ora, Joel 8€/ora Kevin 8€/ora, Jassir 7€/ora, Zoila 7€/ora, Sara 9€/ora, Massi 9€/ora, Santo fisso"
A39: note

Sheet report_ORE
A1: 2025 - 2026 | B1: SET. | C1: OTT. | D1: NOV. | E1: DIC. | F1: GEN. | G1: FEB. | H1: MAR. | I1: APR. | J1: MAG. | K1: GIU. | L1: LUG. | M1: AGO. | N1: NOTE
A2: =elenchi!A1 -> ALEXANDRA | B2: =Settembre25!$B33 -> 237 | C2: =Ottobre25!$B33 -> 244.5 | D2: =Novembre25!$B33 -> 191.5 | E2: =Dicembre25!$B33 -> 144 | F2: =Gennaio26!$B33 -> 163.5 | G2: =Febbraio26!$B33 -> 189 | H2: =Marzo26!$B33 -> 208 | I2: =Aprile26!$B33 -> 0 | J2: =Maggio26!$B33 -> 0 | K2: =Giugno26!$B33 -> 0 | L2: =Luglio26!$B33 -> 0 | M2: =Agosto26!$B33 -> 0 | O2: ORE
B3: =Settembre25!$B36 -> 1900 | C3: =Ottobre25!$B36 -> 1950 | D3: =Novembre25!$B36 -> 1800 | E3: =Dicembre25!$B36 -> 1700 | F3: =Gennaio26!$B36 -> 1700 | G3: =Febbraio26!$B36 -> 1750 | H3: =Marzo26!$B36 | I3: =Aprile26!$B36 | J3: =Maggio26!$B36 | K3: =Giugno26!$B36 | L3: =Luglio26!$B36 | M3: =Agosto26!$B36 | O3: IMPORTO
A4: =elenchi!A2 -> GIUDITTA | B4: =Settembre25!$C33 -> 201 | C4: =Ottobre25!$C33 -> 199.5 | D4: =Novembre25!$C33 -> 141 | E4: =Dicembre25!$C33 -> 144 | F4: =Gennaio26!$C33 -> 125 | G4: =Febbraio26!$C33 -> 160 | H4: =Marzo26!$C33 -> 159 | I4: =Aprile26!$C33 -> 0 | J4: =Maggio26!$C33 -> 0 | K4: =Giugno26!$C33 -> 0 | L4: =Luglio26!$C33 -> 0 | M4: =Agosto26!$C33 -> 0
B5: =Settembre25!$C36 -> 1850 | C5: =Ottobre25!$C36 -> 1850 | D5: =Novembre25!$C36 -> 1800 | E5: =Dicembre25!$C36 -> 1700 | F5: =Gennaio26!$C36 -> 1700 | G5: =Febbraio26!$C36 -> 1700 | H5: =Marzo26!$C36 | I5: =Aprile26!$C36 | J5: =Maggio26!$C36 | K5: =Giugno26!$C36 | L5: =Luglio26!$C36 | M5: =Agosto26!$C36
A6: =elenchi!A3 -> ESTEFANY | B6: =Settembre25!$D33 -> 223.5 | C6: =Ottobre25!$D33 -> 216.5 | D6: =Novembre25!$D33 -> 155.5 | E6: =Dicembre25!$D33 -> 72 | F6: =Gennaio26!$D33 -> 152 | G6: =Febbraio26!$D33 -> 195 | H6: =Marzo26!$D33 -> 200 | I6: =Aprile26!$D33 -> 0 | J6: =Maggio26!$D33 -> 0 | K6: =Giugno26!$D33 -> 0 | L6: =Luglio26!$D33 -> 0 | M6: =Agosto26!$D33 -> 0
B7: =Settembre25!$D36 -> 1850 | C7: =Ottobre25!$D36 -> 1800 | D7: =Novembre25!$D36 -> 1700 | E7: =Dicembre25!$D36 -> 781 | F7: =Gennaio26!$D36 -> 1600 | G7: =Febbraio26!$D36 -> 1800 | H7: =Marzo26!$D36 | I7: =Aprile26!$D36 | J7: =Maggio26!$D36 | K7: =Giugno26!$D36 | L7: =Luglio26!$D36 | M7: =Agosto26!$D36
A8: =elenchi!A4 -> NURA | B8: =Settembre25!$E33 -> 225.5 | C8: =Ottobre25!$E33 -> 215.5 | D8: =Novembre25!$E33 -> 132 | E8: =Dicembre25!$E33 -> 160 | F8: =Gennaio26!$E33 -> 167.5 | G8: =Febbraio26!$E33 -> 162 | H8: =Marzo26!$E33 -> 199 | I8: =Aprile26!$E33 -> 0 | J8: =Maggio26!$E33 -> 0 | K8: =Giugno26!$E33 -> 0 | L8: =Luglio26!$E33 -> 0 | M8: =Agosto26!$E33 -> 0
B9: =Settembre25!$E36 -> 1750 | C9: =Ottobre25!$E36 -> 1700 | D9: =Novembre25!$E36 -> 1650 | E9: =Dicembre25!$E36 -> 1650 | F9: =Gennaio26!$E36 -> 1700 | G9: =Febbraio26!$E36 -> 1700 | H9: =Marzo26!$E36 | I9: =Aprile26!$E36 | J9: =Maggio26!$E36 | K9: =Giugno26!$E36 | L9: =Luglio26!$E36 | M9: =Agosto26!$E36
A10: =elenchi!A5 -> JOEL | B10: =Settembre25!$F33 -> 107.5 | C10: =Ottobre25!$F33 -> 178 | D10: =Novembre25!$F33 -> 188 | E10: =Dicembre25!$F33 -> 152 | F10: =Gennaio26!$F33 -> 167 | G10: =Febbraio26!$F33 -> 183 | H10: =Marzo26!$F33 -> 197 | I10: =Aprile26!$F33 -> 0 | J10: =Maggio26!$F33 -> 0 | K10: =Giugno26!$F33 -> 0 | L10: =Luglio26!$F33 -> 0 | M10: =Agosto26!$F33 -> 0
B11: =Settembre25!$F36 | C11: =Ottobre25!$F36 -> 1550 | D11: =Novembre25!$F36 -> 1700 | E11: =Dicembre25!$F36 -> 1700 | F11: =Gennaio26!$F36 -> 1700 | G11: =Febbraio26!$F36 -> 1700 | H11: =Marzo26!$F36 | I11: =Aprile26!$F36 | J11: =Maggio26!$F36 | K11: =Giugno26!$F36 | L11: =Luglio26!$F36 | M11: =Agosto26!$F36
A12: =elenchi!A6 -> KEVIN | B12: =Settembre25!$G33 -> 184.5 | C12: =Ottobre25!$G33 -> 205.5 | D12: =Novembre25!$G33 -> 72.5 | E12: =Dicembre25!$G33 -> 91.5 | F12: =Gennaio26!$G33 -> 169 | G12: =Febbraio26!$G33 -> 178 | H12: =Marzo26!$G33 -> 192 | I12: =Aprile26!$G33 -> 0 | J12: =Maggio26!$G33 -> 0 | K12: =Giugno26!$G33 -> 0 | L12: =Luglio26!$G33 -> 0 | M12: =Agosto26!$G33 -> 0
B13: =Settembre25!$G36 -> 1500 | C13: =Ottobre25!$G36 -> 1550 | D13: =Novembre25!$G36 | E13: =Dicembre25!$G36 -> 2000 | F13: =Gennaio26!$G36 -> 1600 | G13: =Febbraio26!$G36 -> 1650 | H13: =Marzo26!$G36 | I13: =Aprile26!$G36 | J13: =Maggio26!$G36 | K13: =Giugno26!$G36 | L13: =Luglio26!$G36 | M13: =Agosto26!$G36
A14: =elenchi!A7 -> ZOILA | B14: =Settembre25!$H33 -> 200 | C14: =Ottobre25!$H33 -> 181 | D14: =Novembre25!$H33 -> 183 | E14: =Dicembre25!$H33 -> 153.5 | F14: =Gennaio26!$H33 -> 155 | G14: =Febbraio26!$H33 -> 97.5 | H14: =Marzo26!$H33 -> 0 | I14: =Aprile26!$H33 -> 0 | J14: =Maggio26!$H33 -> 0 | K14: =Giugno26!$H33 -> 0 | L14: =Luglio26!$H33 -> 0 | M14: =Agosto26!$H33 -> 0
B15: =Settembre25!$H36 -> 1300 | C15: =Ottobre25!$H36 -> 1300 | D15: =Novembre25!$H36 -> 1300 | E15: =Dicembre25!$H36 -> 1200 | F15: =Gennaio26!$H36 -> 1250 | G15: =Febbraio26!$H36 -> 700 | H15: =Marzo26!$H36 | I15: =Aprile26!$H36 | J15: =Maggio26!$H36 | K15: =Giugno26!$H36 | L15: =Luglio26!$H36 | M15: =Agosto26!$H36
A16: =elenchi!A8 -> JASIR | B16: =Settembre25!$I33 -> 198 | C16: =Ottobre25!$I33 -> 208 | D16: =Novembre25!$I33 -> 190 | E16: =Dicembre25!$I33 -> 158 | F16: =Gennaio26!$I33 -> 160 | G16: =Febbraio26!$I33 -> 176 | H16: =Marzo26!$I33 -> 194 | I16: =Aprile26!$I33 -> 0 | J16: =Maggio26!$I33 -> 0 | K16: =Giugno26!$I33 -> 0 | L16: =Luglio26!$I33 -> 0 | M16: =Agosto26!$I33 -> 0
B17: =Settembre25!$I36 -> 1300 | C17: =Ottobre25!$I36 -> 1300 | D17: =Novembre25!$I36 -> 1300 | E17: =Dicembre25!$I36 -> 1200 | F17: =Gennaio26!$I36 -> 1250 | G17: =Febbraio26!$I36 -> 1400 | H17: =Marzo26!$I36 | I17: =Aprile26!$I36 | J17: =Maggio26!$I36 | K17: =Giugno26!$I36 | L17: =Luglio26!$I36 | M17: =Agosto26!$I36
A18: =elenchi!A9 -> SARA | B18: =Settembre25!$J33 -> 209 | C18: =Ottobre25!$J33 -> 159.5 | D18: =Novembre25!$J33 -> 166.5 | E18: =Dicembre25!$J33 -> 120 | F18: =Gennaio26!$J33 -> 133.5 | G18: =Febbraio26!$J33 -> 141.5 | H18: =Marzo26!$J33 -> 181.5 | I18: =Aprile26!$J33 -> 0 | J18: =Maggio26!$J33 -> 0 | K18: =Giugno26!$J33 -> 0 | L18: =Luglio26!$J33 -> 0 | M18: =Agosto26!$J33 -> 0
B19: =Settembre25!$J36 -> 1800 | C19: =Ottobre25!$J36 -> 1650 | D19: =Novembre25!$J36 -> 1700 | E19: =Dicembre25!$J36 -> 1600 | F19: =Gennaio26!$J36 | G19: =Febbraio26!$J36 -> 1600 | H19: =Marzo26!$J36 | I19: =Aprile26!$J36 | J19: =Maggio26!$J36 | K19: =Giugno26!$J36 | L19: =Luglio26!$J36 | M19: =Agosto26!$J36
A20: =elenchi!A10 -> SANTO | B20: =Settembre25!$K33 -> 181 | C20: =Ottobre25!$K33 -> 184 | D20: =Novembre25!$K33 -> 160 | E20: =Dicembre25!$K33 -> 144 | F20: =Gennaio26!$K33 -> 144 | G20: =Febbraio26!$K33 -> 160 | H20: =Marzo26!$K33 -> 176 | I20: =Aprile26!$K33 -> 0 | J20: =Maggio26!$K33 -> 0 | K20: =Giugno26!$K33 -> 0 | L20: =Luglio26!$K33 -> 0 | M20: =Agosto26!$K33 -> 0
B21: =Settembre25!$K36 -> 2600 | C21: =Ottobre25!$K36 -> 2500 | D21: =Novembre25!$K36 -> 2500 | E21: =Dicembre25!$K36 -> 2500 | F21: =Gennaio26!$K36 -> 2500 | G21: =Febbraio26!$K36 -> 2500 | H21: =Marzo26!$K36 | I21: =Aprile26!$K36 | J21: =Maggio26!$K36 | K21: =Giugno26!$K36 | L21: =Luglio26!$K36 | M21: =Agosto26!$K36
A22: =elenchi!A11 -> MASSI | B22: =Settembre25!$L33 -> 184 | C22: =Ottobre25!$L33 -> 195 | D22: =Novembre25!$L33 -> 168 | E22: =Dicembre25!$L33 -> 150 | F22: =Gennaio26!$L33 -> 152 | G22: =Febbraio26!$L33 -> 167 | H22: =Marzo26!$L33 -> 184 | I22: =Aprile26!$L33 -> 0 | J22: =Maggio26!$L33 -> 0 | K22: =Giugno26!$L33 -> 0 | L22: =Luglio26!$L33 -> 0 | M22: =Agosto26!$L33 -> 0
B23: =Settembre25!$L36 | C23: =Ottobre25!$L36 -> 1600 | D23: =Novembre25!$L36 -> 1600 | E23: =Dicembre25!$L36 -> 1600 | F23: =Gennaio26!$L36 -> 1600 | G23: =Febbraio26!$L36 -> 1600 | H23: =Marzo26!$L36 | I23: =Aprile26!$L36 | J23: =Maggio26!$L36 | K23: =Giugno26!$L36 | L23: =Luglio26!$L36 | M23: =Agosto26!$L36
A24: =elenchi!A12 -> STEFANO | B24: =Settembre25!$M33 -> 105 | C24: =Ottobre25!$M33 -> 143 | D24: =Novembre25!$M33 -> 122 | E24: =Dicembre25!$M33 -> 0 | F24: =Gennaio26!$M33 -> 72 | G24: =Febbraio26!$M33 -> 0 | H24: =Marzo26!$M33 -> 36 | I24: =Aprile26!$M33 -> 0 | J24: =Maggio26!$M33 -> 0 | K24: =Giugno26!$M33 -> 0 | L24: =Luglio26!$M33 -> 0 | M24: =Agosto26!$M33 -> 0
B25: =Settembre25!$M36 -> 680 | C25: =Ottobre25!$M36 -> 950 | D25: =Novembre25!$M36 | E25: =Dicembre25!$M36 | F25: =Gennaio26!$M36 | G25: =Febbraio26!$M36 | H25: =Marzo26!$M36 | I25: =Aprile26!$M36 | J25: =Maggio26!$M36 | K25: =Giugno26!$M36 | L25: =Luglio26!$M36 | M25: =Agosto26!$M36

Sheet griglia_presenze_SET-AGO
A1: =elenchi!D1 -> SET - Nominativo Dipendente | D1: =elenchi!E1 -> PRESTAZIONI PER CIASCUNA GIORNATA DEL MESE DI: SETTEMBRE 2025 | AT1: =elenchi!D2 -> OTT - Nominativo Dipendente | AW1: =elenchi!E2 -> PRESTAZIONI PER CIASCUNA GIORNATA DEL MESE DI: OTTOBRE 2025 | CM1: =elenchi!D3 -> NOV - Nominativo Dipendente | CP1: =elenchi!E3 -> PRESTAZIONI PER CIASCUNA GIORNATA DEL MESE DI: NOVEMBRE 2025 | EF1: =elenchi!D4 -> DIC - Nominativo Dipendente | EI1: =elenchi!E4 -> PRESTAZIONI PER CIASCUNA GIORNATA DEL MESE DI: DICEMBRE 2025 | FY1: =elenchi!D5 -> GEN - Nominativo Dipendente | GB1: =elenchi!E5 -> PRESTAZIONI PER CIASCUNA GIORNATA DEL MESE DI: GENNAIO 2026 | HR1: =elenchi!D6 -> FEB - Nominativo Dipendente | HU1: =elenchi!E6 -> PRESTAZIONI PER CIASCUNA GIORNATA DEL MESE DI: FEBBRAIO 2026 | JK1: =elenchi!D7 -> MAR - Nominativo Dipendente | JN1: =elenchi!E7 -> PRESTAZIONI PER CIASCUNA GIORNATA DEL MESE DI: MARZO 2026 | LD1: =elenchi!D8 -> APR - Nominativo Dipendente | LG1: =elenchi!E8 -> PRESTAZIONI PER CIASCUNA GIORNATA DEL MESE DI: APRILE 2026 | MW1: =elenchi!D9 -> MAG - Nominativo Dipendente | MZ1: =elenchi!E9 -> PRESTAZIONI PER CIASCUNA GIORNATA DEL MESE DI: MAGGIO 2026 | OP1: =elenchi!D10 -> GIU - Nominativo Dipendente | OS1: =elenchi!E10 -> PRESTAZIONI PER CIASCUNA GIORNATA DEL MESE DI: GIUGNO 2026 | QI1: =elenchi!D11 -> LUG - Nominativo Dipendente | QL1: =elenchi!E11 -> PRESTAZIONI PER CIASCUNA GIORNATA DEL MESE DI: LUGLIO 2026 | SB1: =elenchi!D12 -> AGO - Nominativo Dipendente | SE1: =elenchi!E12 -> PRESTAZIONI PER CIASCUNA GIORNATA DEL MESE DI: AGOSTO 2026
A2: Giorni | D2: 45901 | E2: 45902 | F2: 45903 | G2: 45904 | H2: 45905 | I2: 45906 | J2: 45907 | K2: 45908 | L2: 45909 | M2: 45910 | N2: 45911 | O2: 45912 | P2: 45913 | Q2: 45914 | R2: 45915 | S2: 45916 | T2: 45917 | U2: 45918 | V2: 45919 | W2: 45920 | X2: 45921 | Y2: 45922 | Z2: 45923 | AA2: 45924 | AB2: 45925 | AC2: 45926 | AD2: 45927 | AE2: 45928 | AF2: 45929 | AG2: 45930 | AI2: GIORNI/ORE LAV. | AL2: Assenze | AW2: 45931 | AX2: 45932 | AY2: 45933 | AZ2: 45934 | BA2: 45935 | BB2: 45936 | BC2: 45937 | BD2: 45938 | BE2: 45939 | BF2: 45940 | BG2: 45941 | BH2: 45942 | BI2: 45943 | BJ2: 45944 | BK2: 45945 | BL2: 45946 | BM2: 45947 | BN2: 45948 | BO2: 45949 | BP2: 45950 | BQ2: 45951 | BR2: 45952 | BS2: 45953 | BT2: 45954 | BU2: 45955 | BV2: 45956 | BW2: 45957 | BX2: 45958 | BY2: 45959 | BZ2: 45960 | CA2: 45961 | CB2: GIORNI/ORE LAV. | CE2: Assenze | CP2: 45962 | CQ2: 45963 | CR2: 45964 | CS2: 45965 | CT2: 45966 | CU2: 45967 | CV2: 45968 | CW2: 45969 | CX2: 45970 | CY2: 45971 | CZ2: 45972 | DA2: 45973 | DB2: 45974 | DC2: 45975 | DD2: 45976 | DE2: 45977 | DF2: 45978 | DG2: 45979 | DH2: 45980 | DI2: 45981 | DJ2: 45982 | DK2: 45983 | DL2: 45984 | DM2: 45985 | DN2: 45986 | DO2: 45987 | DP2: 45988 | DQ2: 45989 | DR2: 45990 | DS2: 45991 | DU2: GIORNI/ORE LAV. | DX2: Assenze | EI2: 45992 | EJ2: 45993 | EK2: 45994 | EL2: 45995 | EM2: 45996 | EN2: 45997 | EO2: 45998 | EP2: 45999 | EQ2: 46000 | ER2: 46001 | ES2: 46002 | ET2: 46003 | EU2: 46004 | EV2: 46005 | EW2: 46006 | EX2: 46007 | EY2: 46008 | EZ2: 46009 | FA2: 46010 | FB2: 46011 | FC2: 46012 | FD2: 46013 | FE2: 46014 | FF2: 46015 | FG2: 46016 | FH2: 46017 | FI2: 46018 | FJ2: 46019 | FK2: 46020 | FL2: 46021 | FM2: 46022 | FN2: GIORNI/ORE LAV. | FQ2: Assenze | GB2: 46023 | GC2: 46024 | GD2: 46025 | GE2: 46026 | GF2: 46027 | GG2: 46028 | GH2: 46029 | GI2: 46030 | GJ2: 46031 | GK2: 46032 | GL2: 46033 | GM2: 46034 | GN2: 46035 | GO2: 46036 | GP2: 46037 | GQ2: 46038 | GR2: 46039 | GS2: 46040 | GT2: 46041 | GU2: 46042 | GV2: 46043 | GW2: 46044 | GX2: 46045 | GY2: 46046 | GZ2: 46047 | HA2: 46048 | HB2: 46049 | HC2: 46050 | HD2: 46051 | HE2: 46052 | HF2: 46053 | HG2: GIORNI/ORE LAV. | HJ2: Assenze | HU2: 46054 | HV2: 46055 | HW2: 46056 | HX2: 46057 | HY2: 46058 | HZ2: 46059 | IA2: 46060 | IB2: 46061 | IC2: 46062 | ID2: 46063 | IE2: 46064 | IF2: 46065 | IG2: 46066 | IH2: 46067 | II2: 46068 | IJ2: 46069 | IK2: 46070 | IL2: 46071 | IM2: 46072 | IN2: 46073 | IO2: 46074 | IP2: 46075 | IQ2: 46076 | IR2: 46077 | IS2: 46078 | IT2: 46079 | IU2: 46080 | IV2: 46081 | IZ2: GIORNI/ORE LAV. | JC2: Assenze | JN2: 46082 | JO2: 46083 | JP2: 46084 | JQ2: 46085 | JR2: 46086 | JS2: 46087 | JT2: 46088 | JU2: 46089 | JV2: 46090 | JW2: 46091 | JX2: 46092 | JY2: 46093 | JZ2: 46094 | KA2: 46095 | KB2: 46096 | KC2: 46097 | KD2: 46098 | KE2: 46099 | KF2: 46100 | KG2: 46101 | KH2: 46102 | KI2: 46103 | KJ2: 46104 | KK2: 46105 | KL2: 46106 | KM2: 46107 | KN2: 46108 | KO2: 46109 | KP2: 46110 | KQ2: 46111 | KR2: 46112 | KS2: GIORNI/ORE LAV. | KV2: Assenze | LG2: 46113 | LH2: 46114 | LI2: 46115 | LJ2: 46116 | LK2: 46117 | LL2: 46118 | LM2: 46119 | LN2: 46120 | LO2: 46121 | LP2: 46122 | LQ2: 46123 | LR2: 46124 | LS2: 46125 | LT2: 46126 | LU2: 46127 | LV2: 46128 | LW2: 46129 | LX2: 46130 | LY2: 46131 | LZ2: 46132 | MA2: 46133 | MB2: 46134 | MC2: 46135 | MD2: 46136 | ME2: 46137 | MF2: 46138 | MG2: 46139 | MH2: 46140 | MI2: 46141 | MJ2: 46142 | ML2: GIORNI/ORE LAV. | MO2: Assenze | MZ2: 46143 | NA2: 46144 | NB2: 46145 | NC2: 46146 | ND2: 46147 | NE2: 46148 | NF2: 46149 | NG2: 46150 | NH2: 46151 | NI2: 46152 | NJ2: 46153 | NK2: 46154 | NL2: 46155 | NM2: 46156 | NN2: 46157 | NO2: 46158 | NP2: 46159 | NQ2: 46160 | NR2: 46161 | NS2: 46162 | NT2: 46163 | NU2: 46164 | NV2: 46165 | NW2: 46166 | NX2: 46167 | NY2: 46168 | NZ2: 46169 | OA2: 46170 | OB2: 46171 | OC2: 46172 | OD2: 46173 | OE2: GIORNI/ORE LAV. | OH2: Assenze | OS2: 46174 | OT2: 46175 | OU2: 46176 | OV2: 46177 | OW2: 46178 | OX2: 46179 | OY2: 46180 | OZ2: 46181 | PA2: 46182 | PB2: 46183 | PC2: 46184 | PD2: 46185 | PE2: 46186 | PF2: 46187 | PG2: 46188 | PH2: 46189 | PI2: 46190 | PJ2: 46191 | PK2: 46192 | PL2: 46193 | PM2: 46194 | PN2: 46195 | PO2: 46196 | PP2: 46197 | PQ2: 46198 | PR2: 46199 | PS2: 46200 | PT2: 46201 | PU2: 46202 | PV2: 46203 | PX2: GIORNI/ORE LAV. | QA2: Assenze | QL2: 46204 | QM2: 46205 | QN2: 46206 | QO2: 46207 | QP2: 46208 | QQ2: 46209 | QR2: 46210 | QS2: 46211 | QT2: 46212 | QU2: 46213 | QV2: 46214 | QW2: 46215 | QX2: 46216 | QY2: 46217 | QZ2: 46218 | RA2: 46219 | RB2: 46220 | RC2: 46221 | RD2: 46222 | RE2: 46223 | RF2: 46224 | RG2: 46225 | RH2: 46226 | RI2: 46227 | RJ2: 46228 | RK2: 46229 | RL2: 46230 | RM2: 46231 | RN2: 46232 | RO2: 46233 | RP2: 46234 | RQ2: GIORNI/ORE LAV. | RT2: Assenze | SE2: 46235 | SF2: 46236 | SG2: 46237 | SH2: 46238 | SI2: 46239 | SJ2: 46240 | SK2: 46241 | SL2: 46242 | SM2: 46243 | SN2: 46244 | SO2: 46245 | SP2: 46246 | SQ2: 46247 | SR2: 46248 | SS2: 46249 | ST2: 46250 | SU2: 46251 | SV2: 46252 | SW2: 46253 | SX2: 46254 | SY2: 46255 | SZ2: 46256 | TA2: 46257 | TB2: 46258 | TC2: 46259 | TD2: 46260 | TE2: 46261 | TF2: 46262 | TG2: 46263 | TH2: 46264 | TI2: 46265 | TJ2: GIORNI/ORE LAV. | TM2: Assenze
A3: =elenchi!$C1 -> MALDONADO ALEXANDRA | D3: =D$2 -> 45901 | E3: =E$2 -> 45902 | F3: =F$2 -> 45903 | G3: =G$2 -> 45904 | H3: =H$2 -> 45905 | I3: =I$2 -> 45906 | J3: =J$2 -> 45907 | K3: =K$2 -> 45908 | ... AH3: =AH$2 | AI3: GG | AJ3: ORE | AK3: ST* | AL3: FE | AM3: PE | AN3: AI | AO3: AG | AP3: MT | AQ3: ML | AR3: IN | AS3: F | AT3: =elenchi!$C1 -> MALDONADO ALEXANDRA | AW3: =AW$2 -> 45931 | AX3: =AX$2 -> 45932 | AY3: =AY$2 -> 45933 | AZ3: =AZ$2 -> 45934 | BA3: =BA$2 -> 45935 | BB3: =BB$2 -> 45936 | BC3: =BC$2 -> 45937 | BD3: =BD$2 -> 45938 | ... CA3: =CA$2 -> 45961 | CB3: GG | CC3: ORE | CD3: ST* | CE3: FE | CF3: PE | CG3: AI | CH3: AG | CI3: MT | CJ3: ML | CK3: IN | CL3: F | CM3: =elenchi!$C1 -> MALDONADO ALEXANDRA | CP3: =CP$2 -> 45962 | CQ3: =CQ$2 -> 45963 | CR3: =CR$2 -> 45964 | CS3: =CS$2 -> 45965 | CT3: =CT$2 -> 45966 | CU3: =CU$2 -> 45967 | CV3: =CV$2 -> 45968 | CW3: =CW$2 -> 45969 | ... DT3: =DT$2 | DU3: GG | DV3: ORE | DW3: ST* | DX3: FE | DY3: PE | DZ3: AI | EA3: AG | EB3: MT | EC3: ML | ED3: IN | EE3: F | EF3: =elenchi!$C1 -> MALDONADO ALEXANDRA | EI3: =EI$2 -> 45992 | EJ3: =EJ$2 -> 45993 | EK3: =EK$2 -> 45994 | EL3: =EL$2 -> 45995 | EM3: =EM$2 -> 45996 | EN3: =EN$2 -> 45997 | EO3: =EO$2 -> 45998 | EP3: =EP$2 -> 45999 | ... FM3: =FM$2 -> 46022 | FN3: GG | FO3: ORE | FP3: ST* | FQ3: FE | FR3: PE | FS3: AI | FT3: AG | FU3: MT | FV3: ML | FW3: IN | FX3: F | FY3: =elenchi!$C1 -> MALDONADO ALEXANDRA | GB3: =GB$2 -> 46023 | GC3: =GC$2 -> 46024 | GD3: =GD$2 -> 46025 | GE3: =GE$2 -> 46026 | GF3: =GF$2 -> 46027 | GG3: =GG$2 -> 46028 | GH3: =GH$2 -> 46029 | GI3: =GI$2 -> 46030 | ... HF3: =HF$2 -> 46053 | HG3: GG | HH3: ORE | HI3: ST* | HJ3: FE | HK3: PE | HL3: AI | HM3: AG | HN3: MT | HO3: ML | HP3: IN | HQ3: F | HR3: =elenchi!$C1 -> MALDONADO ALEXANDRA | HU3: =HU$2 -> 46054 | HV3: =HV$2 -> 46055 | HW3: =HW$2 -> 46056 | HX3: =HX$2 -> 46057 | HY3: =HY$2 -> 46058 | HZ3: =HZ$2 -> 46059 | IA3: =IA$2 -> 46060 | IB3: =IB$2 -> 46061 | ... IY3: =IY$2 | IZ3: GG | JA3: ORE | JB3: ST* | JC3: FE | JD3: PE | JE3: AI | JF3: AG | JG3: MT | JH3: ML | JI3: IN | JJ3: F | JK3: =elenchi!$C1 -> MALDONADO ALEXANDRA | JN3: =JN$2 -> 46082 | JO3: =JO$2 -> 46083 | JP3: =JP$2 -> 46084 | JQ3: =JQ$2 -> 46085 | JR3: =JR$2 -> 46086 | JS3: =JS$2 -> 46087 | JT3: =JT$2 -> 46088 | JU3: =JU$2 -> 46089 | ... KR3: =KR$2 -> 46112 | KS3: GG | KT3: ORE | KU3: ST* | KV3: FE | KW3: PE | KX3: AI | KY3: AG | KZ3: MT | LA3: ML | LB3: IN | LC3: F | LD3: =elenchi!$C1 -> MALDONADO ALEXANDRA | LG3: =LG$2 -> 46113 | LH3: =LH$2 -> 46114 | LI3: =LI$2 -> 46115 | LJ3: =LJ$2 -> 46116 | LK3: =LK$2 -> 46117 | LL3: =LL$2 -> 46118 | LM3: =LM$2 -> 46119 | LN3: =LN$2 -> 46120 | ... MK3: =MK$2 | ML3: GG | MM3: ORE | MN3: ST* | MO3: FE | MP3: PE | MQ3: AI | MR3: AG | MS3: MT | MT3: ML | MU3: IN | MV3: F | MW3: =elenchi!$C1 -> MALDONADO ALEXANDRA | MZ3: =MZ$2 -> 46143 | NA3: =NA$2 -> 46144 | NB3: =NB$2 -> 46145 | NC3: =NC$2 -> 46146 | ND3: =ND$2 -> 46147 | NE3: =NE$2 -> 46148 | NF3: =NF$2 -> 46149 | NG3: =NG$2 -> 46150 | ... OD3: =OD$2 -> 46173 | OE3: GG | OF3: ORE | OG3: ST* | OH3: FE | OI3: PE | OJ3: AI | OK3: AG | OL3: MT | OM3: ML | ON3: IN | OO3: F | OP3: =elenchi!$C1 -> MALDONADO ALEXANDRA | OS3: =OS$2 -> 46174 | OT3: =OT$2 -> 46175 | OU3: =OU$2 -> 46176 | OV3: =OV$2 -> 46177 | OW3: =OW$2 -> 46178 | OX3: =OX$2 -> 46179 | OY3: =OY$2 -> 46180 | OZ3: =OZ$2 -> 46181 | ... PW3: =PW$2 | PX3: GG | PY3: ORE | PZ3: ST* | QA3: FE | QB3: PE | QC3: AI | QD3: AG | QE3: MT | QF3: ML | QG3: IN | QH3: F | QI3: =elenchi!$C1 -> MALDONADO ALEXANDRA | QL3: =QL$2 -> 46204 | QM3: =QM$2 -> 46205 | QN3: =QN$2 -> 46206 | QO3: =QO$2 -> 46207 | QP3: =QP$2 -> 46208 | QQ3: =QQ$2 -> 46209 | QR3: =QR$2 -> 46210 | QS3: =QS$2 -> 46211 | ... RP3: =RP$2 -> 46234 | RQ3: GG | RR3: ORE | RS3: ST* | RT3: FE | RU3: PE | RV3: AI | RW3: AG | RX3: MT | RY3: ML | RZ3: IN | SA3: F | SB3: =elenchi!$C1 -> MALDONADO ALEXANDRA | SE3: =SE$2 -> 46235 | SF3: =SF$2 -> 46236 | SG3: =SG$2 -> 46237 | SH3: =SH$2 -> 46238 | SI3: =SI$2 -> 46239 | SJ3: =SJ$2 -> 46240 | SK3: =SK$2 -> 46241 | SL3: =SL$2 -> 46242 | ... TI3: =TI$2 -> 46265 | TJ3: GG | TK3: ORE | TL3: ST* | TM3: FE | TN3: PE | TO3: AI | TP3: AG | TQ3: MT | TR3: ML | TS3: IN | TT3: F
D4: =Settembre25!$B$2 -> 8 | E4: =Settembre25!$B$3 -> 8 | F4: =Settembre25!$B$4 -> 8 | G4: =Settembre25!$B$5 -> 8 | H4: =Settembre25!$B$6 -> 8 | I4: =Settembre25!$B$7 -> 8 | J4: =Settembre25!$B$8 | K4: =Settembre25!$B$9 -> 9.5 | L4: =Settembre25!$B$10 -> 9.5 | M4: =Settembre25!$B$11 -> 10.5 | N4: =Settembre25!$B$12 -> 9.5 | O4: =Settembre25!$B$13 -> 9.5 | P4: =Settembre25!$B$14 -> 8 | Q4: =Settembre25!$B$15 | R4: =Settembre25!$B$16 -> 11.5 | S4: =Settembre25!$B$17 -> 9.5 | T4: =Settembre25!$B$18 -> 9.5 | U4: =Settembre25!$B$19 -> 9.5 | V4: =Settembre25!$B$20 -> 9.5 | W4: =Settembre25!$B$21 -> 8 | X4: =Settembre25!$B$22 | Y4: =Settembre25!$B$23 -> 10 | Z4: =Settembre25!$B$24 -> 9.5 | AA4: =Settembre25!$B$25 -> 9.5 | AB4: =Settembre25!$B$26 -> 9.5 | AC4: =Settembre25!$B$27 -> 9.5 | AD4: =Settembre25!$B$28 -> 8 | AE4: =Settembre25!$B$29 | AF4: =Settembre25!$B$30 -> 9.5 | AG4: =Settembre25!$B$31 -> 9.5 | AH4: =Settembre25!$B$32 | AJ4: =SUM(D4:AH4) -> 237 | AW4: =Ottobre25!$B$2 -> 13.5 | AX4: =Ottobre25!$B$3 -> 9.5 | AY4: =Ottobre25!$B$4 -> 9.5 | AZ4: =Ottobre25!$B$5 -> 8 | BA4: =Ottobre25!$B$6 | BB4: =Ottobre25!$B$7 -> 9 | BC4: =Ottobre25!$B$8 -> 9 | BD4: =Ottobre25!$B$9 -> 10 | BE4: =Ottobre25!$B$10 -> 9 | BF4: =Ottobre25!$B$11 -> 8 | BG4: =Ottobre25!$B$12 -> 8 | BH4: =Ottobre25!$B$13 | BI4: =Ottobre25!$B$14 -> 9 | BJ4: =Ottobre25!$B$15 -> 9.5 | BK4: =Ottobre25!$B$16 -> 9 | BL4: =Ottobre25!$B$17 -> 9 | BM4: =Ottobre25!$B$18 -> 8 | BN4: =Ottobre25!$B$19 | BO4: =Ottobre25!$B$20 -> 8 | BP4: =Ottobre25!$B$21 -> 9 | BQ4: =Ottobre25!$B$22 -> 9.5 | BR4: =Ottobre25!$B$23 -> 9 | BS4: =Ottobre25!$B$24 -> 9.5 | BT4: =Ottobre25!$B$25 -> 8 | BU4: =Ottobre25!$B$26 | BV4: =Ottobre25!$B$27 -> 8.5 | BW4: =Ottobre25!$B$28 -> 9 | BX4: =Ottobre25!$B$29 -> 9.5 | BY4: =Ottobre25!$B$30 -> 9 | BZ4: =Ottobre25!$B$31 -> 9.5 | CA4: =Ottobre25!$B$32 -> 8 | CC4: =SUM(AW4:CA4) -> 244.5 | CP4: =Novembre25!$B$2 | CQ4: =Novembre25!$B$3 | CR4: =Novembre25!$B$4 -> 8 | CS4: =Novembre25!$B$5 -> 8 | CT4: =Novembre25!$B$6 -> 8 | CU4: =Novembre25!$B$7 -> 8 | CV4: =Novembre25!$B$8 -> 8 | CW4: =Novembre25!$B$9 -> 8 | CX4: =Novembre25!$B$10 -> 7.5 | CY4: =Novembre25!$B$11 -> 8 | CZ4: =Novembre25!$B$12 -> 8 | DA4: =Novembre25!$B$13 -> 8 | DB4: =Novembre25!$B$14 -> 8 | DC4: =Novembre25!$B$15 -> 8 | DD4: =Novembre25!$B$16 -> 8 | DE4: =Novembre25!$B$17 | DF4: =Novembre25!$B$18 -> 8 | DG4: =Novembre25!$B$19 -> 8 | DH4: =Novembre25!$B$20 -> 8 | DI4: =Novembre25!$B$21 -> 8 | DJ4: =Novembre25!$B$22 -> 8 | DK4: =Novembre25!$B$23 -> 8 | DL4: =Novembre25!$B$24 | DM4: =Novembre25!$B$25 -> 8 | DN4: =Novembre25!$B$26 -> 8 | DO4: =Novembre25!$B$27 -> 8 | DP4: =Novembre25!$B$28 -> 8 | DQ4: =Novembre25!$B$29 -> 8 | DR4: =Novembre25!$B$30 | DS4: =Novembre25!$B$31 | DT4: =Novembre25!$B$32 | DV4: =SUM(CP4:DT4) -> 191.5 | EI4: =Dicembre25!$B$2 -> 8 | EJ4: =Dicembre25!$B$3 -> Pe | EK4: =Dicembre25!$B$4 -> Pe | EL4: =Dicembre25!$B$5 -> 8 | EM4: =Dicembre25!$B$6 -> 8 | EN4: =Dicembre25!$B$7 | EO4: =Dicembre25!$B$8 | EP4: =Dicembre25!$B$9 -> F | EQ4: =Dicembre25!$B$10 -> 8 | ER4: =Dicembre25!$B$11 -> 8 | ES4: =Dicembre25!$B$12 -> 8 | ET4: =Dicembre25!$B$13 -> 8 | EU4: =Dicembre25!$B$14 -> 8 | EV4: =Dicembre25!$B$15 | EW4: =Dicembre25!$B$16 -> 8 | EX4: =Dicembre25!$B$17 -> 8 | EY4: =Dicembre25!$B$18 -> 8 | EZ4: =Dicembre25!$B$19 -> 8 | FA4: =Dicembre25!$B$20 -> 8 | FB4: =Dicembre25!$B$21 -> 8 | FC4: =Dicembre25!$B$22 | FD4: =Dicembre25!$B$23 -> 8 | FE4: =Dicembre25!$B$24 -> 8 | FF4: =Dicembre25!$B$25 -> Fe | FG4: =Dicembre25!$B$26 -> F | FH4: =Dicembre25!$B$27 -> F | FI4: =Dicembre25!$B$28 | FJ4: =Dicembre25!$B$29 | FK4: =Dicembre25!$B$30 -> 8 | FL4: =Dicembre25!$B$31 -> 8 | FM4: =Dicembre25!$B$32 | FO4: =SUM(EI4:FM4) -> 144 | GB4: =Gennaio26!$B$2 -> F | GC4: =Gennaio26!$B$3 -> FE | GD4: =Gennaio26!$B$4 | GE4: =Gennaio26!$B$5 | GF4: =Gennaio26!$B$6 -> FE | GG4: =Gennaio26!$B$7 -> F | GH4: =Gennaio26!$B$8 -> 8 | GI4: =Gennaio26!$B$9 -> 8 | GJ4: =Gennaio26!$B$10 -> 8 | GK4: =Gennaio26!$B$11 | GL4: =Gennaio26!$B$12 | GM4: =Gennaio26!$B$13 -> 5 | GN4: =Gennaio26!$B$14 -> 8 | GO4: =#REF! -> #REF! | GP4: =Gennaio26!$B$15 -> 6.5 | GQ4: =Gennaio26!$B$17 -> 8 | GR4: =Gennaio26!$B$18 -> 8 | GS4: =Gennaio26!$B$19 | GT4: =Gennaio26!$B$20 -> 8 | GU4: =Gennaio26!$B$21 -> 8 | GV4: =Gennaio26!$B$22 -> 8 | GW4: =Gennaio26!$B$23 -> 8 | GX4: =Gennaio26!$B$24 -> 8 | GY4: =Gennaio26!$B$25 -> 8 | GZ4: =Gennaio26!$B$26 | HA4: =Gennaio26!$B$27 -> 8 | HB4: =Gennaio26!$B$28 -> 8 | HC4: =Gennaio26!$B$29 -> 8 | HD4: =Gennaio26!$B$30 -> 8 | HE4: =Gennaio26!$B$31 -> 8 | HF4: =Gennaio26!$B$32 -> 8 | HH4: =SUM(GB4:HF4) -> #REF! | HU4: =Febbraio26!$B$2 | HV4: =Febbraio26!$B$3 -> 11.5 | HW4: =Febbraio26!$B$4 -> 8 | HX4: =Febbraio26!$B$5 -> 9 | HY4: =Febbraio26!$B$6 -> 8 | HZ4: =Febbraio26!$B$7 -> 8 | IA4: =Febbraio26!$B$8 | IB4: =Febbraio26!$B$9 | IC4: =Febbraio26!$B$10 -> 8 | ID4: =Febbraio26!$B$11 -> 8 | IE4: =Febbraio26!$B$12 -> 8 | IF4: =Febbraio26!$B$13 -> 8 | IG4: =Febbraio26!$B$14 -> 8 | IH4: =Febbraio26!$B$15 -> 8 | II4: =Febbraio26!$B$16 | IJ4: =Febbraio26!$B$17 -> 8 | IK4: =Febbraio26!$B$18 -> 8 | IL4: =Febbraio26!$B$19 -> 8 | IM4: =Febbraio26!$B$20 -> 8 | IN4: =Febbraio26!$B$21 -> 8 | IO4: =Febbraio26!$B$22 -> 0 | IP4: =Febbraio26!$B$23 -> 8.5 | IQ4: =Febbraio26!$B$24 -> 8 | IR4: =Febbraio26!$B$25 -> 8 | IS4: =Febbraio26!$B$26 -> 8 | IT4: =Febbraio26!$B$27 -> 8 | IU4: =Febbraio26!$B$28 -> 8 | IV4: =Febbraio26!$B$29 -> 8 | IW4: =Febbraio26!$B$30 | IX4: =Febbraio26!$B$31 | IY4: =Febbraio26!$B$32 | JA4: =SUM(HU4:IY4) -> 189 | JN4: =Marzo26!$B$2 | JO4: =Marzo26!$B$3 -> 8 | JP4: =Marzo26!$B$4 -> 8 | JQ4: =Marzo26!$B$5 -> 8 | JR4: =Marzo26!$B$6 -> 8 | JS4: =Marzo26!$B$7 -> 8 | JT4: =Marzo26!$B$8 -> 8 | JU4: =Marzo26!$B$9 | JV4: =Marzo26!$B$10 -> 8 | JW4: =Marzo26!$B$11 -> 8 | JX4: =Marzo26!$B$12 -> 8 | JY4: =Marzo26!$B$13 -> 8 | JZ4: =Marzo26!$B$14 -> 8 | KA4: =Marzo26!$B$15 -> 8 | KB4: =Marzo26!$B$16 -> 8 | KC4: =Marzo26!$B$17 -> 8 | KD4: =Marzo26!$B$18 -> 8 | KE4: =Marzo26!$B$19 -> 8 | KF4: =Marzo26!$B$20 -> 8 | KG4: =Marzo26!$B$21 -> 8 | KH4: =Marzo26!$B$22 -> 8 | KI4: =Marzo26!$B$23 | KJ4: =Marzo26!$B$24 -> 8 | KK4: =Marzo26!$B$25 -> 8 | KL4: =Marzo26!$B$26 -> 8 | KM4: =Marzo26!$B$27 -> 8 | KN4: =Marzo26!$B$28 -> 8 | KO4: =Marzo26!$B$29 | KP4: =Marzo26!$B$30 | KQ4: =Marzo26!$B$31 -> 8 | KR4: =Marzo26!$B$32 -> 8 | KT4: =SUM(JN4:KR4) -> 208 | LG4: =Aprile26!$B$2 | LH4: =Aprile26!$B$3 | LI4: =Aprile26!$B$4 | LJ4: =Aprile26!$B$5 | LK4: =Aprile26!$B$6 | LL4: =Aprile26!$B$7 | LM4: =Aprile26!$B$8 | LN4: =Aprile26!$B$9 | LO4: =Aprile26!$B$10 | LP4: =Aprile26!$B$11 | LQ4: =Aprile26!$B$12 | LR4: =Aprile26!$B$13 | LS4: =Aprile26!$B$14 | LT4: =Aprile26!$B$15 | LU4: =Aprile26!$B$16 | LV4: =Aprile26!$B$17 | LW4: =Aprile26!$B$18 | LX4: =Aprile26!$B$19 | LY4: =Aprile26!$B$20 | LZ4: =Aprile26!$B$21 | MA4: =Aprile26!$B$22 | MB4: =Aprile26!$B$23 | MC4: =Aprile26!$B$24 | MD4: =Aprile26!$B$25 | ME4: =Aprile26!$B$26 | MF4: =Aprile26!$B$27 | MG4: =Aprile26!$B$28 | MH4: =Aprile26!$B$29 | MI4: =Aprile26!$B$30 | MJ4: =Aprile26!$B$31 | MK4: =Aprile26!$B$32 | MM4: =SUM(LG4:MK4) -> 0 | MZ4: =Maggio26!$B$2 | NA4: =Maggio26!$B$3 | NB4: =Maggio26!$B$4 | NC4: =Maggio26!$B$5 | ND4: =Maggio26!$B$6 | NE4: =Maggio26!$B$7 | NF4: =Maggio26!$B$8 | NG4: =Maggio26!$B$9 | NH4: =Maggio26!$B$10 | NI4: =Maggio26!$B$11 | NJ4: =Maggio26!$B$12 | NK4: =Maggio26!$B$13 | NL4: =Maggio26!$B$14 | NM4: =Maggio26!$B$15 | NN4: =Maggio26!$B$16 | NO4: =Maggio26!$B$17 | NP4: =Maggio26!$B$18 | NQ4: =Maggio26!$B$19 | NR4: =Maggio26!$B$20 | NS4: =Maggio26!$B$21 | NT4: =Maggio26!$B$22 | NU4: =Maggio26!$B$23 | NV4: =Maggio26!$B$24 | NW4: =Maggio26!$B$25 | NX4: =Maggio26!$B$26 | NY4: =Maggio26!$B$27 | NZ4: =Maggio26!$B$28 | OA4: =Maggio26!$B$29 | OB4: =Maggio26!$B$30 | OC4: =Maggio26!$B$31 | OD4: =Maggio26!$B$32 | OF4: =SUM(MZ4:OD4) -> 0 | OS4: =Giugno26!$B$2 | OT4: =Giugno26!$B$3 | OU4: =Giugno26!$B$4 | OV4: =Giugno26!$B$5 | OW4: =Giugno26!$B$6 | OX4: =Giugno26!$B$7 | OY4: =Giugno26!$B$8 | OZ4: =Giugno26!$B$9 | PA4: =Giugno26!$B$10 | PB4: =Giugno26!$B$11 | PC4: =Giugno26!$B$12 | PD4: =Giugno26!$B$13 | PE4: =Giugno26!$B$14 | PF4: =Giugno26!$B$15 | PG4: =Giugno26!$B$16 | PH4: =Giugno26!$B$17 | PI4: =Giugno26!$B$18 | PJ4: =Giugno26!$B$19 | PK4: =Giugno26!$B$20 | PL4: =Giugno26!$B$21 | PM4: =Giugno26!$B$22 | PN4: =Giugno26!$B$23 | PO4: =Giugno26!$B$24 | PP4: =Giugno26!$B$25 | PQ4: =Giugno26!$B$26 | PR4: =Giugno26!$B$27 | PS4: =Giugno26!$B$28 | PT4: =Giugno26!$B$29 | PU4: =Giugno26!$B$30 | PV4: =Giugno26!$B$31 | PW4: =Giugno26!$B$32 | PY4: =SUM(OS4:PW4) -> 0 | QL4: =Luglio26!$B$2 | QM4: =Luglio26!$B$3 | QN4: =Luglio26!$B$4 | QO4: =Luglio26!$B$5 | QP4: =Luglio26!$B$6 | QQ4: =Luglio26!$B$7 | QR4: =Luglio26!$B$8 | QS4: =Luglio26!$B$9 | QT4: =Luglio26!$B$10 | QU4: =Luglio26!$B$11 | QV4: =Luglio26!$B$12 | QW4: =Luglio26!$B$13 | QX4: =Luglio26!$B$14 | QY4: =Luglio26!$B$15 | QZ4: =Luglio26!$B$16 | RA4: =Luglio26!$B$17 | RB4: =Luglio26!$B$18 | RC4: =Luglio26!$B$19 | RD4: =Luglio26!$B$20 | RE4: =Luglio26!$B$21 | RF4: =Luglio26!$B$22 | RG4: =Luglio26!$B$23 | RH4: =Luglio26!$B$24 | RI4: =Luglio26!$B$25 | RJ4: =Luglio26!$B$26 | RK4: =Luglio26!$B$27 | RL4: =Luglio26!$B$28 | RM4: =Luglio26!$B$29 | RN4: =Luglio26!$B$30 | RO4: =Luglio26!$B$31 | RP4: =Luglio26!$B$32 | RR4: =SUM(QL4:RP4) -> 0 | SE4: =Agosto26!$B$2 | SF4: =Agosto26!$B$3 | SG4: =Agosto26!$B$4 | SH4: =Agosto26!$B$5 | SI4: =Agosto26!$B$6 | SJ4: =Agosto26!$B$7 | SK4: =Agosto26!$B$8 | SL4: =Agosto26!$B$9 | SM4: =Agosto26!$B$10 | SN4: =Agosto26!$B$11 | SO4: =Agosto26!$B$12 | SP4: =Agosto26!$B$13 | SQ4: =Agosto26!$B$14 | SR4: =Agosto26!$B$15 | SS4: =Agosto26!$B$16 | ST4: =Agosto26!$B$17 | SU4: =Agosto26!$B$18 | SV4: =Agosto26!$B$19 | SW4: =Agosto26!$B$20 | SX4: =Agosto26!$B$21 | SY4: =Agosto26!$B$22 | SZ4: =Agosto26!$B$23 | TA4: =Agosto26!$B$24 | TB4: =Agosto26!$B$25 | TC4: =Agosto26!$B$26 | TD4: =Agosto26!$B$27 | TE4: =Agosto26!$B$28 | TF4: =Agosto26!$B$29 | TG4: =Agosto26!$B$30 | TH4: =Agosto26!$B$31 | TI4: =Agosto26!$B$32 | TK4: =SUM(SE4:TI4) -> 0
A5: ST* | AK5: =SUM(D5:AG5) -> 0 | AT5: ST* | CD5: =SUM(AW5:BZ5) -> 0 | CM5: ST* | DW5: =SUM(CP5:DS5) -> 0 | EF5: ST* | FP5: =SUM(EI5:FL5) -> 0 | FY5: ST* | HI5: =SUM(GB5:HE5) -> 0 | HR5: ST* | JB5: =SUM(HU5:IX5) -> 0 | JK5: ST* | KU5: =SUM(JN5:KQ5) -> 0 | LD5: ST* | MN5: =SUM(LG5:MJ5) -> 0 | MW5: ST* | OG5: =SUM(MZ5:OC5) -> 0 | OP5: ST* | PZ5: =SUM(OS5:PV5) -> 0 | QI5: ST* | RS5: =SUM(QL5:RO5) -> 0 | SB5: ST* | TL5: =SUM(SE5:TH5) -> 0
A7: NOTE | AT7: NOTE | CM7: NOTE | EF7: NOTE | FY7: NOTE | HR7: NOTE | JK7: NOTE | LD7: NOTE | MW7: NOTE | OP7: NOTE | QI7: NOTE | SB7: NOTE
A8: =elenchi!$C2 -> FUMAGALLI GIUDITTA | D8: =D$2 -> 45901 | E8: =E$2 -> 45902 | F8: =F$2 -> 45903 | G8: =G$2 -> 45904 | H8: =H$2 -> 45905 | I8: =I$2 -> 45906 | J8: =J$2 -> 45907 | K8: =K$2 -> 45908 | ... AH8: =AH$2 | AI8: GG | AJ8: ORE | AK8: ST* | AL8: FE | AM8: PE | AN8: AI | AO8: AG | AP8: MT | AQ8: ML | AR8: IN | AS8: F | AT8: =elenchi!$C2 -> FUMAGALLI GIUDITTA | AW8: =AW$2 -> 45931 | AX8: =AX$2 -> 45932 | AY8: =AY$2 -> 45933 | AZ8: =AZ$2 -> 45934 | BA8: =BA$2 -> 45935 | BB8: =BB$2 -> 45936 | BC8: =BC$2 -> 45937 | BD8: =BD$2 -> 45938 | ... CA8: =CA$2 -> 45961 | CB8: GG | CC8: ORE | CD8: ST* | CE8: FE | CF8: PE | CG8: AI | CH8: AG | CI8: MT | CJ8: ML | CK8: IN | CL8: F | CM8: =elenchi!$C2 -> FUMAGALLI GIUDITTA | CP8: =CP$2 -> 45962 | CQ8: =CQ$2 -> 45963 | CR8: =CR$2 -> 45964 | CS8: =CS$2 -> 45965 | CT8: =CT$2 -> 45966 | CU8: =CU$2 -> 45967 | CV8: =CV$2 -> 45968 | CW8: =CW$2 -> 45969 | ... DT8: =DT$2 | DU8: GG | DV8: ORE | DW8: ST* | DX8: FE | DY8: PE | DZ8: AI | EA8: AG | EB8: MT | EC8: ML | ED8: IN | EE8: F | EF8: =elenchi!$C2 -> FUMAGALLI GIUDITTA | EI8: =EI$2 -> 45992 | EJ8: =EJ$2 -> 45993 | EK8: =EK$2 -> 45994 | EL8: =EL$2 -> 45995 | EM8: =EM$2 -> 45996 | EN8: =EN$2 -> 45997 | EO8: =EO$2 -> 45998 | EP8: =EP$2 -> 45999 | ... FM8: =FM$2 -> 46022 | FN8: GG | FO8: ORE | FP8: ST* | FQ8: FE | FR8: PE | FS8: AI | FT8: AG | FU8: MT | FV8: ML | FW8: IN | FX8: F | FY8: =elenchi!$C2 -> FUMAGALLI GIUDITTA | GB8: =GB$2 -> 46023 | GC8: =GC$2 -> 46024 | GD8: =GD$2 -> 46025 | GE8: =GE$2 -> 46026 | GF8: =GF$2 -> 46027 | GG8: =GG$2 -> 46028 | GH8: =GH$2 -> 46029 | GI8: =GI$2 -> 46030 | ... HF8: =HF$2 -> 46053 | HG8: GG | HH8: ORE | HI8: ST* | HJ8: FE | HK8: PE | HL8: AI | HM8: AG | HN8: MT | HO8: ML | HP8: IN | HQ8: F | HR8: =elenchi!$C2 -> FUMAGALLI GIUDITTA | HU8: =HU$2 -> 46054 | HV8: =HV$2 -> 46055 | HW8: =HW$2 -> 46056 | HX8: =HX$2 -> 46057 | HY8: =HY$2 -> 46058 | HZ8: =HZ$2 -> 46059 | IA8: =IA$2 -> 46060 | IB8: =IB$2 -> 46061 | ... IY8: =IY$2 | IZ8: GG | JA8: ORE | JB8: ST* | JC8: FE | JD8: PE | JE8: AI | JF8: AG | JG8: MT | JH8: ML | JI8: IN | JJ8: F | JK8: =elenchi!$C2 -> FUMAGALLI GIUDITTA | JN8: =JN$2 -> 46082 | JO8: =JO$2 -> 46083 | JP8: =JP$2 -> 46084 | JQ8: =JQ$2 -> 46085 | JR8: =JR$2 -> 46086 | JS8: =JS$2 -> 46087 | JT8: =JT$2 -> 46088 | JU8: =JU$2 -> 46089 | ... KR8: =KR$2 -> 46112 | KS8: GG | KT8: ORE | KU8: ST* | KV8: FE | KW8: PE | KX8: AI | KY8: AG | KZ8: MT | LA8: ML | LB8: IN | LC8: F | LD8: =elenchi!$C2 -> FUMAGALLI GIUDITTA | LG8: =LG$2 -> 46113 | LH8: =LH$2 -> 46114 | LI8: =LI$2 -> 46115 | LJ8: =LJ$2 -> 46116 | LK8: =LK$2 -> 46117 | LL8: =LL$2 -> 46118 | LM8: =LM$2 -> 46119 | LN8: =LN$2 -> 46120 | ... MK8: =MK$2 | ML8: GG | MM8: ORE | MN8: ST* | MO8: FE | MP8: PE | MQ8: AI | MR8: AG | MS8: MT | MT8: ML | MU8: IN | MV8: F | MW8: =elenchi!$C2 -> FUMAGALLI GIUDITTA | MZ8: =MZ$2 -> 46143 | NA8: =NA$2 -> 46144 | NB8: =NB$2 -> 46145 | NC8: =NC$2 -> 46146 | ND8: =ND$2 -> 46147 | NE8: =NE$2 -> 46148 | NF8: =NF$2 -> 46149 | NG8: =NG$2 -> 46150 | ... OD8: =OD$2 -> 46173 | OE8: GG | OF8: ORE | OG8: ST* | OH8: FE | OI8: PE | OJ8: AI | OK8: AG | OL8: MT | OM8: ML | ON8: IN | OO8: F | OP8: =elenchi!$C2 -> FUMAGALLI GIUDITTA | OS8: =OS$2 -> 46174 | OT8: =OT$2 -> 46175 | OU8: =OU$2 -> 46176 | OV8: =OV$2 -> 46177 | OW8: =OW$2 -> 46178 | OX8: =OX$2 -> 46179 | OY8: =OY$2 -> 46180 | OZ8: =OZ$2 -> 46181 | ... PW8: =PW$2 | PX8: GG | PY8: ORE | PZ8: ST* | QA8: FE | QB8: PE | QC8: AI | QD8: AG | QE8: MT | QF8: ML | QG8: IN | QH8: F | QI8: =elenchi!$C2 -> FUMAGALLI GIUDITTA | QL8: =QL$2 -> 46204 | QM8: =QM$2 -> 46205 | QN8: =QN$2 -> 46206 | QO8: =QO$2 -> 46207 | QP8: =QP$2 -> 46208 | QQ8: =QQ$2 -> 46209 | QR8: =QR$2 -> 46210 | QS8: =QS$2 -> 46211 | ... RP8: =RP$2 -> 46234 | RQ8: GG | RR8: ORE | RS8: ST* | RT8: FE | RU8: PE | RV8: AI | RW8: AG | RX8: MT | RY8: ML | RZ8: IN | SA8: F | SB8: =elenchi!$C2 -> FUMAGALLI GIUDITTA | SE8: =SE$2 -> 46235 | SF8: =SF$2 -> 46236 | SG8: =SG$2 -> 46237 | SH8: =SH$2 -> 46238 | SI8: =SI$2 -> 46239 | SJ8: =SJ$2 -> 46240 | SK8: =SK$2 -> 46241 | SL8: =SL$2 -> 46242 | ... TI8: =TI$2 -> 46265 | TJ8: GG | TK8: ORE | TL8: ST* | TM8: FE | TN8: PE | TO8: AI | TP8: AG | TQ8: MT | TR8: ML | TS8: IN | TT8: F
D9: =Settembre25!$C$2 -> 8 | E9: =Settembre25!$C$3 -> 8 | F9: =Settembre25!$C$4 -> 7.5 | G9: =Settembre25!$C$5 -> 8 | H9: =Settembre25!$C$6 -> 8 | I9: =Settembre25!$C$7 | J9: =Settembre25!$C$8 | K9: =Settembre25!$C$9 -> 9.5 | L9: =Settembre25!$C$10 -> 9.5 | M9: =Settembre25!$C$11 -> 9.5 | N9: =Settembre25!$C$12 -> 9.5 | O9: =Settembre25!$C$13 -> 9.5 | P9: =Settembre25!$C$14 | Q9: =Settembre25!$C$15 | R9: =Settembre25!$C$16 -> 9.5 | S9: =Settembre25!$C$17 -> 9.5 | T9: =Settembre25!$C$18 -> 9.5 | U9: =Settembre25!$C$19 -> 9.5 | V9: =Settembre25!$C$20 -> 9.5 | W9: =Settembre25!$C$21 | X9: =Settembre25!$C$22 | Y9: =Settembre25!$C$23 -> 9.5 | Z9: =Settembre25!$C$24 -> 9.5 | AA9: =Settembre25!$C$25 -> 9.5 | AB9: =Settembre25!$C$26 -> 9.5 | AC9: =Settembre25!$C$27 -> 9.5 | AD9: =Settembre25!$C$28 | AE9: =Settembre25!$C$29 | AF9: =Settembre25!$C$30 -> 9.5 | AG9: =Settembre25!$C$31 -> 9.5 | AH9: =Settembre25!$C$32 | AJ9: =SUM(D9:AH9) -> 201 | AW9: =Ottobre25!$C$2 -> 9.5 | AX9: =Ottobre25!$C$3 -> 9.5 | AY9: =Ottobre25!$C$4 -> 9.5 | AZ9: =Ottobre25!$C$5 | BA9: =Ottobre25!$C$6 | BB9: =Ottobre25!$C$7 -> 8 | BC9: =Ottobre25!$C$8 -> 8 | BD9: =Ottobre25!$C$9 -> 8 | BE9: =Ottobre25!$C$10 -> 8 | BF9: =Ottobre25!$C$11 -> 8.5 | BG9: =Ottobre25!$C$12 | BH9: =Ottobre25!$C$13 | BI9: =Ottobre25!$C$14 -> 9.5 | BJ9: =Ottobre25!$C$15 -> 8 | BK9: =Ottobre25!$C$16 -> 9.5 | BL9: =Ottobre25!$C$17 -> 8 | BM9: =Ottobre25!$C$18 -> 8.5 | BN9: =Ottobre25!$C$19 | BO9: =Ottobre25!$C$20 | BP9: =Ottobre25!$C$21 -> 9.5 | BQ9: =Ottobre25!$C$22 -> 8 | BR9: =Ottobre25!$C$23 -> 9.5 | BS9: =Ottobre25!$C$24 -> 8 | BT9: =Ottobre25!$C$25 -> 8.5 | BU9: =Ottobre25!$C$26 | BV9: =Ottobre25!$C$27 | BW9: =Ottobre25!$C$28 -> 9.5 | BX9: =Ottobre25!$C$29 -> 8 | BY9: =Ottobre25!$C$30 -> 9.5 | BZ9: =Ottobre25!$C$31 -> 8 | CA9: =Ottobre25!$C$32 -> 8.5 | CC9: =SUM(AW9:CA9) -> 199.5 | CP9: =Novembre25!$C$2 | CQ9: =Novembre25!$C$3 | CR9: =Novembre25!$C$4 -> 8 | CS9: =Novembre25!$C$5 -> 8 | CT9: =Novembre25!$C$6 -> 8 | CU9: =Novembre25!$C$7 -> 8 | CV9: =Novembre25!$C$8 -> Pe | CW9: =Novembre25!$C$9 | CX9: =Novembre25!$C$10 | CY9: =Novembre25!$C$11 -> 8 | CZ9: =Novembre25!$C$12 -> 8 | DA9: =Novembre25!$C$13 -> 8 | DB9: =Novembre25!$C$14 -> 8 | DC9: =Novembre25!$C$15 -> 8 | DD9: =Novembre25!$C$16 | DE9: =Novembre25!$C$17 | DF9: =Novembre25!$C$18 -> 8 | DG9: =Novembre25!$C$19 -> 8 | DH9: =Novembre25!$C$20 -> 8 | DI9: =Novembre25!$C$21 -> Pe | DJ9: =Novembre25!$C$22 -> 8 | DK9: =Novembre25!$C$23 | DL9: =Novembre25!$C$24 | DM9: =Novembre25!$C$25 -> 5 | DN9: =Novembre25!$C$26 -> 8 | DO9: =Novembre25!$C$27 -> 8 | DP9: =Novembre25!$C$28 -> 8 | DQ9: =Novembre25!$C$29 -> 8 | DR9: =Novembre25!$C$30 | DS9: =Novembre25!$C$31 | DT9: =Novembre25!$C$32 | DV9: =SUM(CP9:DT9) -> 141 | EI9: =Dicembre25!$C$2 -> 8 | EJ9: =Dicembre25!$C$3 -> 8 | EK9: =Dicembre25!$C$4 -> 8 | EL9: =Dicembre25!$C$5 -> 8 | EM9: =Dicembre25!$C$6 -> 8 | EN9: =Dicembre25!$C$7 | EO9: =Dicembre25!$C$8 | EP9: =Dicembre25!$C$9 -> F | EQ9: =Dicembre25!$C$10 -> 8 | ER9: =Dicembre25!$C$11 -> 8 | ES9: =Dicembre25!$C$12 -> 8 | ET9: =Dicembre25!$C$13 -> 8 | EU9: =Dicembre25!$C$14 | EV9: =Dicembre25!$C$15 | EW9: =Dicembre25!$C$16 -> 8 | EX9: =Dicembre25!$C$17 -> 8 | EY9: =Dicembre25!$C$18 -> 8 | EZ9: =Dicembre25!$C$19 -> 8 | FA9: =Dicembre25!$C$20 -> 8 | FB9: =Dicembre25!$C$21 | FC9: =Dicembre25!$C$22 | FD9: =Dicembre25!$C$23 -> 8 | FE9: =Dicembre25!$C$24 -> 8 | FF9: =Dicembre25!$C$25 -> Fe | FG9: =Dicembre25!$C$26 -> F | FH9: =Dicembre25!$C$27 -> F | FI9: =Dicembre25!$C$28 | FJ9: =Dicembre25!$C$29 | FK9: =Dicembre25!$C$30 -> 8 | FL9: =Dicembre25!$C$31 -> 8 | FM9: =Dicembre25!$C$32 | FO9: =SUM(EI9:FM9) -> 144 | GB9: =Gennaio26!$C$2 -> F | GC9: =Gennaio26!$C$3 -> FE | GD9: =Gennaio26!$C$4 | GE9: =Gennaio26!$C$5 | GF9: =Gennaio26!$C$6 -> FE | GG9: =Gennaio26!$C$7 -> F | GH9: =Gennaio26!$C$8 -> 8 | GI9: =Gennaio26!$C$9 -> 6 | GJ9: =Gennaio26!$C$10 -> 7 | GK9: =Gennaio26!$C$11 | GL9: =Gennaio26!$C$12 | GM9: =Gennaio26!$C$13 -> 8 | GN9: =Gennaio26!$C$14 -> 8 | GO9: =Gennaio26!$C$15 -> 8 | GP9: =Gennaio26!$C$16 -> 8 | GQ9: =Gennaio26!$C$17 -> 8 | GR9: =Gennaio26!$C$18 | GS9: =Gennaio26!$C$19 | GT9: =Gennaio26!$C$20 -> 8 | GU9: =Gennaio26!$C$21 -> 8 | GV9: =Gennaio26!$C$22 -> 8 | GW9: =Gennaio26!$C$23 -> 8 | GX9: =Gennaio26!$C$24 -> 8 | GY9: =Gennaio26!$C$25 | GZ9: =Gennaio26!$C$26 | HA9: =Gennaio26!$C$27 -> 8 | HB9: =Gennaio26!$C$28 -> 8 | HC9: =Gennaio26!$C$29 -> 8 | HD9: =Gennaio26!$C$30 -> Pe | HE9: =Gennaio26!$C$31 -> Pe | HF9: =Gennaio26!$C$32 | HH9: =SUM(GB9:HF9) -> 125 | HU9: =Febbraio26!$C$2 | HV9: =Febbraio26!$C$3 -> 8 | HW9: =Febbraio26!$C$4 -> 8 | HX9: =Febbraio26!$C$5 -> 8 | HY9: =Febbraio26!$C$6 -> 8 | HZ9: =Febbraio26!$C$7 -> 8 | IA9: =Febbraio26!$C$8 | IB9: =Febbraio26!$C$9 | IC9: =Febbraio26!$C$10 -> 8 | ID9: =Febbraio26!$C$11 -> 8 | IE9: =Febbraio26!$C$12 -> 8 | IF9: =Febbraio26!$C$13 -> 8 | IG9: =Febbraio26!$C$14 -> 8 | IH9: =Febbraio26!$C$15 | II9: =Febbraio26!$C$16 | IJ9: =Febbraio26!$C$17 -> 8 | IK9: =Febbraio26!$C$18 -> 8 | IL9: =Febbraio26!$C$19 -> 8 | IM9: =Febbraio26!$C$20 -> 8 | IN9: =Febbraio26!$C$21 -> 8 | IO9: =Febbraio26!$C$22 | IP9: =Febbraio26!$C$23 | IQ9: =Febbraio26!$C$24 -> 8 | IR9: =Febbraio26!$C$25 -> 8 | IS9: =Febbraio26!$C$26 -> 8 | IT9: =Febbraio26!$C$27 -> 8 | IU9: =Febbraio26!$C$28 -> 8 | IV9: =Febbraio26!$C$29 | IW9: =Febbraio26!$C$30 | IX9: =Febbraio26!$C$31 | IY9: =Febbraio26!$C$32 | JA9: =SUM(HU9:IY9) -> 160 | JN9: =Marzo26!$C$2 | JO9: =Marzo26!$C$3 -> 8 | JP9: =Marzo26!$C$4 -> 8 | JQ9: =Marzo26!$C$5 -> 8 | JR9: =Marzo26!$C$6 -> 8 | JS9: =Marzo26!$C$7 -> 8 | JT9: =Marzo26!$C$8 | JU9: =Marzo26!$C$9 | JV9: =Marzo26!$C$10 -> 8 | JW9: =Marzo26!$C$11 -> 8 | JX9: =Marzo26!$C$12 -> 8 | JY9: =Marzo26!$C$13 -> 8 | JZ9: =Marzo26!$C$14 -> 8 | KA9: =Marzo26!$C$15 | KB9: =Marzo26!$C$16 | KC9: =Marzo26!$C$17 -> 8 | KD9: =Marzo26!$C$18 -> 8 | KE9: =Marzo26!$C$19 -> 8 | KF9: =Marzo26!$C$20 -> 7 | KG9: =Marzo26!$C$21 | KH9: =Marzo26!$C$22 | KI9: =Marzo26!$C$23 | KJ9: =Marzo26!$C$24 -> 8 | KK9: =Marzo26!$C$25 -> 8 | KL9: =Marzo26!$C$26 -> 8 | KM9: =Marzo26!$C$27 -> 8 | KN9: =Marzo26!$C$28 -> 8 | KO9: =Marzo26!$C$29 | KP9: =Marzo26!$C$30 | KQ9: =Marzo26!$C$31 -> 8 | KR9: =Marzo26!$C$32 | KT9: =SUM(JN9:KR9) -> 159 | LG9: =Aprile26!$C$2 | LH9: =Aprile26!$C$3 | LI9: =Aprile26!$C$4 | LJ9: =Aprile26!$C$5 | LK9: =Aprile26!$C$6 | LL9: =Aprile26!$C$7 | LM9: =Aprile26!$C$8 | LN9: =Aprile26!$C$9 | LO9: =Aprile26!$C$10 | LP9: =Aprile26!$C$11 | LQ9: =Aprile26!$C$12 | LR9: =Aprile26!$C$13 | LS9: =Aprile26!$C$14 | LT9: =Aprile26!$C$15 | LU9: =Aprile26!$C$16 | LV9: =Aprile26!$C$17 | LW9: =Aprile26!$C$18 | LX9: =Aprile26!$C$19 | LY9: =Aprile26!$C$20 | LZ9: =Aprile26!$C$21 | MA9: =Aprile26!$C$22 | MB9: =Aprile26!$C$23 | MC9: =Aprile26!$C$24 | MD9: =Aprile26!$C$25 | ME9: =Aprile26!$C$26 | MF9: =Aprile26!$C$27 | MG9: =Aprile26!$C$28 | MH9: =Aprile26!$C$29 | MI9: =Aprile26!$C$30 | MJ9: =Aprile26!$C$31 | MK9: =Aprile26!$C$32 | MM9: =SUM(LG9:MK9) -> 0 | MZ9: =Maggio26!$C$2 | NA9: =Maggio26!$C$3 | NB9: =Maggio26!$C$4 | NC9: =Maggio26!$C$5 | ND9: =Maggio26!$C$6 | NE9: =Maggio26!$C$7 | NF9: =Maggio26!$C$8 | NG9: =Maggio26!$C$9 | NH9: =Maggio26!$C$10 | NI9: =Maggio26!$C$11 | NJ9: =Maggio26!$C$12 | NK9: =Maggio26!$C$13 | NL9: =Maggio26!$C$14 | NM9: =Maggio26!$C$15 | NN9: =Maggio26!$C$16 | NO9: =Maggio26!$C$17 | NP9: =Maggio26!$C$18 | NQ9: =Maggio26!$C$19 | NR9: =Maggio26!$C$20 | NS9: =Maggio26!$C$21 | NT9: =Maggio26!$C$22 | NU9: =Maggio26!$C$23 | NV9: =Maggio26!$C$24 | NW9: =Maggio26!$C$25 | NX9: =Maggio26!$C$26 | NY9: =Maggio26!$C$27 | NZ9: =Maggio26!$C$28 | OA9: =Maggio26!$C$29 | OB9: =Maggio26!$C$30 | OC9: =Maggio26!$C$31 | OD9: =Maggio26!$C$32 | OF9: =SUM(MZ9:OD9) -> 0 | OS9: =Giugno26!$C$2 | OT9: =Giugno26!$C$3 | OU9: =Giugno26!$C$4 | OV9: =Giugno26!$C$5 | OW9: =Giugno26!$C$6 | OX9: =Giugno26!$C$7 | OY9: =Giugno26!$C$8 | OZ9: =Giugno26!$C$9 | PA9: =Giugno26!$C$10 | PB9: =Giugno26!$C$11 | PC9: =Giugno26!$C$12 | PD9: =Giugno26!$C$13 | PE9: =Giugno26!$C$14 | PF9: =Giugno26!$C$15 | PG9: =Giugno26!$C$16 | PH9: =Giugno26!$C$17 | PI9: =Giugno26!$C$18 | PJ9: =Giugno26!$C$19 | PK9: =Giugno26!$C$20 | PL9: =Giugno26!$C$21 | PM9: =Giugno26!$C$22 | PN9: =Giugno26!$C$23 | PO9: =Giugno26!$C$24 | PP9: =Giugno26!$C$25 | PQ9: =Giugno26!$C$26 | PR9: =Giugno26!$C$27 | PS9: =Giugno26!$C$28 | PT9: =Giugno26!$C$29 | PU9: =Giugno26!$C$30 | PV9: =Giugno26!$C$31 | PW9: =Giugno26!$C$32 | PY9: =SUM(OS9:PW9) -> 0 | QL9: =Luglio26!$C$2 | QM9: =Luglio26!$C$3 | QN9: =Luglio26!$C$4 | QO9: =Luglio26!$C$5 | QP9: =Luglio26!$C$6 | QQ9: =Luglio26!$C$7 | QR9: =Luglio26!$C$8 | QS9: =Luglio26!$C$9 | QT9: =Luglio26!$C$10 | QU9: =Luglio26!$C$11 | QV9: =Luglio26!$C$12 | QW9: =Luglio26!$C$13 | QX9: =Luglio26!$C$14 | QY9: =Luglio26!$C$15 | QZ9: =Luglio26!$C$16 | RA9: =Luglio26!$C$17 | RB9: =Luglio26!$C$18 | RC9: =Luglio26!$C$19 | RD9: =Luglio26!$C$20 | RE9: =Luglio26!$C$21 | RF9: =Luglio26!$C$22 | RG9: =Luglio26!$C$23 | RH9: =Luglio26!$C$24 | RI9: =Luglio26!$C$25 | RJ9: =Luglio26!$C$26 | RK9: =Luglio26!$C$27 | RL9: =Luglio26!$C$28 | RM9: =Luglio26!$C$29 | RN9: =Luglio26!$C$30 | RO9: =Luglio26!$C$31 | RP9: =Luglio26!$C$32 | RR9: =SUM(QL9:RP9) -> 0 | SE9: =Agosto26!$C$2 | SF9: =Agosto26!$C$3 | SG9: =Agosto26!$C$4 | SH9: =Agosto26!$C$5 | SI9: =Agosto26!$C$6 | SJ9: =Agosto26!$C$7 | SK9: =Agosto26!$C$8 | SL9: =Agosto26!$C$9 | SM9: =Agosto26!$C$10 | SN9: =Agosto26!$C$11 | SO9: =Agosto26!$C$12 | SP9: =Agosto26!$C$13 | SQ9: =Agosto26!$C$14 | SR9: =Agosto26!$C$15 | SS9: =Agosto26!$C$16 | ST9: =Agosto26!$C$17 | SU9: =Agosto26!$C$18 | SV9: =Agosto26!$C$19 | SW9: =Agosto26!$C$20 | SX9: =Agosto26!$C$21 | SY9: =Agosto26!$C$22 | SZ9: =Agosto26!$C$23 | TA9: =Agosto26!$C$24 | TB9: =Agosto26!$C$25 | TC9: =Agosto26!$C$26 | TD9: =Agosto26!$C$27 | TE9: =Agosto26!$C$28 | TF9: =Agosto26!$C$29 | TG9: =Agosto26!$C$30 | TH9: =Agosto26!$C$31 | TI9: =Agosto26!$C$32 | TK9: =SUM(SE9:TI9) -> 0
A10: ST* | AK10: =SUM(D10:AG10) -> 0 | AT10: ST* | CD10: =SUM(AW10:BZ10) -> 0 | CM10: ST* | DW10: =SUM(CP10:DS10) -> 0 | EF10: ST* | FP10: =SUM(EI10:FL10) -> 0 | FY10: ST* | HI10: =SUM(GB10:HE10) -> 0 | HR10: ST* | JB10: =SUM(HU10:IX10) -> 0 | JK10: ST* | KU10: =SUM(JN10:KQ10) -> 0 | LD10: ST* | MN10: =SUM(LG10:MJ10) -> 0 | MW10: ST* | OG10: =SUM(MZ10:OC10) -> 0 | OP10: ST* | PZ10: =SUM(OS10:PV10) -> 0 | QI10: ST* | RS10: =SUM(QL10:RO10) -> 0 | SB10: ST* | TL10: =SUM(SE10:TH10) -> 0
A12: NOTE | AT12: NOTE | CM12: NOTE | EF12: NOTE | FY12: NOTE | HR12: NOTE | JK12: NOTE | LD12: NOTE | MW12: NOTE | OP12: NOTE | QI12: NOTE | SB12: NOTE
A13: =elenchi!$C3 -> SEGURA ESTEFANY | D13: =D$2 -> 45901 | E13: =E$2 -> 45902 | F13: =F$2 -> 45903 | G13: =G$2 -> 45904 | H13: =H$2 -> 45905 | I13: =I$2 -> 45906 | J13: =J$2 -> 45907 | K13: =K$2 -> 45908 | ... AH13: =AH$2 | AI13: GG | AJ13: ORE | AK13: ST* | AL13: FE | AM13: PE | AN13: AI | AO13: AG | AP13: MT | AQ13: ML | AR13: IN | AS13: F | AT13: =elenchi!$C3 -> SEGURA ESTEFANY | AW13: =AW$2 -> 45931 | AX13: =AX$2 -> 45932 | AY13: =AY$2 -> 45933 | AZ13: =AZ$2 -> 45934 | BA13: =BA$2 -> 45935 | BB13: =BB$2 -> 45936 | BC13: =BC$2 -> 45937 | BD13: =BD$2 -> 45938 | ... CA13: =CA$2 -> 45961 | CB13: GG | CC13: ORE | CD13: ST* | CE13: FE | CF13: PE | CG13: AI | CH13: AG | CI13: MT | CJ13: ML | CK13: IN | CL13: F | CM13: =elenchi!$C3 -> SEGURA ESTEFANY | CP13: =CP$2 -> 45962 | CQ13: =CQ$2 -> 45963 | CR13: =CR$2 -> 45964 | CS13: =CS$2 -> 45965 | CT13: =CT$2 -> 45966 | CU13: =CU$2 -> 45967 | CV13: =CV$2 -> 45968 | CW13: =CW$2 -> 45969 | ... DT13: =DT$2 | DU13: GG | DV13: ORE | DW13: ST* | DX13: FE | DY13: PE | DZ13: AI | EA13: AG | EB13: MT | EC13: ML | ED13: IN | EE13: F | EF13: =elenchi!$C3 -> SEGURA ESTEFANY | EI13: =EI$2 -> 45992 | EJ13: =EJ$2 -> 45993 | EK13: =EK$2 -> 45994 | EL13: =EL$2 -> 45995 | EM13: =EM$2 -> 45996 | EN13: =EN$2 -> 45997 | EO13: =EO$2 -> 45998 | EP13: =EP$2 -> 45999 | ... FM13: =FM$2 -> 46022 | FN13: GG | FO13: ORE | FP13: ST* | FQ13: FE | FR13: PE | FS13: AI | FT13: AG | FU13: MT | FV13: ML | FW13: IN | FX13: F | FY13: =elenchi!$C3 -> SEGURA ESTEFANY | GB13: =GB$2 -> 46023 | GC13: =GC$2 -> 46024 | GD13: =GD$2 -> 46025 | GE13: =GE$2 -> 46026 | GF13: =GF$2 -> 46027 | GG13: =GG$2 -> 46028 | GH13: =GH$2 -> 46029 | GI13: =GI$2 -> 46030 | ... HF13: =HF$2 -> 46053 | HG13: GG | HH13: ORE | HI13: ST* | HJ13: FE | HK13: PE | HL13: AI | HM13: AG | HN13: MT | HO13: ML | HP13: IN | HQ13: F | HR13: =elenchi!$C3 -> SEGURA ESTEFANY | HU13: =HU$2 -> 46054 | HV13: =HV$2 -> 46055 | HW13: =HW$2 -> 46056 | HX13: =HX$2 -> 46057 | HY13: =HY$2 -> 46058 | HZ13: =HZ$2 -> 46059 | IA13: =IA$2 -> 46060 | IB13: =IB$2 -> 46061 | ... IY13: =IY$2 | IZ13: GG | JA13: ORE | JB13: ST* | JC13: FE | JD13: PE | JE13: AI | JF13: AG | JG13: MT | JH13: ML | JI13: IN | JJ13: F | JK13: =elenchi!$C3 -> SEGURA ESTEFANY | JN13: =JN$2 -> 46082 | JO13: =JO$2 -> 46083 | JP13: =JP$2 -> 46084 | JQ13: =JQ$2 -> 46085 | JR13: =JR$2 -> 46086 | JS13: =JS$2 -> 46087 | JT13: =JT$2 -> 46088 | JU13: =JU$2 -> 46089 | ... KR13: =KR$2 -> 46112 | KS13: GG | KT13: ORE | KU13: ST* | KV13: FE | KW13: PE | KX13: AI | KY13: AG | KZ13: MT | LA13: ML | LB13: IN | LC13: F | LD13: =elenchi!$C3 -> SEGURA ESTEFANY | LG13: =LG$2 -> 46113 | LH13: =LH$2 -> 46114 | LI13: =LI$2 -> 46115 | LJ13: =LJ$2 -> 46116 | LK13: =LK$2 -> 46117 | LL13: =LL$2 -> 46118 | LM13: =LM$2 -> 46119 | LN13: =LN$2 -> 46120 | ... MK13: =MK$2 | ML13: GG | MM13: ORE | MN13: ST* | MO13: FE | MP13: PE | MQ13: AI | MR13: AG | MS13: MT | MT13: ML | MU13: IN | MV13: F | MW13: =elenchi!$C3 -> SEGURA ESTEFANY | MZ13: =MZ$2 -> 46143 | NA13: =NA$2 -> 46144 | NB13: =NB$2 -> 46145 | NC13: =NC$2 -> 46146 | ND13: =ND$2 -> 46147 | NE13: =NE$2 -> 46148 | NF13: =NF$2 -> 46149 | NG13: =NG$2 -> 46150 | ... OD13: =OD$2 -> 46173 | OE13: GG | OF13: ORE | OG13: ST* | OH13: FE | OI13: PE | OJ13: AI | OK13: AG | OL13: MT | OM13: ML | ON13: IN | OO13: F | OP13: =elenchi!$C3 -> SEGURA ESTEFANY | OS13: =OS$2 -> 46174 | OT13: =OT$2 -> 46175 | OU13: =OU$2 -> 46176 | OV13: =OV$2 -> 46177 | OW13: =OW$2 -> 46178 | OX13: =OX$2 -> 46179 | OY13: =OY$2 -> 46180 | OZ13: =OZ$2 -> 46181 | ... PW13: =PW$2 | PX13: GG | PY13: ORE | PZ13: ST* | QA13: FE | QB13: PE | QC13: AI | QD13: AG | QE13: MT | QF13: ML | QG13: IN | QH13: F | QI13: =elenchi!$C3 -> SEGURA ESTEFANY | QL13: =QL$2 -> 46204 | QM13: =QM$2 -> 46205 | QN13: =QN$2 -> 46206 | QO13: =QO$2 -> 46207 | QP13: =QP$2 -> 46208 | QQ13: =QQ$2 -> 46209 | QR13: =QR$2 -> 46210 | QS13: =QS$2 -> 46211 | ... RP13: =RP$2 -> 46234 | RQ13: GG | RR13: ORE | RS13: ST* | RT13: FE | RU13: PE | RV13: AI | RW13: AG | RX13: MT | RY13: ML | RZ13: IN | SA13: F | SB13: =elenchi!$C3 -> SEGURA ESTEFANY | SE13: =SE$2 -> 46235 | SF13: =SF$2 -> 46236 | SG13: =SG$2 -> 46237 | SH13: =SH$2 -> 46238 | SI13: =SI$2 -> 46239 | SJ13: =SJ$2 -> 46240 | SK13: =SK$2 -> 46241 | SL13: =SL$2 -> 46242 | ... TI13: =TI$2 -> 46265 | TJ13: GG | TK13: ORE | TL13: ST* | TM13: FE | TN13: PE | TO13: AI | TP13: AG | TQ13: MT | TR13: ML | TS13: IN | TT13: F
D14: =Settembre25!$D$2 -> 8 | E14: =Settembre25!$D$3 -> 8 | F14: =Settembre25!$D$4 -> 6 | G14: =Settembre25!$D$5 -> 8 | H14: =Settembre25!$D$6 -> 8 | I14: =Settembre25!$D$7 | J14: =Settembre25!$D$8 | K14: =Settembre25!$D$9 -> 9.5 | L14: =Settembre25!$D$10 -> 9.5 | M14: =Settembre25!$D$11 -> 9.5 | N14: =Settembre25!$D$12 -> 9.5 | O14: =Settembre25!$D$13 -> 9.5 | P14: =Settembre25!$D$14 -> 8 | Q14: =Settembre25!$D$15 | R14: =Settembre25!$D$16 -> 9.5 | S14: =Settembre25!$D$17 -> 9.5 | T14: =Settembre25!$D$18 -> 9.5 | U14: =Settembre25!$D$19 -> 9.5 | V14: =Settembre25!$D$20 -> 9.5 | W14: =Settembre25!$D$21 -> 8 | X14: =Settembre25!$D$22 | Y14: =Settembre25!$D$23 -> 9.5 | Z14: =Settembre25!$D$24 -> 9.5 | AA14: =Settembre25!$D$25 -> 9.5 | AB14: =Settembre25!$D$26 -> 9.5 | AC14: =Settembre25!$D$27 -> 9.5 | AD14: =Settembre25!$D$28 -> 8 | AE14: =Settembre25!$D$29 | AF14: =Settembre25!$D$30 -> 9.5 | AG14: =Settembre25!$D$31 -> 9.5 | AH14: =Settembre25!$D$32 | AJ14: =SUM(D14:AH14) -> 223.5 | AW14: =Ottobre25!$D$2 -> 9.5 | AX14: =Ottobre25!$D$3 -> 9.5 | AY14: =Ottobre25!$D$4 -> 9.5 | AZ14: =Ottobre25!$D$5 -> 8 | BA14: =Ottobre25!$D$6 | BB14: =Ottobre25!$D$7 -> 8 | BC14: =Ottobre25!$D$8 -> 7.5 | BD14: =Ottobre25!$D$9 -> 8 | BE14: =Ottobre25!$D$10 -> 8 | BF14: =Ottobre25!$D$11 -> 8 | BG14: =Ottobre25!$D$12 | BH14: =Ottobre25!$D$13 | BI14: =Ottobre25!$D$14 -> 8 | BJ14: =Ottobre25!$D$15 -> 8 | BK14: =Ottobre25!$D$16 -> 8 | BL14: =Ottobre25!$D$17 -> 9.5 | BM14: =Ottobre25!$D$18 -> 8 | BN14: =Ottobre25!$D$19 -> 8 | BO14: =Ottobre25!$D$20 | BP14: =Ottobre25!$D$21 -> 8 | BQ14: =Ottobre25!$D$22 -> 8 | BR14: =Ottobre25!$D$23 -> 8 | BS14: =Ottobre25!$D$24 -> 9.5 | BT14: =Ottobre25!$D$25 -> 8 | BU14: =Ottobre25!$D$26 -> 8 | BV14: =Ottobre25!$D$27 | BW14: =Ottobre25!$D$28 -> 8 | BX14: =Ottobre25!$D$29 -> 8 | BY14: =Ottobre25!$D$30 -> 8 | BZ14: =Ottobre25!$D$31 -> 9.5 | CA14: =Ottobre25!$D$32 -> 8 | CC14: =SUM(AW14:CA14) -> 216.5 | CP14: =Novembre25!$D$2 | CQ14: =Novembre25!$D$3 | CR14: =Novembre25!$D$4 -> 8 | CS14: =Novembre25!$D$5 -> 8 | CT14: =Novembre25!$D$6 -> 8 | CU14: =Novembre25!$D$7 -> 8 | CV14: =Novembre25!$D$8 -> 8 | CW14: =Novembre25!$D$9 -> 8 | CX14: =Novembre25!$D$10 | CY14: =Novembre25!$D$11 -> 8 | CZ14: =Novembre25!$D$12 -> 8 | DA14: =Novembre25!$D$13 -> 8 | DB14: =Novembre25!$D$14 -> 8 | DC14: =Novembre25!$D$15 -> 6 | DD14: =Novembre25!$D$16 | DE14: =Novembre25!$D$17 | DF14: =Novembre25!$D$18 -> ML | DG14: =Novembre25!$D$19 -> ML | DH14: =Novembre25!$D$20 -> ML | DI14: =Novembre25!$D$21 -> 8 | DJ14: =Novembre25!$D$22 -> 8 | DK14: =Novembre25!$D$23 | DL14: =Novembre25!$D$24 -> 5.5 | DM14: =Novembre25!$D$25 -> 8 | DN14: =Novembre25!$D$26 -> 8 | DO14: =Novembre25!$D$27 -> 8 | DP14: =Novembre25!$D$28 -> 8 | DQ14: =Novembre25!$D$29 -> 8 | DR14: =Novembre25!$D$30 -> 8 | DS14: =Novembre25!$D$31 | DT14: =Novembre25!$D$32 | DV14: =SUM(CP14:DT14) -> 155.5 | EI14: =Dicembre25!$D$2 -> 8 | EJ14: =Dicembre25!$D$3 -> 8 | EK14: =Dicembre25!$D$4 -> 8 | EL14: =Dicembre25!$D$5 -> 8 | EM14: =Dicembre25!$D$6 -> 8 | EN14: =Dicembre25!$D$7 -> 8 | EO14: =Dicembre25!$D$8 | EP14: =Dicembre25!$D$9 -> F | EQ14: =Dicembre25!$D$10 -> 8 | ER14: =Dicembre25!$D$11 -> 8 | ES14: =Dicembre25!$D$12 -> 8 | ET14: =Dicembre25!$D$13 -> Pe | EU14: =Dicembre25!$D$14 -> Pe | EV14: =Dicembre25!$D$15 -> Pe | EW14: =Dicembre25!$D$16 -> Pe | EX14: =Dicembre25!$D$17 -> Pe | EY14: =Dicembre25!$D$18 -> Pe | EZ14: =Dicembre25!$D$19 -> Pe | FA14: =Dicembre25!$D$20 -> Pe | FB14: =Dicembre25!$D$21 -> Pe | FC14: =Dicembre25!$D$22 | FD14: =Dicembre25!$D$23 -> Pe | FE14: =Dicembre25!$D$24 -> Pe | FF14: =Dicembre25!$D$25 -> Fe | FG14: =Dicembre25!$D$26 -> F | FH14: =Dicembre25!$D$27 -> F | FI14: =Dicembre25!$D$28 | FJ14: =Dicembre25!$D$29 | FK14: =Dicembre25!$D$30 -> Pe | FL14: =Dicembre25!$D$31 -> Pe | FM14: =Dicembre25!$D$32 | FO14: =SUM(EI14:FM14) -> 72 | GB14: =Gennaio26!$D$2 -> Pe | GC14: =Gennaio26!$D$3 -> Pe | GD14: =Gennaio26!$D$4 -> Pe | GE14: =Gennaio26!$D$5 -> Pe | GF14: =Gennaio26!$D$6 -> Pe | GG14: =Gennaio26!$D$7 -> Pe | GH14: =Gennaio26!$D$8 -> Pe | GI14: =Gennaio26!$D$9 -> Pe | GJ14: =Gennaio26!$D$10 -> 8 | GK14: =Gennaio26!$D$11 -> 8 | GL14: =Gennaio26!$D$12 | GM14: =Gennaio26!$D$13 -> 8 | GN14: =Gennaio26!$D$14 -> 8 | GO14: =Gennaio26!$D$15 -> 8 | GP14: =Gennaio26!$D$16 -> 8 | GQ14: =Gennaio26!$D$17 -> 8 | GR14: =Gennaio26!$D$18 -> 8 | GS14: =Gennaio26!$D$19 | GT14: =Gennaio26!$D$20 -> 8 | GU14: =Gennaio26!$D$21 -> 8 | GV14: =Gennaio26!$D$22 -> 8 | GW14: =Gennaio26!$D$23 -> 8 | GX14: =Gennaio26!$D$24 -> 8 | GY14: =Gennaio26!$D$25 -> 8 | GZ14: =Gennaio26!$D$26 | HA14: =Gennaio26!$D$27 -> 8 | HB14: =Gennaio26!$D$28 -> 8 | HC14: =Gennaio26!$D$29 -> 8 | HD14: =Gennaio26!$D$30 -> 8 | HE14: =Gennaio26!$D$31 -> 8 | HF14: =Gennaio26!$D$32 | HH14: =SUM(GB14:HF14) -> 152 | HU14: =Febbraio26!$D$2 -> 3 | HV14: =Febbraio26!$D$3 -> 8 | HW14: =Febbraio26!$D$4 -> 8 | HX14: =Febbraio26!$D$5 -> 8 | HY14: =Febbraio26!$D$6 -> 8 | HZ14: =Febbraio26!$D$7 -> 8 | IA14: =Febbraio26!$D$8 -> 8 | IB14: =Febbraio26!$D$9 | IC14: =Febbraio26!$D$10 -> 8 | ID14: =Febbraio26!$D$11 -> 8 | IE14: =Febbraio26!$D$12 -> 8 | IF14: =Febbraio26!$D$13 -> 8 | IG14: =Febbraio26!$D$14 -> 8 | IH14: =Febbraio26!$D$15 -> 8 | II14: =Febbraio26!$D$16 | IJ14: =Febbraio26!$D$17 -> 8 | IK14: =Febbraio26!$D$18 -> 8 | IL14: =Febbraio26!$D$19 -> 8 | IM14: =Febbraio26!$D$20 -> 8 | IN14: =Febbraio26!$D$21 -> 8 | IO14: =Febbraio26!$D$22 -> 8 | IP14: =Febbraio26!$D$23 | IQ14: =Febbraio26!$D$24 -> 8 | IR14: =Febbraio26!$D$25 -> 8 | IS14: =Febbraio26!$D$26 -> 8 | IT14: =Febbraio26!$D$27 -> 8 | IU14: =Febbraio26!$D$28 -> 8 | IV14: =Febbraio26!$D$29 -> 8 | IW14: =Febbraio26!$D$30 | IX14: =Febbraio26!$D$31 | IY14: =Febbraio26!$D$32 | JA14: =SUM(HU14:IY14) -> 195 | JN14: =Marzo26!$D$2 | JO14: =Marzo26!$D$3 -> 8 | JP14: =Marzo26!$D$4 -> 8 | JQ14: =Marzo26!$D$5 -> 8 | JR14: =Marzo26!$D$6 -> 8 | JS14: =Marzo26!$D$7 -> 8 | JT14: =Marzo26!$D$8 | JU14: =Marzo26!$D$9 | JV14: =Marzo26!$D$10 -> 8 | JW14: =Marzo26!$D$11 -> 8 | JX14: =Marzo26!$D$12 -> 8 | JY14: =Marzo26!$D$13 -> 8 | JZ14: =Marzo26!$D$14 -> 8 | KA14: =Marzo26!$D$15 -> 8 | KB14: =Marzo26!$D$16 | KC14: =Marzo26!$D$17 -> 8 | KD14: =Marzo26!$D$18 -> 8 | KE14: =Marzo26!$D$19 -> 8 | KF14: =Marzo26!$D$20 -> 8 | KG14: =Marzo26!$D$21 -> 8 | KH14: =Marzo26!$D$22 -> 8 | KI14: =Marzo26!$D$23 | KJ14: =Marzo26!$D$24 -> 8 | KK14: =Marzo26!$D$25 -> 8 | KL14: =Marzo26!$D$26 -> 8 | KM14: =Marzo26!$D$27 -> 8 | KN14: =Marzo26!$D$28 -> 8 | KO14: =Marzo26!$D$29 -> 8 | KP14: =Marzo26!$D$30 | KQ14: =Marzo26!$D$31 -> 8 | KR14: =Marzo26!$D$32 -> 8 | KT14: =SUM(JN14:KR14) -> 200 | LG14: =Aprile26!$D$2 | LH14: =Aprile26!$D$3 | LI14: =Aprile26!$D$4 | LJ14: =Aprile26!$D$5 | LK14: =Aprile26!$D$6 | LL14: =Aprile26!$D$7 | LM14: =Aprile26!$D$8 | LN14: =Aprile26!$D$9 | LO14: =Aprile26!$D$10 | LP14: =Aprile26!$D$11 | LQ14: =Aprile26!$D$12 | LR14: =Aprile26!$D$13 | LS14: =Aprile26!$D$14 | LT14: =Aprile26!$D$15 | LU14: =Aprile26!$D$16 | LV14: =Aprile26!$D$17 | LW14: =Aprile26!$D$18 | LX14: =Aprile26!$D$19 | LY14: =Aprile26!$D$20 | LZ14: =Aprile26!$D$21 | MA14: =Aprile26!$D$22 | MB14: =Aprile26!$D$23 | MC14: =Aprile26!$D$24 | MD14: =Aprile26!$D$25 | ME14: =Aprile26!$D$26 | MF14: =Aprile26!$D$27 | MG14: =Aprile26!$D$28 | MH14: =Aprile26!$D$29 | MI14: =Aprile26!$D$30 | MJ14: =Aprile26!$D$31 | MK14: =Aprile26!$D$32 | MM14: =SUM(LG14:MK14) -> 0 | MZ14: =Maggio26!$D$2 | NA14: =Maggio26!$D$3 | NB14: =Maggio26!$D$4 | NC14: =Maggio26!$D$5 | ND14: =Maggio26!$D$6 | NE14: =Maggio26!$D$7 | NF14: =Maggio26!$D$8 | NG14: =Maggio26!$D$9 | NH14: =Maggio26!$D$10 | NI14: =Maggio26!$D$11 | NJ14: =Maggio26!$D$12 | NK14: =Maggio26!$D$13 | NL14: =Maggio26!$D$14 | NM14: =Maggio26!$D$15 | NN14: =Maggio26!$D$16 | NO14: =Maggio26!$D$17 | NP14: =Maggio26!$D$18 | NQ14: =Maggio26!$D$19 | NR14: =Maggio26!$D$20 | NS14: =Maggio26!$D$21 | NT14: =Maggio26!$D$22 | NU14: =Maggio26!$D$23 | NV14: =Maggio26!$D$24 | NW14: =Maggio26!$D$25 | NX14: =Maggio26!$D$26 | NY14: =Maggio26!$D$27 | NZ14: =Maggio26!$D$28 | OA14: =Maggio26!$D$29 | OB14: =Maggio26!$D$30 | OC14: =Maggio26!$D$31 | OD14: =Maggio26!$D$32 | OF14: =SUM(MZ14:OD14) -> 0 | OS14: =Giugno26!$D$2 | OT14: =Giugno26!$D$3 | OU14: =Giugno26!$D$4 | OV14: =Giugno26!$D$5 | OW14: =Giugno26!$D$6 | OX14: =Giugno26!$D$7 | OY14: =Giugno26!$D$8 | OZ14: =Giugno26!$D$9 | PA14: =Giugno26!$D$10 | PB14: =Giugno26!$D$11 | PC14: =Giugno26!$D$12 | PD14: =Giugno26!$D$13 | PE14: =Giugno26!$D$14 | PF14: =Giugno26!$D$15 | PG14: =Giugno26!$D$16 | PH14: =Giugno26!$D$17 | PI14: =Giugno26!$D$18 | PJ14: =Giugno26!$D$19 | PK14: =Giugno26!$D$20 | PL14: =Giugno26!$D$21 | PM14: =Giugno26!$D$22 | PN14: =Giugno26!$D$23 | PO14: =Giugno26!$D$24 | PP14: =Giugno26!$D$25 | PQ14: =Giugno26!$D$26 | PR14: =Giugno26!$D$27 | PS14: =Giugno26!$D$28 | PT14: =Giugno26!$D$29 | PU14: =Giugno26!$D$30 | PV14: =Giugno26!$D$31 | PW14: =Giugno26!$D$32 | PY14: =SUM(OS14:PW14) -> 0 | QL14: =Luglio26!$D$2 | QM14: =Luglio26!$D$3 | QN14: =Luglio26!$D$4 | QO14: =Luglio26!$D$5 | QP14: =Luglio26!$D$6 | QQ14: =Luglio26!$D$7 | QR14: =Luglio26!$D$8 | QS14: =Luglio26!$D$9 | QT14: =Luglio26!$D$10 | QU14: =Luglio26!$D$11 | QV14: =Luglio26!$D$12 | QW14: =Luglio26!$D$13 | QX14: =Luglio26!$D$14 | QY14: =Luglio26!$D$15 | QZ14: =Luglio26!$D$16 | RA14: =Luglio26!$D$17 | RB14: =Luglio26!$D$18 | RC14: =Luglio26!$D$19 | RD14: =Luglio26!$D$20 | RE14: =Luglio26!$D$21 | RF14: =Luglio26!$D$22 | RG14: =Luglio26!$D$23 | RH14: =Luglio26!$D$24 | RI14: =Luglio26!$D$25 | RJ14: =Luglio26!$D$26 | RK14: =Luglio26!$D$27 | RL14: =Luglio26!$D$28 | RM14: =Luglio26!$D$29 | RN14: =Luglio26!$D$30 | RO14: =Luglio26!$D$31 | RP14: =Luglio26!$D$32 | RR14: =SUM(QL14:RP14) -> 0 | SE14: =Agosto26!$D$2 | SF14: =Agosto26!$D$3 | SG14: =Agosto26!$D$4 | SH14: =Agosto26!$D$5 | SI14: =Agosto26!$D$6 | SJ14: =Agosto26!$D$7 | SK14: =Agosto26!$D$8 | SL14: =Agosto26!$D$9 | SM14: =Agosto26!$D$10 | SN14: =Agosto26!$D$11 | SO14: =Agosto26!$D$12 | SP14: =Agosto26!$D$13 | SQ14: =Agosto26!$D$14 | SR14: =Agosto26!$D$15 | SS14: =Agosto26!$D$16 | ST14: =Agosto26!$D$17 | SU14: =Agosto26!$D$18 | SV14: =Agosto26!$D$19 | SW14: =Agosto26!$D$20 | SX14: =Agosto26!$D$21 | SY14: =Agosto26!$D$22 | SZ14: =Agosto26!$D$23 | TA14: =Agosto26!$D$24 | TB14: =Agosto26!$D$25 | TC14: =Agosto26!$D$26 | TD14: =Agosto26!$D$27 | TE14: =Agosto26!$D$28 | TF14: =Agosto26!$D$29 | TG14: =Agosto26!$D$30 | TH14: =Agosto26!$D$31 | TI14: =Agosto26!$D$32 | TK14: =SUM(SE14:TI14) -> 0
A15: ST* | AK15: =SUM(D15:AG15) -> 0 | AT15: ST* | CD15: =SUM(AW15:BZ15) -> 0 | CM15: ST* | DW15: =SUM(CP15:DS15) -> 0 | EF15: ST* | FP15: =SUM(EI15:FL15) -> 0 | FY15: ST* | HI15: =SUM(GB15:HE15) -> 0 | HR15: ST* | JB15: =SUM(HU15:IX15) -> 0 | JK15: ST* | KU15: =SUM(JN15:KQ15) -> 0 | LD15: ST* | MN15: =SUM(LG15:MJ15) -> 0 | MW15: ST* | OG15: =SUM(MZ15:OC15) -> 0 | OP15: ST* | PZ15: =SUM(OS15:PV15) -> 0 | QI15: ST* | RS15: =SUM(QL15:RO15) -> 0 | SB15: ST* | TL15: =SUM(SE15:TH15) -> 0
A17: NOTE | AT17: NOTE | CM17: NOTE | EF17: NOTE | FY17: NOTE | HR17: NOTE | JK17: NOTE | LD17: NOTE | MW17: NOTE | OP17: NOTE | QI17: NOTE | SB17: NOTE
A18: =elenchi!$C4 -> MOUSTAFA ISRA HANI MOHAMED | D18: =D$2 -> 45901 | E18: =E$2 -> 45902 | F18: =F$2 -> 45903 | G18: =G$2 -> 45904 | H18: =H$2 -> 45905 | I18: =I$2 -> 45906 | J18: =J$2 -> 45907 | K18: =K$2 -> 45908 | ... AH18: =AH$2 | AI18: GG | AJ18: ORE | AK18: ST* | AL18: FE | AM18: PE | AN18: AI | AO18: AG | AP18: MT | AQ18: ML | AR18: IN | AS18: F | AT18: =elenchi!$C4 -> MOUSTAFA ISRA HANI MOHAMED | AW18: =AW$2 -> 45931 | AX18: =AX$2 -> 45932 | AY18: =AY$2 -> 45933 | AZ18: =AZ$2 -> 45934 | BA18: =BA$2 -> 45935 | BB18: =BB$2 -> 45936 | BC18: =BC$2 -> 45937 | BD18: =BD$2 -> 45938 | ... CA18: =CA$2 -> 45961 | CB18: GG | CC18: ORE | CD18: ST* | CE18: FE | CF18: PE | CG18: AI | CH18: AG | CI18: MT | CJ18: ML | CK18: IN | CL18: F | CM18: =elenchi!$C4 -> MOUSTAFA ISRA HANI MOHAMED | CP18: =CP$2 -> 45962 | CQ18: =CQ$2 -> 45963 | CR18: =CR$2 -> 45964 | CS18: =CS$2 -> 45965 | CT18: =CT$2 -> 45966 | CU18: =CU$2 -> 45967 | CV18: =CV$2 -> 45968 | CW18: =CW$2 -> 45969 | ... DT18: =DT$2 | DU18: GG | DV18: ORE | DW18: ST* | DX18: FE | DY18: PE | DZ18: AI | EA18: AG | EB18: MT | EC18: ML | ED18: IN | EE18: F | EF18: =elenchi!$C4 -> MOUSTAFA ISRA HANI MOHAMED | EI18: =EI$2 -> 45992 | EJ18: =EJ$2 -> 45993 | EK18: =EK$2 -> 45994 | EL18: =EL$2 -> 45995 | EM18: =EM$2 -> 45996 | EN18: =EN$2 -> 45997 | EO18: =EO$2 -> 45998 | EP18: =EP$2 -> 45999 | ... FM18: =FM$2 -> 46022 | FN18: GG | FO18: ORE | FP18: ST* | FQ18: FE | FR18: PE | FS18: AI | FT18: AG | FU18: MT | FV18: ML | FW18: IN | FX18: F | FY18: =elenchi!$C4 -> MOUSTAFA ISRA HANI MOHAMED | GB18: =GB$2 -> 46023 | GC18: =GC$2 -> 46024 | GD18: =GD$2 -> 46025 | GE18: =GE$2 -> 46026 | GF18: =GF$2 -> 46027 | GG18: =GG$2 -> 46028 | GH18: =GH$2 -> 46029 | GI18: =GI$2 -> 46030 | ... HF18: =HF$2 -> 46053 | HG18: GG | HH18: ORE | HI18: ST* | HJ18: FE | HK18: PE | HL18: AI | HM18: AG | HN18: MT | HO18: ML | HP18: IN | HQ18: F | HR18: =elenchi!$C4 -> MOUSTAFA ISRA HANI MOHAMED | HU18: =HU$2 -> 46054 | HV18: =HV$2 -> 46055 | HW18: =HW$2 -> 46056 | HX18: =HX$2 -> 46057 | HY18: =HY$2 -> 46058 | HZ18: =HZ$2 -> 46059 | IA18: =IA$2 -> 46060 | IB18: =IB$2 -> 46061 | ... IY18: =IY$2 | IZ18: GG | JA18: ORE | JB18: ST* | JC18: FE | JD18: PE | JE18: AI | JF18: AG | JG18: MT | JH18: ML | JI18: IN | JJ18: F | JK18: =elenchi!$C4 -> MOUSTAFA ISRA HANI MOHAMED | JN18: =JN$2 -> 46082 | JO18: =JO$2 -> 46083 | JP18: =JP$2 -> 46084 | JQ18: =JQ$2 -> 46085 | JR18: =JR$2 -> 46086 | JS18: =JS$2 -> 46087 | JT18: =JT$2 -> 46088 | JU18: =JU$2 -> 46089 | ... KR18: =KR$2 -> 46112 | KS18: GG | KT18: ORE | KU18: ST* | KV18: FE | KW18: PE | KX18: AI | KY18: AG | KZ18: MT | LA18: ML | LB18: IN | LC18: F | LD18: =elenchi!$C4 -> MOUSTAFA ISRA HANI MOHAMED | LG18: =LG$2 -> 46113 | LH18: =LH$2 -> 46114 | LI18: =LI$2 -> 46115 | LJ18: =LJ$2 -> 46116 | LK18: =LK$2 -> 46117 | LL18: =LL$2 -> 46118 | LM18: =LM$2 -> 46119 | LN18: =LN$2 -> 46120 | ... MK18: =MK$2 | ML18: GG | MM18: ORE | MN18: ST* | MO18: FE | MP18: PE | MQ18: AI | MR18: AG | MS18: MT | MT18: ML | MU18: IN | MV18: F | MW18: =elenchi!$C4 -> MOUSTAFA ISRA HANI MOHAMED | MZ18: =MZ$2 -> 46143 | NA18: =NA$2 -> 46144 | NB18: =NB$2 -> 46145 | NC18: =NC$2 -> 46146 | ND18: =ND$2 -> 46147 | NE18: =NE$2 -> 46148 | NF18: =NF$2 -> 46149 | NG18: =NG$2 -> 46150 | ... OD18: =OD$2 -> 46173 | OE18: GG | OF18: ORE | OG18: ST* | OH18: FE | OI18: PE | OJ18: AI | OK18: AG | OL18: MT | OM18: ML | ON18: IN | OO18: F | OP18: =elenchi!$C4 -> MOUSTAFA ISRA HANI MOHAMED | OS18: =OS$2 -> 46174 | OT18: =OT$2 -> 46175 | OU18: =OU$2 -> 46176 | OV18: =OV$2 -> 46177 | OW18: =OW$2 -> 46178 | OX18: =OX$2 -> 46179 | OY18: =OY$2 -> 46180 | OZ18: =OZ$2 -> 46181 | ... PW18: =PW$2 | PX18: GG | PY18: ORE | PZ18: ST* | QA18: FE | QB18: PE | QC18: AI | QD18: AG | QE18: MT | QF18: ML | QG18: IN | QH18: F | QI18: =elenchi!$C4 -> MOUSTAFA ISRA HANI MOHAMED | QL18: =QL$2 -> 46204 | QM18: =QM$2 -> 46205 | QN18: =QN$2 -> 46206 | QO18: =QO$2 -> 46207 | QP18: =QP$2 -> 46208 | QQ18: =QQ$2 -> 46209 | QR18: =QR$2 -> 46210 | QS18: =QS$2 -> 46211 | ... RP18: =RP$2 -> 46234 | RQ18: GG | RR18: ORE | RS18: ST* | RT18: FE | RU18: PE | RV18: AI | RW18: AG | RX18: MT | RY18: ML | RZ18: IN | SA18: F | SB18: =elenchi!$C4 -> MOUSTAFA ISRA HANI MOHAMED | SE18: =SE$2 -> 46235 | SF18: =SF$2 -> 46236 | SG18: =SG$2 -> 46237 | SH18: =SH$2 -> 46238 | SI18: =SI$2 -> 46239 | SJ18: =SJ$2 -> 46240 | SK18: =SK$2 -> 46241 | SL18: =SL$2 -> 46242 | ... TI18: =TI$2 -> 46265 | TJ18: GG | TK18: ORE | TL18: ST* | TM18: FE | TN18: PE | TO18: AI | TP18: AG | TQ18: MT | TR18: ML | TS18: IN | TT18: F
D19: =Settembre25!$E$2 -> 8 | E19: =Settembre25!$E$3 -> 8 | F19: =Settembre25!$E$4 -> 8 | G19: =Settembre25!$E$5 -> 8 | H19: =Settembre25!$E$6 -> 8 | I19: =Settembre25!$E$7 -> 8 | J19: =Settembre25!$E$8 | K19: =Settembre25!$E$9 -> 9.5 | L19: =Settembre25!$E$10 -> 9.5 | M19: =Settembre25!$E$11 -> 9.5 | N19: =Settembre25!$E$12 -> 9.5 | O19: =Settembre25!$E$13 -> 9.5 | P19: =Settembre25!$E$14 -> 8 | Q19: =Settembre25!$E$15 | R19: =Settembre25!$E$16 -> 9.5 | S19: =Settembre25!$E$17 -> 9.5 | T19: =Settembre25!$E$18 -> 9.5 | U19: =Settembre25!$E$19 -> 9.5 | V19: =Settembre25!$E$20 -> 9.5 | W19: =Settembre25!$E$21 | X19: =Settembre25!$E$22 | Y19: =Settembre25!$E$23 -> 9.5 | Z19: =Settembre25!$E$24 -> 9.5 | AA19: =Settembre25!$E$25 -> 9.5 | AB19: =Settembre25!$E$26 -> 9.5 | AC19: =Settembre25!$E$27 -> 9.5 | AD19: =Settembre25!$E$28 -> 8 | AE19: =Settembre25!$E$29 | AF19: =Settembre25!$E$30 -> 9.5 | AG19: =Settembre25!$E$31 -> 9.5 | AH19: =Settembre25!$E$32 | AJ19: =SUM(D19:AH19) -> 225.5 | AW19: =Ottobre25!$E$2 -> 9.5 | AX19: =Ottobre25!$E$3 -> 9.5 | AY19: =Ottobre25!$E$4 -> 8 | AZ19: =Ottobre25!$E$5 | BA19: =Ottobre25!$E$6 | BB19: =Ottobre25!$E$7 -> 8 | BC19: =Ottobre25!$E$8 -> 8 | BD19: =Ottobre25!$E$9 -> 8 | BE19: =Ottobre25!$E$10 -> 8 | BF19: =Ottobre25!$E$11 -> 8 | BG19: =Ottobre25!$E$12 -> 8 | BH19: =Ottobre25!$E$13 | BI19: =Ottobre25!$E$14 -> 8 | BJ19: =Ottobre25!$E$15 -> 9.5 | BK19: =Ottobre25!$E$16 -> 8 | BL19: =Ottobre25!$E$17 -> 8 | BM19: =Ottobre25!$E$18 -> 8 | BN19: =Ottobre25!$E$19 -> 8 | BO19: =Ottobre25!$E$20 | BP19: =Ottobre25!$E$21 -> 8 | BQ19: =Ottobre25!$E$22 -> 9.5 | BR19: =Ottobre25!$E$23 -> 8 | BS19: =Ottobre25!$E$24 -> 8 | BT19: =Ottobre25!$E$25 -> 8 | BU19: =Ottobre25!$E$26 -> 8 | BV19: =Ottobre25!$E$27 | BW19: =Ottobre25!$E$28 -> 8 | BX19: =Ottobre25!$E$29 -> 9.5 | BY19: =Ottobre25!$E$30 -> 8 | BZ19: =Ottobre25!$E$31 -> 8 | CA19: =Ottobre25!$E$32 -> 8 | CC19: =SUM(AW19:CA19) -> 215.5 | CP19: =Novembre25!$E$2 | CQ19: =Novembre25!$E$3 | CR19: =Novembre25!$E$4 -> 8 | CS19: =Novembre25!$E$5 -> 8 | CT19: =Novembre25!$E$6 -> 8 | CU19: =Novembre25!$E$7 -> 8 | CV19: =Novembre25!$E$8 -> 8 | CW19: =Novembre25!$E$9 | CX19: =Novembre25!$E$10 | CY19: =Novembre25!$E$11 -> Pe | CZ19: =Novembre25!$E$12 -> 8 | DA19: =Novembre25!$E$13 -> 8 | DB19: =Novembre25!$E$14 -> 8 | DC19: =Novembre25!$E$15 -> 8 | DD19: =Novembre25!$E$16 -> 8 | DE19: =Novembre25!$E$17 -> 4 | DF19: =Novembre25!$E$18 -> ML | DG19: =Novembre25!$E$19 -> ML | DH19: =Novembre25!$E$20 -> ML | DI19: =Novembre25!$E$21 -> ML | DJ19: =Novembre25!$E$22 -> ML | DK19: =Novembre25!$E$23 -> ML | DL19: =Novembre25!$E$24 | DM19: =Novembre25!$E$25 -> 8 | DN19: =Novembre25!$E$26 -> 8 | DO19: =Novembre25!$E$27 -> 8 | DP19: =Novembre25!$E$28 -> 8 | DQ19: =Novembre25!$E$29 -> 8 | DR19: =Novembre25!$E$30 -> 8 | DS19: =Novembre25!$E$31 | DT19: =Novembre25!$E$32 | DV19: =SUM(CP19:DT19) -> 132 | EI19: =Dicembre25!$E$2 -> 8 | EJ19: =Dicembre25!$E$3 -> 8 | EK19: =Dicembre25!$E$4 -> 8 | EL19: =Dicembre25!$E$5 -> 8 | EM19: =Dicembre25!$E$6 -> 8 | EN19: =Dicembre25!$E$7 -> 8 | EO19: =Dicembre25!$E$8 | EP19: =Dicembre25!$E$9 -> F | EQ19: =Dicembre25!$E$10 -> 8 | ER19: =Dicembre25!$E$11 -> 8 | ES19: =Dicembre25!$E$12 -> 8 | ET19: =Dicembre25!$E$13 -> 8 | EU19: =Dicembre25!$E$14 -> 8 | EV19: =Dicembre25!$E$15 | EW19: =Dicembre25!$E$16 -> 8 | EX19: =Dicembre25!$E$17 -> 8 | EY19: =Dicembre25!$E$18 -> 8 | EZ19: =Dicembre25!$E$19 -> 8 | FA19: =Dicembre25!$E$20 -> Pe | FB19: =Dicembre25!$E$21 -> 8 | FC19: =Dicembre25!$E$22 | FD19: =Dicembre25!$E$23 -> 8 | FE19: =Dicembre25!$E$24 -> 8 | FF19: =Dicembre25!$E$25 -> Fe | FG19: =Dicembre25!$E$26 -> F | FH19: =Dicembre25!$E$27 -> F | FI19: =Dicembre25!$E$28 | FJ19: =Dicembre25!$E$29 | FK19: =Dicembre25!$E$30 -> 8 | FL19: =Dicembre25!$E$31 -> 8 | FM19: =Dicembre25!$E$32 | FO19: =SUM(EI19:FM19) -> 160 | GB19: =Gennaio26!$E$2 -> F | GC19: =Gennaio26!$E$3 -> FE | GD19: =Gennaio26!$E$4 | GE19: =Gennaio26!$E$5 | GF19: =Gennaio26!$E$6 -> FE | GG19: =Gennaio26!$E$7 -> F | GH19: =Gennaio26!$E$8 -> 8 | GI19: =Gennaio26!$E$9 -> 8 | GJ19: =Gennaio26!$E$10 -> 8 | GK19: =Gennaio26!$E$11 -> 8 | GL19: =Gennaio26!$E$12 | GM19: =Gennaio26!$E$13 -> 8 | GN19: =Gennaio26!$E$14 -> 8 | GO19: =Gennaio26!$E$15 -> 8 | GP19: =Gennaio26!$E$16 -> 8 | GQ19: =Gennaio26!$E$17 -> 8 | GR19: =Gennaio26!$E$18 | GS19: =Gennaio26!$E$19 -> 7.5 | GT19: =Gennaio26!$E$20 -> 8 | GU19: =Gennaio26!$E$21 -> Pe | GV19: =Gennaio26!$E$22 -> 8 | GW19: =Gennaio26!$E$23 -> 8 | GX19: =Gennaio26!$E$24 -> 8 | GY19: =Gennaio26!$E$25 -> 8 | GZ19: =Gennaio26!$E$26 | HA19: =Gennaio26!$E$27 -> 8 | HB19: =Gennaio26!$E$28 -> 8 | HC19: =Gennaio26!$E$29 -> 8 | HD19: =Gennaio26!$E$30 -> 8 | HE19: =Gennaio26!$E$31 -> 8 | HF19: =Gennaio26!$E$32 -> 8 | HH19: =SUM(GB19:HF19) -> 167.5 | HU19: =Febbraio26!$E$2 | HV19: =Febbraio26!$E$3 -> 8 | HW19: =Febbraio26!$E$4 -> 8 | HX19: =Febbraio26!$E$5 -> 8 | HY19: =Febbraio26!$E$6 -> 8 | HZ19: =Febbraio26!$E$7 -> 4 | IA19: =Febbraio26!$E$8 -> 8 | IB19: =Febbraio26!$E$9 | IC19: =Febbraio26!$E$10 -> 8 | ID19: =Febbraio26!$E$11 -> 8 | IE19: =Febbraio26!$E$12 -> 8 | IF19: =Febbraio26!$E$13 -> 8 | IG19: =Febbraio26!$E$14 -> 6 | IH19: =Febbraio26!$E$15 | II19: =Febbraio26!$E$16 -> 8 | IJ19: =Febbraio26!$E$17 -> 8 | IK19: =Febbraio26!$E$18 -> 8 | IL19: =Febbraio26!$E$19 -> 8 | IM19: =Febbraio26!$E$20 -> ML | IN19: =Febbraio26!$E$21 -> ML | IO19: =Febbraio26!$E$22 -> ML | IP19: =Febbraio26!$E$23 | IQ19: =Febbraio26!$E$24 -> 8 | IR19: =Febbraio26!$E$25 -> 8 | IS19: =Febbraio26!$E$26 -> 8 | IT19: =Febbraio26!$E$27 -> 8 | IU19: =Febbraio26!$E$28 -> 8 | IV19: =Febbraio26!$E$29 -> 8 | IW19: =Febbraio26!$E$30 | IX19: =Febbraio26!$E$31 | IY19: =Febbraio26!$E$32 | JA19: =SUM(HU19:IY19) -> 162 | JN19: =Marzo26!$E$2 | JO19: =Marzo26!$E$3 -> 8 | JP19: =Marzo26!$E$4 -> 8 | JQ19: =Marzo26!$E$5 -> 8 | JR19: =Marzo26!$E$6 -> 8 | JS19: =Marzo26!$E$7 -> 8 | JT19: =Marzo26!$E$8 -> 8 | JU19: =Marzo26!$E$9 | JV19: =Marzo26!$E$10 -> 8 | JW19: =Marzo26!$E$11 -> 8 | JX19: =Marzo26!$E$12 -> 8 | JY19: =Marzo26!$E$13 -> 8 | JZ19: =Marzo26!$E$14 -> 8 | KA19: =Marzo26!$E$15 -> 8 | KB19: =Marzo26!$E$16 | KC19: =Marzo26!$E$17 -> 8 | KD19: =Marzo26!$E$18 -> 8 | KE19: =Marzo26!$E$19 -> 8 | KF19: =Marzo26!$E$20 -> 8 | KG19: =Marzo26!$E$21 -> 8 | KH19: =Marzo26!$E$22 | KI19: =Marzo26!$E$23 | KJ19: =Marzo26!$E$24 -> 8 | KK19: =Marzo26!$E$25 -> 8 | KL19: =Marzo26!$E$26 -> 8 | KM19: =Marzo26!$E$27 -> 8 | KN19: =Marzo26!$E$28 -> 8 | KO19: =Marzo26!$E$29 -> 8 | KP19: =Marzo26!$E$30 | KQ19: =Marzo26!$E$31 -> 7 | KR19: =Marzo26!$E$32 -> 8 | KT19: =SUM(JN19:KR19) -> 199 | LG19: =Aprile26!$E$2 | LH19: =Aprile26!$E$3 | LI19: =Aprile26!$E$4 | LJ19: =Aprile26!$E$5 | LK19: =Aprile26!$E$6 | LL19: =Aprile26!$E$7 | LM19: =Aprile26!$E$8 | LN19: =Aprile26!$E$9 | LO19: =Aprile26!$E$10 | LP19: =Aprile26!$E$11 | LQ19: =Aprile26!$E$12 | LR19: =Aprile26!$E$13 | LS19: =Aprile26!$E$14 | LT19: =Aprile26!$E$15 | LU19: =Aprile26!$E$16 | LV19: =Aprile26!$E$17 | LW19: =Aprile26!$E$18 | LX19: =Aprile26!$E$19 | LY19: =Aprile26!$E$20 | LZ19: =Aprile26!$E$21 | MA19: =Aprile26!$E$22 | MB19: =Aprile26!$E$23 | MC19: =Aprile26!$E$24 | MD19: =Aprile26!$E$25 | ME19: =Aprile26!$E$26 | MF19: =Aprile26!$E$27 | MG19: =Aprile26!$E$28 | MH19: =Aprile26!$E$29 | MI19: =Aprile26!$E$30 | MJ19: =Aprile26!$E$31 | MK19: =Aprile26!$E$32 | MM19: =SUM(LG19:MK19) -> 0 | MZ19: =Maggio26!$E$2 | NA19: =Maggio26!$E$3 | NB19: =Maggio26!$E$4 | NC19: =Maggio26!$E$5 | ND19: =Maggio26!$E$6 | NE19: =Maggio26!$E$7 | NF19: =Maggio26!$E$8 | NG19: =Maggio26!$E$9 | NH19: =Maggio26!$E$10 | NI19: =Maggio26!$E$11 | NJ19: =Maggio26!$E$12 | NK19: =Maggio26!$E$13 | NL19: =Maggio26!$E$14 | NM19: =Maggio26!$E$15 | NN19: =Maggio26!$E$16 | NO19: =Maggio26!$E$17 | NP19: =Maggio26!$E$18 | NQ19: =Maggio26!$E$19 | NR19: =Maggio26!$E$20 | NS19: =Maggio26!$E$21 | NT19: =Maggio26!$E$22 | NU19: =Maggio26!$E$23 | NV19: =Maggio26!$E$24 | NW19: =Maggio26!$E$25 | NX19: =Maggio26!$E$26 | NY19: =Maggio26!$E$27 | NZ19: =Maggio26!$E$28 | OA19: =Maggio26!$E$29 | OB19: =Maggio26!$E$30 | OC19: =Maggio26!$E$31 | OD19: =Maggio26!$E$32 | OF19: =SUM(MZ19:OD19) -> 0 | OS19: =Giugno26!$E$2 | OT19: =Giugno26!$E$3 | OU19: =Giugno26!$E$4 | OV19: =Giugno26!$E$5 | OW19: =Giugno26!$E$6 | OX19: =Giugno26!$E$7 | OY19: =Giugno26!$E$8 | OZ19: =Giugno26!$E$9 | PA19: =Giugno26!$E$10 | PB19: =Giugno26!$E$11 | PC19: =Giugno26!$E$12 | PD19: =Giugno26!$E$13 | PE19: =Giugno26!$E$14 | PF19: =Giugno26!$E$15 | PG19: =Giugno26!$E$16 | PH19: =Giugno26!$E$17 | PI19: =Giugno26!$E$18 | PJ19: =Giugno26!$E$19 | PK19: =Giugno26!$E$20 | PL19: =Giugno26!$E$21 | PM19: =Giugno26!$E$22 | PN19: =Giugno26!$E$23 | PO19: =Giugno26!$E$24 | PP19: =Giugno26!$E$25 | PQ19: =Giugno26!$E$26 | PR19: =Giugno26!$E$27 | PS19: =Giugno26!$E$28 | PT19: =Giugno26!$E$29 | PU19: =Giugno26!$E$30 | PV19: =Giugno26!$E$31 | PW19: =Giugno26!$E$32 | PY19: =SUM(OS19:PW19) -> 0 | QL19: =Luglio26!$E$2 | QM19: =Luglio26!$E$3 | QN19: =Luglio26!$E$4 | QO19: =Luglio26!$E$5 | QP19: =Luglio26!$E$6 | QQ19: =Luglio26!$E$7 | QR19: =Luglio26!$E$8 | QS19: =Luglio26!$E$9 | QT19: =Luglio26!$E$10 | QU19: =Luglio26!$E$11 | QV19: =Luglio26!$E$12 | QW19: =Luglio26!$E$13 | QX19: =Luglio26!$E$14 | QY19: =Luglio26!$E$15 | QZ19: =Luglio26!$E$16 | RA19: =Luglio26!$E$17 | RB19: =Luglio26!$E$18 | RC19: =Luglio26!$E$19 | RD19: =Luglio26!$E$20 | RE19: =Luglio26!$E$21 | RF19: =Luglio26!$E$22 | RG19: =Luglio26!$E$23 | RH19: =Luglio26!$E$24 | RI19: =Luglio26!$E$25 | RJ19: =Luglio26!$E$26 | RK19: =Luglio26!$E$27 | RL19: =Luglio26!$E$28 | RM19: =Luglio26!$E$29 | RN19: =Luglio26!$E$30 | RO19: =Luglio26!$E$31 | RP19: =Luglio26!$E$32 | RR19: =SUM(QL19:RP19) -> 0 | SE19: =Agosto26!$E$2 | SF19: =Agosto26!$E$3 | SG19: =Agosto26!$E$4 | SH19: =Agosto26!$E$5 | SI19: =Agosto26!$E$6 | SJ19: =Agosto26!$E$7 | SK19: =Agosto26!$E$8 | SL19: =Agosto26!$E$9 | SM19: =Agosto26!$E$10 | SN19: =Agosto26!$E$11 | SO19: =Agosto26!$E$12 | SP19: =Agosto26!$E$13 | SQ19: =Agosto26!$E$14 | SR19: =Agosto26!$E$15 | SS19: =Agosto26!$E$16 | ST19: =Agosto26!$E$17 | SU19: =Agosto26!$E$18 | SV19: =Agosto26!$E$19 | SW19: =Agosto26!$E$20 | SX19: =Agosto26!$E$21 | SY19: =Agosto26!$E$22 | SZ19: =Agosto26!$E$23 | TA19: =Agosto26!$E$24 | TB19: =Agosto26!$E$25 | TC19: =Agosto26!$E$26 | TD19: =Agosto26!$E$27 | TE19: =Agosto26!$E$28 | TF19: =Agosto26!$E$29 | TG19: =Agosto26!$E$30 | TH19: =Agosto26!$E$31 | TI19: =Agosto26!$E$32 | TK19: =SUM(SE19:TI19) -> 0
A20: ST* | AK20: =SUM(D20:AG20) -> 0 | AT20: ST* | CD20: =SUM(AW20:BZ20) -> 0 | CM20: ST* | DW20: =SUM(CP20:DS20) -> 0 | EF20: ST* | FP20: =SUM(EI20:FL20) -> 0 | FY20: ST* | HI20: =SUM(GB20:HE20) -> 0 | HR20: ST* | JB20: =SUM(HU20:IX20) -> 0 | JK20: ST* | KU20: =SUM(JN20:KQ20) -> 0 | LD20: ST* | MN20: =SUM(LG20:MJ20) -> 0 | MW20: ST* | OG20: =SUM(MZ20:OC20) -> 0 | OP20: ST* | PZ20: =SUM(OS20:PV20) -> 0 | QI20: ST* | RS20: =SUM(QL20:RO20) -> 0 | SB20: ST* | TL20: =SUM(SE20:TH20) -> 0
A22: NOTE | AT22: NOTE | CM22: NOTE | EF22: NOTE | FY22: NOTE | HR22: NOTE | JK22: NOTE | LD22: NOTE | MW22: NOTE | OP22: NOTE | QI22: NOTE | SB22: NOTE
A23: =elenchi!$C5 -> VILLON BOIANO JOEL | D23: =D$2 -> 45901 | E23: =E$2 -> 45902 | F23: =F$2 -> 45903 | G23: =G$2 -> 45904 | H23: =H$2 -> 45905 | I23: =I$2 -> 45906 | J23: =J$2 -> 45907 | K23: =K$2 -> 45908 | ... AH23: =AH$2 | AI23: GG | AJ23: ORE | AK23: ST* | AL23: FE | AM23: PE | AN23: AI | AO23: AG | AP23: MT | AQ23: ML | AR23: IN | AS23: F | AT23: =elenchi!$C5 -> VILLON BOIANO JOEL | AW23: =AW$2 -> 45931 | AX23: =AX$2 -> 45932 | AY23: =AY$2 -> 45933 | AZ23: =AZ$2 -> 45934 | BA23: =BA$2 -> 45935 | BB23: =BB$2 -> 45936 | BC23: =BC$2 -> 45937 | BD23: =BD$2 -> 45938 | ... CA23: =CA$2 -> 45961 | CB23: GG | CC23: ORE | CD23: ST* | CE23: FE | CF23: PE | CG23: AI | CH23: AG | CI23: MT | CJ23: ML | CK23: IN | CL23: F | CM23: =elenchi!$C5 -> VILLON BOIANO JOEL | CP23: =CP$2 -> 45962 | CQ23: =CQ$2 -> 45963 | CR23: =CR$2 -> 45964 | CS23: =CS$2 -> 45965 | CT23: =CT$2 -> 45966 | CU23: =CU$2 -> 45967 | CV23: =CV$2 -> 45968 | CW23: =CW$2 -> 45969 | ... DT23: =DT$2 | DU23: GG | DV23: ORE | DW23: ST* | DX23: FE | DY23: PE | DZ23: AI | EA23: AG | EB23: MT | EC23: ML | ED23: IN | EE23: F | EF23: =elenchi!$C5 -> VILLON BOIANO JOEL | EI23: =EI$2 -> 45992 | EJ23: =EJ$2 -> 45993 | EK23: =EK$2 -> 45994 | EL23: =EL$2 -> 45995 | EM23: =EM$2 -> 45996 | EN23: =EN$2 -> 45997 | EO23: =EO$2 -> 45998 | EP23: =EP$2 -> 45999 | ... FM23: =FM$2 -> 46022 | FN23: GG | FO23: ORE | FP23: ST* | FQ23: FE | FR23: PE | FS23: AI | FT23: AG | FU23: MT | FV23: ML | FW23: IN | FX23: F | FY23: =elenchi!$C5 -> VILLON BOIANO JOEL | GB23: =GB$2 -> 46023 | GC23: =GC$2 -> 46024 | GD23: =GD$2 -> 46025 | GE23: =GE$2 -> 46026 | GF23: =GF$2 -> 46027 | GG23: =GG$2 -> 46028 | GH23: =GH$2 -> 46029 | GI23: =GI$2 -> 46030 | ... HF23: =HF$2 -> 46053 | HG23: GG | HH23: ORE | HI23: ST* | HJ23: FE | HK23: PE | HL23: AI | HM23: AG | HN23: MT | HO23: ML | HP23: IN | HQ23: F | HR23: =elenchi!$C5 -> VILLON BOIANO JOEL | HU23: =HU$2 -> 46054 | HV23: =HV$2 -> 46055 | HW23: =HW$2 -> 46056 | HX23: =HX$2 -> 46057 | HY23: =HY$2 -> 46058 | HZ23: =HZ$2 -> 46059 | IA23: =IA$2 -> 46060 | IB23: =IB$2 -> 46061 | ... IY23: =IY$2 | IZ23: GG | JA23: ORE | JB23: ST* | JC23: FE | JD23: PE | JE23: AI | JF23: AG | JG23: MT | JH23: ML | JI23: IN | JJ23: F | JK23: =elenchi!$C5 -> VILLON BOIANO JOEL | JN23: =JN$2 -> 46082 | JO23: =JO$2 -> 46083 | JP23: =JP$2 -> 46084 | JQ23: =JQ$2 -> 46085 | JR23: =JR$2 -> 46086 | JS23: =JS$2 -> 46087 | JT23: =JT$2 -> 46088 | JU23: =JU$2 -> 46089 | ... KR23: =KR$2 -> 46112 | KS23: GG | KT23: ORE | KU23: ST* | KV23: FE | KW23: PE | KX23: AI | KY23: AG | KZ23: MT | LA23: ML | LB23: IN | LC23: F | LD23: =elenchi!$C5 -> VILLON BOIANO JOEL | LG23: =LG$2 -> 46113 | LH23: =LH$2 -> 46114 | LI23: =LI$2 -> 46115 | LJ23: =LJ$2 -> 46116 | LK23: =LK$2 -> 46117 | LL23: =LL$2 -> 46118 | LM23: =LM$2 -> 46119 | LN23: =LN$2 -> 46120 | ... MK23: =MK$2 | ML23: GG | MM23: ORE | MN23: ST* | MO23: FE | MP23: PE | MQ23: AI | MR23: AG | MS23: MT | MT23: ML | MU23: IN | MV23: F | MW23: =elenchi!$C5 -> VILLON BOIANO JOEL | MZ23: =MZ$2 -> 46143 | NA23: =NA$2 -> 46144 | NB23: =NB$2 -> 46145 | NC23: =NC$2 -> 46146 | ND23: =ND$2 -> 46147 | NE23: =NE$2 -> 46148 | NF23: =NF$2 -> 46149 | NG23: =NG$2 -> 46150 | ... OD23: =OD$2 -> 46173 | OE23: GG | OF23: ORE | OG23: ST* | OH23: FE | OI23: PE | OJ23: AI | OK23: AG | OL23: MT | OM23: ML | ON23: IN | OO23: F | OP23: =elenchi!$C5 -> VILLON BOIANO JOEL | OS23: =OS$2 -> 46174 | OT23: =OT$2 -> 46175 | OU23: =OU$2 -> 46176 | OV23: =OV$2 -> 46177 | OW23: =OW$2 -> 46178 | OX23: =OX$2 -> 46179 | OY23: =OY$2 -> 46180 | OZ23: =OZ$2 -> 46181 | ... PW23: =PW$2 | PX23: GG | PY23: ORE | PZ23: ST* | QA23: FE | QB23: PE | QC23: AI | QD23: AG | QE23: MT | QF23: ML | QG23: IN | QH23: F | QI23: =elenchi!$C5 -> VILLON BOIANO JOEL | QL23: =QL$2 -> 46204 | QM23: =QM$2 -> 46205 | QN23: =QN$2 -> 46206 | QO23: =QO$2 -> 46207 | QP23: =QP$2 -> 46208 | QQ23: =QQ$2 -> 46209 | QR23: =QR$2 -> 46210 | QS23: =QS$2 -> 46211 | ... RP23: =RP$2 -> 46234 | RQ23: GG | RR23: ORE | RS23: ST* | RT23: FE | RU23: PE | RV23: AI | RW23: AG | RX23: MT | RY23: ML | RZ23: IN | SA23: F | SB23: =elenchi!$C5 -> VILLON BOIANO JOEL | SE23: =SE$2 -> 46235 | SF23: =SF$2 -> 46236 | SG23: =SG$2 -> 46237 | SH23: =SH$2 -> 46238 | SI23: =SI$2 -> 46239 | SJ23: =SJ$2 -> 46240 | SK23: =SK$2 -> 46241 | SL23: =SL$2 -> 46242 | ... TI23: =TI$2 -> 46265 | TJ23: GG | TK23: ORE | TL23: ST* | TM23: FE | TN23: PE | TO23: AI | TP23: AG | TQ23: MT | TR23: ML | TS23: IN | TT23: F
D24: =Settembre25!$F$2 -> ML | E24: =Settembre25!$F$3 -> ML | F24: =Settembre25!$F$4 -> ML | G24: =Settembre25!$F$5 -> ML | H24: =Settembre25!$F$6 -> ML | I24: =Settembre25!$F$7 -> ML | J24: =Settembre25!$F$8 | K24: =Settembre25!$F$9 -> ML | L24: =Settembre25!$F$10 -> ML | M24: =Settembre25!$F$11 -> ML | N24: =Settembre25!$F$12 -> ML | O24: =Settembre25!$F$13 -> ML | P24: =Settembre25!$F$14 -> ML | Q24: =Settembre25!$F$15 | R24: =Settembre25!$F$16 -> 8 | S24: =Settembre25!$F$17 -> 8 | T24: =Settembre25!$F$18 -> 9 | U24: =Settembre25!$F$19 -> 9 | V24: =Settembre25!$F$20 -> 9 | W24: =Settembre25!$F$21 -> 8 | X24: =Settembre25!$F$22 | Y24: =Settembre25!$F$23 -> 8 | Z24: =Settembre25!$F$24 -> 8 | AA24: =Settembre25!$F$25 -> 8 | AB24: =Settembre25!$F$26 -> 4 | AC24: =Settembre25!$F$27 -> 8 | AD24: =Settembre25!$F$28 -> 8 | AE24: =Settembre25!$F$29 | AF24: =Settembre25!$F$30 -> 8 | AG24: =Settembre25!$F$31 -> 4.5 | AH24: =Settembre25!$F$32 | AJ24: =SUM(D24:AH24) -> 107.5 | AW24: =Ottobre25!$F$2 -> Pe | AX24: =Ottobre25!$F$3 -> 8 | AY24: =Ottobre25!$F$4 -> 8 | AZ24: =Ottobre25!$F$5 -> 8 | BA24: =Ottobre25!$F$6 | BB24: =Ottobre25!$F$7 -> 8 | BC24: =Ottobre25!$F$8 -> 8 | BD24: =Ottobre25!$F$9 -> 2 | BE24: =Ottobre25!$F$10 -> ML | BF24: =Ottobre25!$F$11 -> ML | BG24: =Ottobre25!$F$12 -> 8 | BH24: =Ottobre25!$F$13 | BI24: =Ottobre25!$F$14 -> 8 | BJ24: =Ottobre25!$F$15 -> 8 | BK24: =Ottobre25!$F$16 -> 8 | BL24: =Ottobre25!$F$17 -> 8 | BM24: =Ottobre25!$F$18 -> ML | BN24: =Ottobre25!$F$19 -> 8 | BO24: =Ottobre25!$F$20 | BP24: =Ottobre25!$F$21 -> 8 | BQ24: =Ottobre25!$F$22 -> 8 | BR24: =Ottobre25!$F$23 -> 8 | BS24: =Ottobre25!$F$24 -> 8 | BT24: =Ottobre25!$F$25 -> 8 | BU24: =Ottobre25!$F$26 -> 8 | BV24: =Ottobre25!$F$27 | BW24: =Ottobre25!$F$28 -> 8 | BX24: =Ottobre25!$F$29 -> 8 | BY24: =Ottobre25!$F$30 -> 8 | BZ24: =Ottobre25!$F$31 -> 8 | CA24: =Ottobre25!$F$32 -> 8 | CC24: =SUM(AW24:CA24) -> 178 | CP24: =Novembre25!$F$2 | CQ24: =Novembre25!$F$3 | CR24: =Novembre25!$F$4 -> 8 | CS24: =Novembre25!$F$5 -> 8 | CT24: =Novembre25!$F$6 -> 8 | CU24: =Novembre25!$F$7 -> 8 | CV24: =Novembre25!$F$8 -> 8 | CW24: =Novembre25!$F$9 -> 8 | CX24: =Novembre25!$F$10 | CY24: =Novembre25!$F$11 -> 8 | CZ24: =Novembre25!$F$12 -> 8 | DA24: =Novembre25!$F$13 -> 8 | DB24: =Novembre25!$F$14 -> 8 | DC24: =Novembre25!$F$15 -> 8 | DD24: =Novembre25!$F$16 | DE24: =Novembre25!$F$17 -> 4 | DF24: =Novembre25!$F$18 -> 8 | DG24: =Novembre25!$F$19 -> 8 | DH24: =Novembre25!$F$20 -> 8 | DI24: =Novembre25!$F$21 -> 8 | DJ24: =Novembre25!$F$22 -> 8 | DK24: =Novembre25!$F$23 -> 8 | DL24: =Novembre25!$F$24 | DM24: =Novembre25!$F$25 -> 8 | DN24: =Novembre25!$F$26 -> 8 | DO24: =Novembre25!$F$27 -> 8 | DP24: =Novembre25!$F$28 -> 8 | DQ24: =Novembre25!$F$29 -> 8 | DR24: =Novembre25!$F$30 -> 8 | DS24: =Novembre25!$F$31 | DT24: =Novembre25!$F$32 | DV24: =SUM(CP24:DT24) -> 188 | EI24: =Dicembre25!$F$2 -> 8 | EJ24: =Dicembre25!$F$3 -> 8 | EK24: =Dicembre25!$F$4 -> 8 | EL24: =Dicembre25!$F$5 -> 8 | EM24: =Dicembre25!$F$6 -> ML | EN24: =Dicembre25!$F$7 -> ML | EO24: =Dicembre25!$F$8 | EP24: =Dicembre25!$F$9 -> F | EQ24: =Dicembre25!$F$10 -> 8 | ER24: =Dicembre25!$F$11 -> 8 | ES24: =Dicembre25!$F$12 -> 8 | ET24: =Dicembre25!$F$13 -> 8 | EU24: =Dicembre25!$F$14 -> 8 | EV24: =Dicembre25!$F$15 | EW24: =Dicembre25!$F$16 -> 8 | EX24: =Dicembre25!$F$17 -> 8 | EY24: =Dicembre25!$F$18 -> 8 | EZ24: =Dicembre25!$F$19 -> 8 | FA24: =Dicembre25!$F$20 -> 8 | FB24: =Dicembre25!$F$21 -> 8 | FC24: =Dicembre25!$F$22 | FD24: =Dicembre25!$F$23 -> 8 | FE24: =Dicembre25!$F$24 -> 8 | FF24: =Dicembre25!$F$25 -> Fe | FG24: =Dicembre25!$F$26 -> F | FH24: =Dicembre25!$F$27 -> F | FI24: =Dicembre25!$F$28 | FJ24: =Dicembre25!$F$29 | FK24: =Dicembre25!$F$30 -> 8 | FL24: =Dicembre25!$F$31 -> 8 | FM24: =Dicembre25!$F$32 | FO24: =SUM(EI24:FM24) -> 152 | GB24: =Gennaio26!$F$2 -> F | GC24: =Gennaio26!$F$3 -> FE | GD24: =Gennaio26!$F$4 | GE24: =Gennaio26!$F$5 | GF24: =Gennaio26!$F$6 -> FE | GG24: =Gennaio26!$F$7 -> F | GH24: =Gennaio26!$F$8 -> 8 | GI24: =Gennaio26!$F$9 -> 8 | GJ24: =Gennaio26!$F$10 -> 8 | GK24: =Gennaio26!$F$11 -> 8 | GL24: =Gennaio26!$F$12 | GM24: =Gennaio26!$F$13 -> 8 | GN24: =Gennaio26!$F$14 -> 8 | GO24: =Gennaio26!$F$15 -> 8 | GP24: =Gennaio26!$F$16 -> 8 | GQ24: =Gennaio26!$F$17 -> 8 | GR24: =Gennaio26!$F$18 -> 8 | GS24: =Gennaio26!$F$19 | GT24: =Gennaio26!$F$20 -> 8 | GU24: =Gennaio26!$F$21 -> 8 | GV24: =Gennaio26!$F$22 -> 8 | GW24: =Gennaio26!$F$23 -> 8 | GX24: =Gennaio26!$F$24 -> 8 | GY24: =Gennaio26!$F$25 | GZ24: =Gennaio26!$F$26 | HA24: =Gennaio26!$F$27 -> 7 | HB24: =Gennaio26!$F$28 -> 8 | HC24: =Gennaio26!$F$29 -> 8 | HD24: =Gennaio26!$F$30 -> 8 | HE24: =Gennaio26!$F$31 -> 8 | HF24: =Gennaio26!$F$32 -> 8 | HH24: =SUM(GB24:HF24) -> 167 | HU24: =Febbraio26!$F$2 | HV24: =Febbraio26!$F$3 -> 8 | HW24: =Febbraio26!$F$4 -> 8 | HX24: =Febbraio26!$F$5 -> 8 | HY24: =Febbraio26!$F$6 -> 8 | HZ24: =Febbraio26!$F$7 -> 8 | IA24: =Febbraio26!$F$8 -> 8 | IB24: =Febbraio26!$F$9 | IC24: =Febbraio26!$F$10 -> 8 | ID24: =Febbraio26!$F$11 -> 8 | IE24: =Febbraio26!$F$12 -> 8 | IF24: =Febbraio26!$F$13 -> 8 | IG24: =Febbraio26!$F$14 -> 8 | IH24: =Febbraio26!$F$15 -> 8 | II24: =Febbraio26!$F$16 | IJ24: =Febbraio26!$F$17 -> 8 | IK24: =Febbraio26!$F$18 -> 8 | IL24: =Febbraio26!$F$19 -> 7 | IM24: =Febbraio26!$F$20 -> 8 | IN24: =Febbraio26!$F$21 -> 8 | IO24: =Febbraio26!$F$22 -> 8 | IP24: =Febbraio26!$F$23 | IQ24: =Febbraio26!$F$24 -> 8 | IR24: =Febbraio26!$F$25 -> 8 | IS24: =Febbraio26!$F$26 -> 8 | IT24: =Febbraio26!$F$27 -> 8 | IU24: =Febbraio26!$F$28 -> 8 | IV24: =Febbraio26!$F$29 | IW24: =Febbraio26!$F$30 | IX24: =Febbraio26!$F$31 | IY24: =Febbraio26!$F$32 | JA24: =SUM(HU24:IY24) -> 183 | JN24: =Marzo26!$F$2 -> 3 | JO24: =Marzo26!$F$3 -> 8 | JP24: =Marzo26!$F$4 -> 8 | JQ24: =Marzo26!$F$5 -> 8 | JR24: =Marzo26!$F$6 -> 8 | JS24: =Marzo26!$F$7 -> 8 | JT24: =Marzo26!$F$8 -> 8 | JU24: =Marzo26!$F$9 | JV24: =Marzo26!$F$10 -> 8 | JW24: =Marzo26!$F$11 -> 8 | JX24: =Marzo26!$F$12 -> 8 | JY24: =Marzo26!$F$13 -> 8 | JZ24: =Marzo26!$F$14 -> 8 | KA24: =Marzo26!$F$15 | KB24: =Marzo26!$F$16 | KC24: =Marzo26!$F$17 -> 8 | KD24: =Marzo26!$F$18 -> 8 | KE24: =Marzo26!$F$19 -> 8 | KF24: =Marzo26!$F$20 -> 8 | KG24: =Marzo26!$F$21 -> 4.5 | KH24: =Marzo26!$F$22 -> 8 | KI24: =Marzo26!$F$23 | KJ24: =Marzo26!$F$24 -> 8 | KK24: =Marzo26!$F$25 -> 5.5 | KL24: =Marzo26!$F$26 -> 8 | KM24: =Marzo26!$F$27 -> 8 | KN24: =Marzo26!$F$28 -> 8 | KO24: =Marzo26!$F$29 -> 8 | KP24: =Marzo26!$F$30 | KQ24: =Marzo26!$F$31 -> 8 | KR24: =Marzo26!$F$32 -> 8 | KT24: =SUM(JN24:KR24) -> 197 | LG24: =Aprile26!$F$2 | LH24: =Aprile26!$F$3 | LI24: =Aprile26!$F$4 | LJ24: =Aprile26!$F$5 | LK24: =Aprile26!$F$6 | LL24: =Aprile26!$F$7 | LM24: =Aprile26!$F$8 | LN24: =Aprile26!$F$9 | LO24: =Aprile26!$F$10 | LP24: =Aprile26!$F$11 | LQ24: =Aprile26!$F$12 | LR24: =Aprile26!$F$13 | LS24: =Aprile26!$F$14 | LT24: =Aprile26!$F$15 | LU24: =Aprile26!$F$16 | LV24: =Aprile26!$F$17 | LW24: =Aprile26!$F$18 | LX24: =Aprile26!$F$19 | LY24: =Aprile26!$F$20 | LZ24: =Aprile26!$F$21 | MA24: =Aprile26!$F$22 | MB24: =Aprile26!$F$23 | MC24: =Aprile26!$F$24 | MD24: =Aprile26!$F$25 | ME24: =Aprile26!$F$26 | MF24: =Aprile26!$F$27 | MG24: =Aprile26!$F$28 | MH24: =Aprile26!$F$29 | MI24: =Aprile26!$F$30 | MJ24: =Aprile26!$F$31 | MK24: =Aprile26!$F$32 | MM24: =SUM(LG24:MK24) -> 0 | MZ24: =Maggio26!$F$2 | NA24: =Maggio26!$F$3 | NB24: =Maggio26!$F$4 | NC24: =Maggio26!$F$5 | ND24: =Maggio26!$F$6 | NE24: =Maggio26!$F$7 | NF24: =Maggio26!$F$8 | NG24: =Maggio26!$F$9 | NH24: =Maggio26!$F$10 | NI24: =Maggio26!$F$11 | NJ24: =Maggio26!$F$12 | NK24: =Maggio26!$F$13 | NL24: =Maggio26!$F$14 | NM24: =Maggio26!$F$15 | NN24: =Maggio26!$F$16 | NO24: =Maggio26!$F$17 | NP24: =Maggio26!$F$18 | NQ24: =Maggio26!$F$19 | NR24: =Maggio26!$F$20 | NS24: =Maggio26!$F$21 | NT24: =Maggio26!$F$22 | NU24: =Maggio26!$F$23 | NV24: =Maggio26!$F$24 | NW24: =Maggio26!$F$25 | NX24: =Maggio26!$F$26 | NY24: =Maggio26!$F$27 | NZ24: =Maggio26!$F$28 | OA24: =Maggio26!$F$29 | OB24: =Maggio26!$F$30 | OC24: =Maggio26!$F$31 | OD24: =Maggio26!$F$32 | OF24: =SUM(MZ24:OD24) -> 0 | OS24: =Giugno26!$F$2 | OT24: =Giugno26!$F$3 | OU24: =Giugno26!$F$4 | OV24: =Giugno26!$F$5 | OW24: =Giugno26!$F$6 | OX24: =Giugno26!$F$7 | OY24: =Giugno26!$F$8 | OZ24: =Giugno26!$F$9 | PA24: =Giugno26!$F$10 | PB24: =Giugno26!$F$11 | PC24: =Giugno26!$F$12 | PD24: =Giugno26!$F$13 | PE24: =Giugno26!$F$14 | PF24: =Giugno26!$F$15 | PG24: =Giugno26!$F$16 | PH24: =Giugno26!$F$17 | PI24: =Giugno26!$F$18 | PJ24: =Giugno26!$F$19 | PK24: =Giugno26!$F$20 | PL24: =Giugno26!$F$21 | PM24: =Giugno26!$F$22 | PN24: =Giugno26!$F$23 | PO24: =Giugno26!$F$24 | PP24: =Giugno26!$F$25 | PQ24: =Giugno26!$F$26 | PR24: =Giugno26!$F$27 | PS24: =Giugno26!$F$28 | PT24: =Giugno26!$F$29 | PU24: =Giugno26!$F$30 | PV24: =Giugno26!$F$31 | PW24: =Giugno26!$F$32 | PY24: =SUM(OS24:PW24) -> 0 | QL24: =Luglio26!$F$2 | QM24: =Luglio26!$F$3 | QN24: =Luglio26!$F$4 | QO24: =Luglio26!$F$5 | QP24: =Luglio26!$F$6 | QQ24: =Luglio26!$F$7 | QR24: =Luglio26!$F$8 | QS24: =Luglio26!$F$9 | QT24: =Luglio26!$F$10 | QU24: =Luglio26!$F$11 | QV24: =Luglio26!$F$12 | QW24: =Luglio26!$F$13 | QX24: =Luglio26!$F$14 | QY24: =Luglio26!$F$15 | QZ24: =Luglio26!$F$16 | RA24: =Luglio26!$F$17 | RB24: =Luglio26!$F$18 | RC24: =Luglio26!$F$19 | RD24: =Luglio26!$F$20 | RE24: =Luglio26!$F$21 | RF24: =Luglio26!$F$22 | RG24: =Luglio26!$F$23 | RH24: =Luglio26!$F$24 | RI24: =Luglio26!$F$25 | RJ24: =Luglio26!$F$26 | RK24: =Luglio26!$F$27 | RL24: =Luglio26!$F$28 | RM24: =Luglio26!$F$29 | RN24: =Luglio26!$F$30 | RO24: =Luglio26!$F$31 | RP24: =Luglio26!$F$32 | RR24: =SUM(QL24:RP24) -> 0 | SE24: =Agosto26!$F$2 | SF24: =Agosto26!$F$3 | SG24: =Agosto26!$F$4 | SH24: =Agosto26!$F$5 | SI24: =Agosto26!$F$6 | SJ24: =Agosto26!$F$7 | SK24: =Agosto26!$F$8 | SL24: =Agosto26!$F$9 | SM24: =Agosto26!$F$10 | SN24: =Agosto26!$F$11 | SO24: =Agosto26!$F$12 | SP24: =Agosto26!$F$13 | SQ24: =Agosto26!$F$14 | SR24: =Agosto26!$F$15 | SS24: =Agosto26!$F$16 | ST24: =Agosto26!$F$17 | SU24: =Agosto26!$F$18 | SV24: =Agosto26!$F$19 | SW24: =Agosto26!$F$20 | SX24: =Agosto26!$F$21 | SY24: =Agosto26!$F$22 | SZ24: =Agosto26!$F$23 | TA24: =Agosto26!$F$24 | TB24: =Agosto26!$F$25 | TC24: =Agosto26!$F$26 | TD24: =Agosto26!$F$27 | TE24: =Agosto26!$F$28 | TF24: =Agosto26!$F$29 | TG24: =Agosto26!$F$30 | TH24: =Agosto26!$F$31 | TI24: =Agosto26!$F$32 | TK24: =SUM(SE24:TI24) -> 0
A25: ST* | AK25: =SUM(D25:AG25) -> 0 | AT25: ST* | CD25: =SUM(AW25:BZ25) -> 0 | CM25: ST* | DW25: =SUM(CP25:DS25) -> 0 | EF25: ST* | FP25: =SUM(EI25:FL25) -> 0 | FY25: ST* | HI25: =SUM(GB25:HE25) -> 0 | HR25: ST* | JB25: =SUM(HU25:IX25) -> 0 | JK25: ST* | KU25: =SUM(JN25:KQ25) -> 0 | LD25: ST* | MN25: =SUM(LG25:MJ25) -> 0 | MW25: ST* | OG25: =SUM(MZ25:OC25) -> 0 | OP25: ST* | PZ25: =SUM(OS25:PV25) -> 0 | QI25: ST* | RS25: =SUM(QL25:RO25) -> 0 | SB25: ST* | TL25: =SUM(SE25:TH25) -> 0
A27: NOTE | AT27: NOTE | CM27: NOTE | EF27: NOTE | FY27: NOTE | HR27: NOTE | JK27: NOTE | LD27: NOTE | MW27: NOTE | OP27: NOTE | QI27: NOTE | SB27: NOTE
A28: =elenchi!$C6 -> BONILLA KEVIN | D28: =D$2 -> 45901 | E28: =E$2 -> 45902 | F28: =F$2 -> 45903 | G28: =G$2 -> 45904 | H28: =H$2 -> 45905 | I28: =I$2 -> 45906 | J28: =J$2 -> 45907 | K28: =K$2 -> 45908 | ... AH28: =AH$2 | AI28: GG | AJ28: ORE | AK28: ST* | AL28: FE | AM28: PE | AN28: AI | AO28: AG | AP28: MT | AQ28: ML | AR28: IN | AS28: F | AT28: =elenchi!$C6 -> BONILLA KEVIN | AW28: =AW$2 -> 45931 | AX28: =AX$2 -> 45932 | AY28: =AY$2 -> 45933 | AZ28: =AZ$2 -> 45934 | BA28: =BA$2 -> 45935 | BB28: =BB$2 -> 45936 | BC28: =BC$2 -> 45937 | BD28: =BD$2 -> 45938 | ... CA28: =CA$2 -> 45961 | CB28: GG | CC28: ORE | CD28: ST* | CE28: FE | CF28: PE | CG28: AI | CH28: AG | CI28: MT | CJ28: ML | CK28: IN | CL28: F | CM28: =elenchi!$C6 -> BONILLA KEVIN | CP28: =CP$2 -> 45962 | CQ28: =CQ$2 -> 45963 | CR28: =CR$2 -> 45964 | CS28: =CS$2 -> 45965 | CT28: =CT$2 -> 45966 | CU28: =CU$2 -> 45967 | CV28: =CV$2 -> 45968 | CW28: =CW$2 -> 45969 | ... DT28: =DT$2 | DU28: GG | DV28: ORE | DW28: ST* | DX28: FE | DY28: PE | DZ28: AI | EA28: AG | EB28: MT | EC28: ML | ED28: IN | EE28: F | EF28: =elenchi!$C6 -> BONILLA KEVIN | EI28: =EI$2 -> 45992 | EJ28: =EJ$2 -> 45993 | EK28: =EK$2 -> 45994 | EL28: =EL$2 -> 45995 | EM28: =EM$2 -> 45996 | EN28: =EN$2 -> 45997 | EO28: =EO$2 -> 45998 | EP28: =EP$2 -> 45999 | ... FM28: =FM$2 -> 46022 | FN28: GG | FO28: ORE | FP28: ST* | FQ28: FE | FR28: PE | FS28: AI | FT28: AG | FU28: MT | FV28: ML | FW28: IN | FX28: F | FY28: =elenchi!$C6 -> BONILLA KEVIN | GB28: =GB$2 -> 46023 | GC28: =GC$2 -> 46024 | GD28: =GD$2 -> 46025 | GE28: =GE$2 -> 46026 | GF28: =GF$2 -> 46027 | GG28: =GG$2 -> 46028 | GH28: =GH$2 -> 46029 | GI28: =GI$2 -> 46030 | ... HF28: =HF$2 -> 46053 | HG28: GG | HH28: ORE | HI28: ST* | HJ28: FE | HK28: PE | HL28: AI | HM28: AG | HN28: MT | HO28: ML | HP28: IN | HQ28: F | HR28: =elenchi!$C6 -> BONILLA KEVIN | HU28: =HU$2 -> 46054 | HV28: =HV$2 -> 46055 | HW28: =HW$2 -> 46056 | HX28: =HX$2 -> 46057 | HY28: =HY$2 -> 46058 | HZ28: =HZ$2 -> 46059 | IA28: =IA$2 -> 46060 | IB28: =IB$2 -> 46061 | ... IY28: =IY$2 | IZ28: GG | JA28: ORE | JB28: ST* | JC28: FE | JD28: PE | JE28: AI | JF28: AG | JG28: MT | JH28: ML | JI28: IN | JJ28: F | JK28: =elenchi!$C6 -> BONILLA KEVIN | JN28: =JN$2 -> 46082 | JO28: =JO$2 -> 46083 | JP28: =JP$2 -> 46084 | JQ28: =JQ$2 -> 46085 | JR28: =JR$2 -> 46086 | JS28: =JS$2 -> 46087 | JT28: =JT$2 -> 46088 | JU28: =JU$2 -> 46089 | ... KR28: =KR$2 -> 46112 | KS28: GG | KT28: ORE | KU28: ST* | KV28: FE | KW28: PE | KX28: AI | KY28: AG | KZ28: MT | LA28: ML | LB28: IN | LC28: F | LD28: =elenchi!$C6 -> BONILLA KEVIN | LG28: =LG$2 -> 46113 | LH28: =LH$2 -> 46114 | LI28: =LI$2 -> 46115 | LJ28: =LJ$2 -> 46116 | LK28: =LK$2 -> 46117 | LL28: =LL$2 -> 46118 | LM28: =LM$2 -> 46119 | LN28: =LN$2 -> 46120 | ... MK28: =MK$2 | ML28: GG | MM28: ORE | MN28: ST* | MO28: FE | MP28: PE | MQ28: AI | MR28: AG | MS28: MT | MT28: ML | MU28: IN | MV28: F | MW28: =elenchi!$C6 -> BONILLA KEVIN | MZ28: =MZ$2 -> 46143 | NA28: =NA$2 -> 46144 | NB28: =NB$2 -> 46145 | NC28: =NC$2 -> 46146 | ND28: =ND$2 -> 46147 | NE28: =NE$2 -> 46148 | NF28: =NF$2 -> 46149 | NG28: =NG$2 -> 46150 | ... OD28: =OD$2 -> 46173 | OE28: GG | OF28: ORE | OG28: ST* | OH28: FE | OI28: PE | OJ28: AI | OK28: AG | OL28: MT | OM28: ML | ON28: IN | OO28: F | OP28: =elenchi!$C6 -> BONILLA KEVIN | OS28: =OS$2 -> 46174 | OT28: =OT$2 -> 46175 | OU28: =OU$2 -> 46176 | OV28: =OV$2 -> 46177 | OW28: =OW$2 -> 46178 | OX28: =OX$2 -> 46179 | OY28: =OY$2 -> 46180 | OZ28: =OZ$2 -> 46181 | ... PW28: =PW$2 | PX28: GG | PY28: ORE | PZ28: ST* | QA28: FE | QB28: PE | QC28: AI | QD28: AG | QE28: MT | QF28: ML | QG28: IN | QH28: F | QI28: =elenchi!$C6 -> BONILLA KEVIN | QL28: =QL$2 -> 46204 | QM28: =QM$2 -> 46205 | QN28: =QN$2 -> 46206 | QO28: =QO$2 -> 46207 | QP28: =QP$2 -> 46208 | QQ28: =QQ$2 -> 46209 | QR28: =QR$2 -> 46210 | QS28: =QS$2 -> 46211 | ... RP28: =RP$2 -> 46234 | RQ28: GG | RR28: ORE | RS28: ST* | RT28: FE | RU28: PE | RV28: AI | RW28: AG | RX28: MT | RY28: ML | RZ28: IN | SA28: F | SB28: =elenchi!$C6 -> BONILLA KEVIN | SE28: =SE$2 -> 46235 | SF28: =SF$2 -> 46236 | SG28: =SG$2 -> 46237 | SH28: =SH$2 -> 46238 | SI28: =SI$2 -> 46239 | SJ28: =SJ$2 -> 46240 | SK28: =SK$2 -> 46241 | SL28: =SL$2 -> 46242 | ... TI28: =TI$2 -> 46265 | TJ28: GG | TK28: ORE | TL28: ST* | TM28: FE | TN28: PE | TO28: AI | TP28: AG | TQ28: MT | TR28: ML | TS28: IN | TT28: F
D29: =Settembre25!$G$2 -> 8 | E29: =Settembre25!$G$3 -> 8 | F29: =Settembre25!$G$4 -> 8 | G29: =Settembre25!$G$5 -> PE | H29: =Settembre25!$G$6 -> PE | I29: =Settembre25!$G$7 -> 8 | J29: =Settembre25!$G$8 | K29: =Settembre25!$G$9 -> 8 | L29: =Settembre25!$G$10 -> 8 | M29: =Settembre25!$G$11 -> 8 | N29: =Settembre25!$G$12 -> 8 | O29: =Settembre25!$G$13 -> 8 | P29: =Settembre25!$G$14 -> 8 | Q29: =Settembre25!$G$15 | R29: =Settembre25!$G$16 -> 8 | S29: =Settembre25!$G$17 -> 8 | T29: =Settembre25!$G$18 -> 8 | U29: =Settembre25!$G$19 -> 8 | V29: =Settembre25!$G$20 -> 8 | W29: =Settembre25!$G$21 -> 8 | X29: =Settembre25!$G$22 -> 6.5 | Y29: =Settembre25!$G$23 -> 8 | Z29: =Settembre25!$G$24 -> 8 | AA29: =Settembre25!$G$25 -> 8 | AB29: =Settembre25!$G$26 -> 4 | AC29: =Settembre25!$G$27 -> 4 | AD29: =Settembre25!$G$28 | AE29: =Settembre25!$G$29 | AF29: =Settembre25!$G$30 -> 8 | AG29: =Settembre25!$G$31 -> 10 | AH29: =Settembre25!$G$32 | AJ29: =SUM(D29:AH29) -> 184.5 | AW29: =Ottobre25!$G$2 -> 8 | AX29: =Ottobre25!$G$3 -> 8 | AY29: =Ottobre25!$G$4 -> 8 | AZ29: =Ottobre25!$G$5 -> 8 | BA29: =Ottobre25!$G$6 | BB29: =Ottobre25!$G$7 -> 8 | BC29: =Ottobre25!$G$8 -> 8 | BD29: =Ottobre25!$G$9 -> 8 | BE29: =Ottobre25!$G$10 -> 8 | BF29: =Ottobre25!$G$11 -> 8 | BG29: =Ottobre25!$G$12 -> Pe | BH29: =Ottobre25!$G$13 | BI29: =Ottobre25!$G$14 -> 8 | BJ29: =Ottobre25!$G$15 -> 8 | BK29: =Ottobre25!$G$16 -> 8 | BL29: =Ottobre25!$G$17 -> 8 | BM29: =Ottobre25!$G$18 -> 8 | BN29: =Ottobre25!$G$19 -> 9 | BO29: =Ottobre25!$G$20 -> 8 | BP29: =Ottobre25!$G$21 -> 8 | BQ29: =Ottobre25!$G$22 -> 4.5 | BR29: =Ottobre25!$G$23 -> 8 | BS29: =Ottobre25!$G$24 -> 8 | BT29: =Ottobre25!$G$25 -> 8 | BU29: =Ottobre25!$G$26 -> 10 | BV29: =Ottobre25!$G$27 | BW29: =Ottobre25!$G$28 -> 8 | BX29: =Ottobre25!$G$29 -> 6 | BY29: =Ottobre25!$G$30 -> 8 | BZ29: =Ottobre25!$G$31 -> 8 | CA29: =Ottobre25!$G$32 -> Pe | CC29: =SUM(AW29:CA29) -> 205.5 | CP29: =Novembre25!$G$2 | CQ29: =Novembre25!$G$3 | CR29: =Novembre25!$G$4 -> Pe | CS29: =Novembre25!$G$5 -> Pe | CT29: =Novembre25!$G$6 -> Pe | CU29: =Novembre25!$G$7 -> 7 | CV29: =Novembre25!$G$8 -> 8 | CW29: =Novembre25!$G$9 -> Pe | CX29: =Novembre25!$G$10 -> 8 | CY29: =Novembre25!$G$11 -> 8 | CZ29: =Novembre25!$G$12 -> 6 | DA29: =Novembre25!$G$13 -> 8 | DB29: =Novembre25!$G$14 -> Pe | DC29: =Novembre25!$G$15 -> Pe | DD29: =Novembre25!$G$16 -> Pe | DE29: =Novembre25!$G$17 | DF29: =Novembre25!$G$18 -> Pe | DG29: =Novembre25!$G$19 -> Pe | DH29: =Novembre25!$G$20 -> Pe | DI29: =Novembre25!$G$21 -> Pe | DJ29: =Novembre25!$G$22 -> Pe | DK29: =Novembre25!$G$23 -> Pe | DL29: =Novembre25!$G$24 -> 5.5 | DM29: =Novembre25!$G$25 -> 8 | DN29: =Novembre25!$G$26 -> 6 | DO29: =Novembre25!$G$27 -> 8 | DP29: =Novembre25!$G$28 -> Pe | DQ29: =Novembre25!$G$29 -> Pe | DR29: =Novembre25!$G$30 -> Pe | DS29: =Novembre25!$G$31 | DT29: =Novembre25!$G$32 | DV29: =SUM(CP29:DT29) -> 72.5 | EI29: =Dicembre25!$G$2 -> 8 | EJ29: =Dicembre25!$G$3 -> 6 | EK29: =Dicembre25!$G$4 -> Pe | EL29: =Dicembre25!$G$5 -> Pe | EM29: =Dicembre25!$G$6 -> Pe | EN29: =Dicembre25!$G$7 -> Pe | EO29: =Dicembre25!$G$8 | EP29: =Dicembre25!$G$9 -> F | EQ29: =Dicembre25!$G$10 -> 8 | ER29: =Dicembre25!$G$11 -> 8 | ES29: =Dicembre25!$G$12 -> Pe | ET29: =Dicembre25!$G$13 -> Pe | EU29: =Dicembre25!$G$14 -> Pe | EV29: =Dicembre25!$G$15 | EW29: =Dicembre25!$G$16 -> 8 | EX29: =Dicembre25!$G$17 -> 6 | EY29: =Dicembre25!$G$18 -> 7.5 | EZ29: =Dicembre25!$G$19 -> 8 | FA29: =Dicembre25!$G$20 -> Pe | FB29: =Dicembre25!$G$21 -> Pe | FC29: =Dicembre25!$G$22 | FD29: =Dicembre25!$G$23 -> 8 | FE29: =Dicembre25!$G$24 -> 8 | FF29: =Dicembre25!$G$25 -> Fe | FG29: =Dicembre25!$G$26 -> F | FH29: =Dicembre25!$G$27 -> F | FI29: =Dicembre25!$G$28 | FJ29: =Dicembre25!$G$29 | FK29: =Dicembre25!$G$30 -> 8 | FL29: =Dicembre25!$G$31 -> 8 | FM29: =Dicembre25!$G$32 | FO29: =SUM(EI29:FM29) -> 91.5 | GB29: =Gennaio26!$G$2 -> F | GC29: =Gennaio26!$G$3 -> FE | GD29: =Gennaio26!$G$4 | GE29: =Gennaio26!$G$5 | GF29: =Gennaio26!$G$6 -> FE | GG29: =Gennaio26!$G$7 -> F | GH29: =Gennaio26!$G$8 -> 8 | GI29: =Gennaio26!$G$9 -> 8 | GJ29: =Gennaio26!$G$10 -> 8 | GK29: =Gennaio26!$G$11 -> 8 | GL29: =Gennaio26!$G$12 | GM29: =Gennaio26!$G$13 -> 8 | GN29: =Gennaio26!$G$14 -> 6 | GO29: =Gennaio26!$G$15 -> 8 | GP29: =Gennaio26!$G$16 -> 8 | GQ29: =Gennaio26!$G$17 -> 8 | GR29: =Gennaio26!$G$18 -> 8 | GS29: =Gennaio26!$G$19 -> 8 | GT29: =Gennaio26!$G$20 -> 8 | GU29: =Gennaio26!$G$21 -> 5 | GV29: =Gennaio26!$G$22 -> 8 | GW29: =Gennaio26!$G$23 -> 8 | GX29: =Gennaio26!$G$24 -> 8 | GY29: =Gennaio26!$G$25 | GZ29: =Gennaio26!$G$26 | HA29: =Gennaio26!$G$27 -> 8 | HB29: =Gennaio26!$G$28 -> 6 | HC29: =Gennaio26!$G$29 -> 8 | HD29: =Gennaio26!$G$30 -> 8 | HE29: =Gennaio26!$G$31 -> 8 | HF29: =Gennaio26!$G$32 -> 8 | HH29: =SUM(GB29:HF29) -> 169 | HU29: =Febbraio26!$G$2 | HV29: =Febbraio26!$G$3 -> 8 | HW29: =Febbraio26!$G$4 -> 5 | HX29: =Febbraio26!$G$5 -> 8 | HY29: =Febbraio26!$G$6 -> 8 | HZ29: =Febbraio26!$G$7 -> 8 | IA29: =Febbraio26!$G$8 -> 8 | IB29: =Febbraio26!$G$9 | IC29: =Febbraio26!$G$10 -> 8 | ID29: =Febbraio26!$G$11 -> 6 | IE29: =Febbraio26!$G$12 -> 8 | IF29: =Febbraio26!$G$13 -> 3 | IG29: =Febbraio26!$G$14 -> 8 | IH29: =Febbraio26!$G$15 | II29: =Febbraio26!$G$16 -> 8 | IJ29: =Febbraio26!$G$17 -> 8 | IK29: =Febbraio26!$G$18 -> 5.5 | IL29: =Febbraio26!$G$19 -> 8 | IM29: =Febbraio26!$G$20 -> 8 | IN29: =Febbraio26!$G$21 -> 7.5 | IO29: =Febbraio26!$G$22 -> 8 | IP29: =Febbraio26!$G$23 | IQ29: =Febbraio26!$G$24 -> 8 | IR29: =Febbraio26!$G$25 -> 6 | IS29: =Febbraio26!$G$26 -> 8 | IT29: =Febbraio26!$G$27 -> 8 | IU29: =Febbraio26!$G$28 -> 8 | IV29: =Febbraio26!$G$29 -> 9 | IW29: =Febbraio26!$G$30 | IX29: =Febbraio26!$G$31 | IY29: =Febbraio26!$G$32 | JA29: =SUM(HU29:IY29) -> 178 | JN29: =Marzo26!$G$2 -> 3 | JO29: =Marzo26!$G$3 -> 8 | JP29: =Marzo26!$G$4 -> 6 | JQ29: =Marzo26!$G$5 -> 8 | JR29: =Marzo26!$G$6 -> 8 | JS29: =Marzo26!$G$7 -> 8 | JT29: =Marzo26!$G$8 -> 8 | JU29: =Marzo26!$G$9 | JV29: =Marzo26!$G$10 -> 8 | JW29: =Marzo26!$G$11 -> 6 | JX29: =Marzo26!$G$12 -> 8 | JY29: =Marzo26!$G$13 -> 8 | JZ29: =Marzo26!$G$14 -> 8 | KA29: =Marzo26!$G$15 -> 6.5 | KB29: =Marzo26!$G$16 -> 8.5 | KC29: =Marzo26!$G$17 -> 8 | KD29: =Marzo26!$G$18 -> 6 | KE29: =Marzo26!$G$19 -> 8 | KF29: =Marzo26!$G$20 -> 8 | KG29: =Marzo26!$G$21 -> 8 | KH29: =Marzo26!$G$22 | KI29: =Marzo26!$G$23 | KJ29: =Marzo26!$G$24 -> 8 | KK29: =Marzo26!$G$25 -> 6 | KL29: =Marzo26!$G$26 -> 8 | KM29: =Marzo26!$G$27 -> 8 | KN29: =Marzo26!$G$28 -> 8 | KO29: =Marzo26!$G$29 | KP29: =Marzo26!$G$30 | KQ29: =Marzo26!$G$31 -> 8 | KR29: =Marzo26!$G$32 -> 6 | KT29: =SUM(JN29:KR29) -> 192 | LG29: =Aprile26!$G$2 | LH29: =Aprile26!$G$3 | LI29: =Aprile26!$G$4 | LJ29: =Aprile26!$G$5 | LK29: =Aprile26!$G$6 | LL29: =Aprile26!$G$7 | LM29: =Aprile26!$G$8 | LN29: =Aprile26!$G$9 | LO29: =Aprile26!$G$10 | LP29: =Aprile26!$G$11 | LQ29: =Aprile26!$G$12 | LR29: =Aprile26!$G$13 | LS29: =Aprile26!$G$14 | LT29: =Aprile26!$G$15 | LU29: =Aprile26!$G$16 | LV29: =Aprile26!$G$17 | LW29: =Aprile26!$G$18 | LX29: =Aprile26!$G$19 | LY29: =Aprile26!$G$20 | LZ29: =Aprile26!$G$21 | MA29: =Aprile26!$G$22 | MB29: =Aprile26!$G$23 | MC29: =Aprile26!$G$24 | MD29: =Aprile26!$G$25 | ME29: =Aprile26!$G$26 | MF29: =Aprile26!$G$27 | MG29: =Aprile26!$G$28 | MH29: =Aprile26!$G$29 | MI29: =Aprile26!$G$30 | MJ29: =Aprile26!$G$31 | MK29: =Aprile26!$G$32 | MM29: =SUM(LG29:MK29) -> 0 | MZ29: =Maggio26!$G$2 | NA29: =Maggio26!$G$3 | NB29: =Maggio26!$G$4 | NC29: =Maggio26!$G$5 | ND29: =Maggio26!$G$6 | NE29: =Maggio26!$G$7 | NF29: =Maggio26!$G$8 | NG29: =Maggio26!$G$9 | NH29: =Maggio26!$G$10 | NI29: =Maggio26!$G$11 | NJ29: =Maggio26!$G$12 | NK29: =Maggio26!$G$13 | NL29: =Maggio26!$G$14 | NM29: =Maggio26!$G$15 | NN29: =Maggio26!$G$16 | NO29: =Maggio26!$G$17 | NP29: =Maggio26!$G$18 | NQ29: =Maggio26!$G$19 | NR29: =Maggio26!$G$20 | NS29: =Maggio26!$G$21 | NT29: =Maggio26!$G$22 | NU29: =Maggio26!$G$23 | NV29: =Maggio26!$G$24 | NW29: =Maggio26!$G$25 | NX29: =Maggio26!$G$26 | NY29: =Maggio26!$G$27 | NZ29: =Maggio26!$G$28 | OA29: =Maggio26!$G$29 | OB29: =Maggio26!$G$30 | OC29: =Maggio26!$G$31 | OD29: =Maggio26!$G$32 | OF29: =SUM(MZ29:OD29) -> 0 | OS29: =Giugno26!$G$2 | OT29: =Giugno26!$G$3 | OU29: =Giugno26!$G$4 | OV29: =Giugno26!$G$5 | OW29: =Giugno26!$G$6 | OX29: =Giugno26!$G$7 | OY29: =Giugno26!$G$8 | OZ29: =Giugno26!$G$9 | PA29: =Giugno26!$G$10 | PB29: =Giugno26!$G$11 | PC29: =Giugno26!$G$12 | PD29: =Giugno26!$G$13 | PE29: =Giugno26!$G$14 | PF29: =Giugno26!$G$15 | PG29: =Giugno26!$G$16 | PH29: =Giugno26!$G$17 | PI29: =Giugno26!$G$18 | PJ29: =Giugno26!$G$19 | PK29: =Giugno26!$G$20 | PL29: =Giugno26!$G$21 | PM29: =Giugno26!$G$22 | PN29: =Giugno26!$G$23 | PO29: =Giugno26!$G$24 | PP29: =Giugno26!$G$25 | PQ29: =Giugno26!$G$26 | PR29: =Giugno26!$G$27 | PS29: =Giugno26!$G$28 | PT29: =Giugno26!$G$29 | PU29: =Giugno26!$G$30 | PV29: =Giugno26!$G$31 | PW29: =Giugno26!$G$32 | PY29: =SUM(OS29:PW29) -> 0 | QL29: =Luglio26!$G$2 | QM29: =Luglio26!$G$3 | QN29: =Luglio26!$G$4 | QO29: =Luglio26!$G$5 | QP29: =Luglio26!$G$6 | QQ29: =Luglio26!$G$7 | QR29: =Luglio26!$G$8 | QS29: =Luglio26!$G$9 | QT29: =Luglio26!$G$10 | QU29: =Luglio26!$G$11 | QV29: =Luglio26!$G$12 | QW29: =Luglio26!$G$13 | QX29: =Luglio26!$G$14 | QY29: =Luglio26!$G$15 | QZ29: =Luglio26!$G$16 | RA29: =Luglio26!$G$17 | RB29: =Luglio26!$G$18 | RC29: =Luglio26!$G$19 | RD29: =Luglio26!$G$20 | RE29: =Luglio26!$G$21 | RF29: =Luglio26!$G$22 | RG29: =Luglio26!$G$23 | RH29: =Luglio26!$G$24 | RI29: =Luglio26!$G$25 | RJ29: =Luglio26!$G$26 | RK29: =Luglio26!$G$27 | RL29: =Luglio26!$G$28 | RM29: =Luglio26!$G$29 | RN29: =Luglio26!$G$30 | RO29: =Luglio26!$G$31 | RP29: =Luglio26!$G$32 | RR29: =SUM(QL29:RP29) -> 0 | SE29: =Agosto26!$G$2 | SF29: =Agosto26!$G$3 | SG29: =Agosto26!$G$4 | SH29: =Agosto26!$G$5 | SI29: =Agosto26!$G$6 | SJ29: =Agosto26!$G$7 | SK29: =Agosto26!$G$8 | SL29: =Agosto26!$G$9 | SM29: =Agosto26!$G$10 | SN29: =Agosto26!$G$11 | SO29: =Agosto26!$G$12 | SP29: =Agosto26!$G$13 | SQ29: =Agosto26!$G$14 | SR29: =Agosto26!$G$15 | SS29: =Agosto26!$G$16 | ST29: =Agosto26!$G$17 | SU29: =Agosto26!$G$18 | SV29: =Agosto26!$G$19 | SW29: =Agosto26!$G$20 | SX29: =Agosto26!$G$21 | SY29: =Agosto26!$G$22 | SZ29: =Agosto26!$G$23 | TA29: =Agosto26!$G$24 | TB29: =Agosto26!$G$25 | TC29: =Agosto26!$G$26 | TD29: =Agosto26!$G$27 | TE29: =Agosto26!$G$28 | TF29: =Agosto26!$G$29 | TG29: =Agosto26!$G$30 | TH29: =Agosto26!$G$31 | TI29: =Agosto26!$G$32 | TK29: =SUM(SE29:TI29) -> 0
A30: ST* | AK30: =SUM(D30:AG30) -> 0 | AT30: ST* | CD30: =SUM(AW30:BZ30) -> 0 | CM30: ST* | DW30: =SUM(CP30:DS30) -> 0 | EF30: ST* | FP30: =SUM(EI30:FL30) -> 0 | FY30: ST* | HI30: =SUM(GB30:HE30) -> 0 | HR30: ST* | JB30: =SUM(HU30:IX30) -> 0 | JK30: ST* | KU30: =SUM(JN30:KQ30) -> 0 | LD30: ST* | MN30: =SUM(LG30:MJ30) -> 0 | MW30: ST* | OG30: =SUM(MZ30:OC30) -> 0 | OP30: ST* | PZ30: =SUM(OS30:PV30) -> 0 | QI30: ST* | RS30: =SUM(QL30:RO30) -> 0 | SB30: ST* | TL30: =SUM(SE30:TH30) -> 0
A32: NOTE | AT32: NOTE | CM32: NOTE | EF32: NOTE | FY32: NOTE | HR32: NOTE | JK32: NOTE | LD32: NOTE | MW32: NOTE | OP32: NOTE | QI32: NOTE | SB32: NOTE
A33: =elenchi!$C7 -> vuoto | D33: =D$2 -> 45901 | E33: =E$2 -> 45902 | F33: =F$2 -> 45903 | G33: =G$2 -> 45904 | H33: =H$2 -> 45905 | I33: =I$2 -> 45906 | J33: =J$2 -> 45907 | K33: =K$2 -> 45908 | ... AH33: =AH$2 | AI33: GG | AJ33: ORE | AK33: ST* | AL33: FE | AM33: PE | AN33: AI | AO33: AG | AP33: MT | AQ33: ML | AR33: IN | AS33: F | AT33: =elenchi!$C7 -> vuoto | AW33: =AW$2 -> 45931 | AX33: =AX$2 -> 45932 | AY33: =AY$2 -> 45933 | AZ33: =AZ$2 -> 45934 | BA33: =BA$2 -> 45935 | BB33: =BB$2 -> 45936 | BC33: =BC$2 -> 45937 | BD33: =BD$2 -> 45938 | ... CA33: =CA$2 -> 45961 | CB33: GG | CC33: ORE | CD33: ST* | CE33: FE | CF33: PE | CG33: AI | CH33: AG | CI33: MT | CJ33: ML | CK33: IN | CL33: F | CM33: =elenchi!$C7 -> vuoto | CP33: =CP$2 -> 45962 | CQ33: =CQ$2 -> 45963 | CR33: =CR$2 -> 45964 | CS33: =CS$2 -> 45965 | CT33: =CT$2 -> 45966 | CU33: =CU$2 -> 45967 | CV33: =CV$2 -> 45968 | CW33: =CW$2 -> 45969 | ... DT33: =DT$2 | DU33: GG | DV33: ORE | DW33: ST* | DX33: FE | DY33: PE | DZ33: AI | EA33: AG | EB33: MT | EC33: ML | ED33: IN | EE33: F | EF33: =elenchi!$C7 -> vuoto | EI33: =EI$2 -> 45992 | EJ33: =EJ$2 -> 45993 | EK33: =EK$2 -> 45994 | EL33: =EL$2 -> 45995 | EM33: =EM$2 -> 45996 | EN33: =EN$2 -> 45997 | EO33: =EO$2 -> 45998 | EP33: =EP$2 -> 45999 | ... FM33: =FM$2 -> 46022 | FN33: GG | FO33: ORE | FP33: ST* | FQ33: FE | FR33: PE | FS33: AI | FT33: AG | FU33: MT | FV33: ML | FW33: IN | FX33: F | FY33: =elenchi!$C7 -> vuoto | GB33: =GB$2 -> 46023 | GC33: =GC$2 -> 46024 | GD33: =GD$2 -> 46025 | GE33: =GE$2 -> 46026 | GF33: =GF$2 -> 46027 | GG33: =GG$2 -> 46028 | GH33: =GH$2 -> 46029 | GI33: =GI$2 -> 46030 | ... HF33: =HF$2 -> 46053 | HG33: GG | HH33: ORE | HI33: ST* | HJ33: FE | HK33: PE | HL33: AI | HM33: AG | HN33: MT | HO33: ML | HP33: IN | HQ33: F | HR33: =elenchi!$C7 -> vuoto | HU33: =HU$2 -> 46054 | HV33: =HV$2 -> 46055 | HW33: =HW$2 -> 46056 | HX33: =HX$2 -> 46057 | HY33: =HY$2 -> 46058 | HZ33: =HZ$2 -> 46059 | IA33: =IA$2 -> 46060 | IB33: =IB$2 -> 46061 | ... IY33: =IY$2 | IZ33: GG | JA33: ORE | JB33: ST* | JC33: FE | JD33: PE | JE33: AI | JF33: AG | JG33: MT | JH33: ML | JI33: IN | JJ33: F | JK33: =elenchi!$C7 -> vuoto | JN33: =JN$2 -> 46082 | JO33: =JO$2 -> 46083 | JP33: =JP$2 -> 46084 | JQ33: =JQ$2 -> 46085 | JR33: =JR$2 -> 46086 | JS33: =JS$2 -> 46087 | JT33: =JT$2 -> 46088 | JU33: =JU$2 -> 46089 | ... KR33: =KR$2 -> 46112 | KS33: GG | KT33: ORE | KU33: ST* | KV33: FE | KW33: PE | KX33: AI | KY33: AG | KZ33: MT | LA33: ML | LB33: IN | LC33: F | LD33: =elenchi!$C7 -> vuoto | LG33: =LG$2 -> 46113 | LH33: =LH$2 -> 46114 | LI33: =LI$2 -> 46115 | LJ33: =LJ$2 -> 46116 | LK33: =LK$2 -> 46117 | LL33: =LL$2 -> 46118 | LM33: =LM$2 -> 46119 | LN33: =LN$2 -> 46120 | ... MK33: =MK$2 | ML33: GG | MM33: ORE | MN33: ST* | MO33: FE | MP33: PE | MQ33: AI | MR33: AG | MS33: MT | MT33: ML | MU33: IN | MV33: F | MW33: =elenchi!$C7 -> vuoto | MZ33: =MZ$2 -> 46143 | NA33: =NA$2 -> 46144 | NB33: =NB$2 -> 46145 | NC33: =NC$2 -> 46146 | ND33: =ND$2 -> 46147 | NE33: =NE$2 -> 46148 | NF33: =NF$2 -> 46149 | NG33: =NG$2 -> 46150 | ... OD33: =OD$2 -> 46173 | OE33: GG | OF33: ORE | OG33: ST* | OH33: FE | OI33: PE | OJ33: AI | OK33: AG | OL33: MT | OM33: ML | ON33: IN | OO33: F | OP33: =elenchi!$C7 -> vuoto | OS33: =OS$2 -> 46174 | OT33: =OT$2 -> 46175 | OU33: =OU$2 -> 46176 | OV33: =OV$2 -> 46177 | OW33: =OW$2 -> 46178 | OX33: =OX$2 -> 46179 | OY33: =OY$2 -> 46180 | OZ33: =OZ$2 -> 46181 | ... PW33: =PW$2 | PX33: GG | PY33: ORE | PZ33: ST* | QA33: FE | QB33: PE | QC33: AI | QD33: AG | QE33: MT | QF33: ML | QG33: IN | QH33: F | QI33: =elenchi!$C7 -> vuoto | QL33: =QL$2 -> 46204 | QM33: =QM$2 -> 46205 | QN33: =QN$2 -> 46206 | QO33: =QO$2 -> 46207 | QP33: =QP$2 -> 46208 | QQ33: =QQ$2 -> 46209 | QR33: =QR$2 -> 46210 | QS33: =QS$2 -> 46211 | ... RP33: =RP$2 -> 46234 | RQ33: GG | RR33: ORE | RS33: ST* | RT33: FE | RU33: PE | RV33: AI | RW33: AG | RX33: MT | RY33: ML | RZ33: IN | SA33: F | SB33: =elenchi!$C7 -> vuoto | SE33: =SE$2 -> 46235 | SF33: =SF$2 -> 46236 | SG33: =SG$2 -> 46237 | SH33: =SH$2 -> 46238 | SI33: =SI$2 -> 46239 | SJ33: =SJ$2 -> 46240 | SK33: =SK$2 -> 46241 | SL33: =SL$2 -> 46242 | ... TI33: =TI$2 -> 46265 | TJ33: GG | TK33: ORE | TL33: ST* | TM33: FE | TN33: PE | TO33: AI | TP33: AG | TQ33: MT | TR33: ML | TS33: IN | TT33: F
D34: =Settembre25!$H$2 -> 8 | E34: =Settembre25!$H$3 -> 8 | F34: =Settembre25!$H$4 -> 8 | G34: =Settembre25!$H$5 -> 8 | H34: =Settembre25!$H$6 -> 8 | I34: =Settembre25!$H$7 -> 8 | J34: =Settembre25!$H$8 | K34: =Settembre25!$H$9 -> 8 | L34: =Settembre25!$H$10 -> 8 | M34: =Settembre25!$H$11 -> 8 | N34: =Settembre25!$H$12 -> 8 | O34: =Settembre25!$H$13 -> 8 | P34: =Settembre25!$H$14 -> 8 | Q34: =Settembre25!$H$15 | R34: =Settembre25!$H$16 -> 8 | S34: =Settembre25!$H$17 -> 8 | T34: =Settembre25!$H$18 -> 8 | U34: =Settembre25!$H$19 -> 8 | V34: =Settembre25!$H$20 -> 8 | W34: =Settembre25!$H$21 | X34: =Settembre25!$H$22 | Y34: =Settembre25!$H$23 -> 8 | Z34: =Settembre25!$H$24 -> 8 | AA34: =Settembre25!$H$25 -> 8 | AB34: =Settembre25!$H$26 -> 8 | AC34: =Settembre25!$H$27 -> 8 | AD34: =Settembre25!$H$28 -> 8 | AE34: =Settembre25!$H$29 | AF34: =Settembre25!$H$30 -> 8 | AG34: =Settembre25!$H$31 -> 8 | AH34: =Settembre25!$H$32 | AJ34: =SUM(D34:AH34) -> 200 | AW34: =Ottobre25!$H$2 -> 8 | AX34: =Ottobre25!$H$3 -> 8 | AY34: =Ottobre25!$H$4 -> Pe | AZ34: =Ottobre25!$H$5 -> 8 | BA34: =Ottobre25!$H$6 | BB34: =Ottobre25!$H$7 -> 8 | BC34: =Ottobre25!$H$8 -> 8 | BD34: =Ottobre25!$H$9 -> 8 | BE34: =Ottobre25!$H$10 -> 8 | BF34: =Ottobre25!$H$11 -> 8 | BG34: =Ottobre25!$H$12 -> 7 | BH34: =Ottobre25!$H$13 | BI34: =Ottobre25!$H$14 -> 8 | BJ34: =Ottobre25!$H$15 -> Pe | BK34: =Ottobre25!$H$16 -> 8 | BL34: =Ottobre25!$H$17 -> 5.5 | BM34: =Ottobre25!$H$18 -> No | BN34: =Ottobre25!$H$19 -> No | BO34: =Ottobre25!$H$20 | BP34: =Ottobre25!$H$21 -> 8 | BQ34: =Ottobre25!$H$22 -> 8 | BR34: =Ottobre25!$H$23 -> 8 | BS34: =Ottobre25!$H$24 -> 8 | BT34: =Ottobre25!$H$25 -> 8 | BU34: =Ottobre25!$H$26 -> No | BV34: =Ottobre25!$H$27 -> 8.5 | BW34: =Ottobre25!$H$28 -> 8 | BX34: =Ottobre25!$H$29 -> 8 | BY34: =Ottobre25!$H$30 -> 8 | BZ34: =Ottobre25!$H$31 -> 8 | CA34: =Ottobre25!$H$32 -> 8 | CC34: =SUM(AW34:CA34) -> 181 | CP34: =Novembre25!$H$2 | CQ34: =Novembre25!$H$3 | CR34: =Novembre25!$H$4 -> 8 | CS34: =Novembre25!$H$5 -> 8 | CT34: =Novembre25!$H$6 -> 8 | CU34: =Novembre25!$H$7 -> 7 | CV34: =Novembre25!$H$8 -> Pe | CW34: =Novembre25!$H$9 -> 9 | CX34: =Novembre25!$H$10 | CY34: =Novembre25!$H$11 -> 8 | CZ34: =Novembre25!$H$12 -> 8 | DA34: =Novembre25!$H$13 -> 8 | DB34: =Novembre25!$H$14 -> 8 | DC34: =Novembre25!$H$15 -> 8 | DD34: =Novembre25!$H$16 -> 8 | DE34: =Novembre25!$H$17 | DF34: =Novembre25!$H$18 -> 8 | DG34: =Novembre25!$H$19 -> 8 | DH34: =Novembre25!$H$20 -> 8 | DI34: =Novembre25!$H$21 -> 8 | DJ34: =Novembre25!$H$22 -> 8 | DK34: =Novembre25!$H$23 -> 7 | DL34: =Novembre25!$H$24 | DM34: =Novembre25!$H$25 -> 8 | DN34: =Novembre25!$H$26 -> 8 | DO34: =Novembre25!$H$27 -> 8 | DP34: =Novembre25!$H$28 -> 8 | DQ34: =Novembre25!$H$29 -> 8 | DR34: =Novembre25!$H$30 -> 8 | DS34: =Novembre25!$H$31 | DT34: =Novembre25!$H$32 | DV34: =SUM(CP34:DT34) -> 183 | EI34: =Dicembre25!$H$2 -> 8 | EJ34: =Dicembre25!$H$3 -> 8 | EK34: =Dicembre25!$H$4 -> 8 | EL34: =Dicembre25!$H$5 -> 8 | EM34: =Dicembre25!$H$6 -> 8 | EN34: =Dicembre25!$H$7 -> Pe | EO34: =Dicembre25!$H$8 | EP34: =Dicembre25!$H$9 -> F | EQ34: =Dicembre25!$H$10 -> 8 | ER34: =Dicembre25!$H$11 -> 8 | ES34: =Dicembre25!$H$12 -> 8 | ET34: =Dicembre25!$H$13 -> 8 | EU34: =Dicembre25!$H$14 -> 8 | EV34: =Dicembre25!$H$15 | EW34: =Dicembre25!$H$16 -> 6 | EX34: =Dicembre25!$H$17 -> 8 | EY34: =Dicembre25!$H$18 -> 8 | EZ34: =Dicembre25!$H$19 -> 7.5 | FA34: =Dicembre25!$H$20 -> 8 | FB34: =Dicembre25!$H$21 -> 4 | FC34: =Dicembre25!$H$22 | FD34: =Dicembre25!$H$23 -> 8 | FE34: =Dicembre25!$H$24 -> 8 | FF34: =Dicembre25!$H$25 -> Fe | FG34: =Dicembre25!$H$26 -> F | FH34: =Dicembre25!$H$27 -> F | FI34: =Dicembre25!$H$28 | FJ34: =Dicembre25!$H$29 | FK34: =Dicembre25!$H$30 -> 8 | FL34: =Dicembre25!$H$31 -> 8 | FM34: =Dicembre25!$H$32 | FO34: =SUM(EI34:FM34) -> 153.5 | GB34: =Gennaio26!$H$2 -> F | GC34: =Gennaio26!$H$3 -> FE | GD34: =Gennaio26!$H$4 | GE34: =Gennaio26!$H$5 | GF34: =Gennaio26!$H$6 -> FE | GG34: =Gennaio26!$H$7 -> F | GH34: =Gennaio26!$H$8 -> 8 | GI34: =Gennaio26!$H$9 -> 8 | GJ34: =Gennaio26!$H$10 -> 8 | GK34: =Gennaio26!$H$11 -> 8 | GL34: =Gennaio26!$H$12 | GM34: =Gennaio26!$H$13 -> 8 | GN34: =Gennaio26!$H$14 -> 8 | GO34: =Gennaio26!$H$15 -> 8 | GP34: =Gennaio26!$H$16 -> 8 | GQ34: =Gennaio26!$H$17 -> 8 | GR34: =Gennaio26!$H$18 | GS34: =Gennaio26!$H$19 | GT34: =Gennaio26!$H$20 -> 8 | GU34: =Gennaio26!$H$21 -> 8 | GV34: =Gennaio26!$H$22 -> 7 | GW34: =Gennaio26!$H$23 -> 8 | GX34: =Gennaio26!$H$24 -> 8 | GY34: =Gennaio26!$H$25 -> 8 | GZ34: =Gennaio26!$H$26 -> 4.5 | HA34: =Gennaio26!$H$27 -> Pe | HB34: =Gennaio26!$H$28 -> 8 | HC34: =Gennaio26!$H$29 -> 7.5 | HD34: =Gennaio26!$H$30 -> Pe | HE34: =Gennaio26!$H$31 -> 8 | HF34: =Gennaio26!$H$32 -> 8 | HH34: =SUM(GB34:HF34) -> 155 | HU34: =Febbraio26!$H$2 | HV34: =Febbraio26!$H$3 -> 6 | HW34: =Febbraio26!$H$4 -> 6 | HX34: =Febbraio26!$H$5 -> 6 | HY34: =Febbraio26!$H$6 -> 0 | HZ34: =Febbraio26!$H$7 -> 5.5 | IA34: =Febbraio26!$H$8 | IB34: =Febbraio26!$H$9 | IC34: =Febbraio26!$H$10 -> 6 | ID34: =Febbraio26!$H$11 -> 6 | IE34: =Febbraio26!$H$12 -> 6 | IF34: =Febbraio26!$H$13 -> 6 | IG34: =Febbraio26!$H$14 -> 0 | IH34: =Febbraio26!$H$15 | II34: =Febbraio26!$H$16 | IJ34: =Febbraio26!$H$17 -> 6 | IK34: =Febbraio26!$H$18 -> 6 | IL34: =Febbraio26!$H$19 -> 6 | IM34: =Febbraio26!$H$20 -> 0 | IN34: =Febbraio26!$H$21 -> 5.5 | IO34: =Febbraio26!$H$22 | IP34: =Febbraio26!$H$23 -> 8.5 | IQ34: =Febbraio26!$H$24 | IR34: =Febbraio26!$H$25 -> 6 | IS34: =Febbraio26!$H$26 -> 6 | IT34: =Febbraio26!$H$27 -> 6 | IU34: =Febbraio26!$H$28 | IV34: =Febbraio26!$H$29 | IW34: =Febbraio26!$H$30 | IX34: =Febbraio26!$H$31 | IY34: =Febbraio26!$H$32 | JA34: =SUM(HU34:IY34) -> 97.5 | JN34: =Marzo26!$H$2 | JO34: =Marzo26!$H$3 | JP34: =Marzo26!$H$4 | JQ34: =Marzo26!$H$5 | JR34: =Marzo26!$H$6 | JS34: =Marzo26!$H$7 | JT34: =Marzo26!$H$8 | JU34: =Marzo26!$H$9 | JV34: =Marzo26!$H$10 | JW34: =Marzo26!$H$11 | JX34: =Marzo26!$H$12 | JY34: =Marzo26!$H$13 | JZ34: =Marzo26!$H$14 | KA34: =Marzo26!$H$15 | KB34: =Marzo26!$H$16 | KC34: =Marzo26!$H$17 | KD34: =Marzo26!$H$18 | KE34: =Marzo26!$H$19 | KF34: =Marzo26!$H$20 | KG34: =Marzo26!$H$21 | KH34: =Marzo26!$H$22 | KI34: =Marzo26!$H$23 | KJ34: =Marzo26!$H$24 | KK34: =Marzo26!$H$25 | KL34: =Marzo26!$H$26 | KM34: =Marzo26!$H$27 | KN34: =Marzo26!$H$28 | KO34: =Marzo26!$H$29 | KP34: =Marzo26!$H$30 | KQ34: =Marzo26!$H$31 | KR34: =Marzo26!$H$32 | KT34: =SUM(JN34:KR34) -> 0 | LG34: =Aprile26!$H$2 | LH34: =Aprile26!$H$3 | LI34: =Aprile26!$H$4 | LJ34: =Aprile26!$H$5 | LK34: =Aprile26!$H$6 | LL34: =Aprile26!$H$7 | LM34: =Aprile26!$H$8 | LN34: =Aprile26!$H$9 | LO34: =Aprile26!$H$10 | LP34: =Aprile26!$H$11 | LQ34: =Aprile26!$H$12 | LR34: =Aprile26!$H$13 | LS34: =Aprile26!$H$14 | LT34: =Aprile26!$H$15 | LU34: =Aprile26!$H$16 | LV34: =Aprile26!$H$17 | LW34: =Aprile26!$H$18 | LX34: =Aprile26!$H$19 | LY34: =Aprile26!$H$20 | LZ34: =Aprile26!$H$21 | MA34: =Aprile26!$H$22 | MB34: =Aprile26!$H$23 | MC34: =Aprile26!$H$24 | MD34: =Aprile26!$H$25 | ME34: =Aprile26!$H$26 | MF34: =Aprile26!$H$27 | MG34: =Aprile26!$H$28 | MH34: =Aprile26!$H$29 | MI34: =Aprile26!$H$30 | MJ34: =Aprile26!$H$31 | MK34: =Aprile26!$H$32 | MM34: =SUM(LG34:MK34) -> 0 | MZ34: =Maggio26!$H$2 | NA34: =Maggio26!$H$3 | NB34: =Maggio26!$H$4 | NC34: =Maggio26!$H$5 | ND34: =Maggio26!$H$6 | NE34: =Maggio26!$H$7 | NF34: =Maggio26!$H$8 | NG34: =Maggio26!$H$9 | NH34: =Maggio26!$H$10 | NI34: =Maggio26!$H$11 | NJ34: =Maggio26!$H$12 | NK34: =Maggio26!$H$13 | NL34: =Maggio26!$H$14 | NM34: =Maggio26!$H$15 | NN34: =Maggio26!$H$16 | NO34: =Maggio26!$H$17 | NP34: =Maggio26!$H$18 | NQ34: =Maggio26!$H$19 | NR34: =Maggio26!$H$20 | NS34: =Maggio26!$H$21 | NT34: =Maggio26!$H$22 | NU34: =Maggio26!$H$23 | NV34: =Maggio26!$H$24 | NW34: =Maggio26!$H$25 | NX34: =Maggio26!$H$26 | NY34: =Maggio26!$H$27 | NZ34: =Maggio26!$H$28 | OA34: =Maggio26!$H$29 | OB34: =Maggio26!$H$30 | OC34: =Maggio26!$H$31 | OD34: =Maggio26!$H$32 | OF34: =SUM(MZ34:OD34) -> 0 | OS34: =Giugno26!$H$2 | OT34: =Giugno26!$H$3 | OU34: =Giugno26!$H$4 | OV34: =Giugno26!$H$5 | OW34: =Giugno26!$H$6 | OX34: =Giugno26!$H$7 | OY34: =Giugno26!$H$8 | OZ34: =Giugno26!$H$9 | PA34: =Giugno26!$H$10 | PB34: =Giugno26!$H$11 | PC34: =Giugno26!$H$12 | PD34: =Giugno26!$H$13 | PE34: =Giugno26!$H$14 | PF34: =Giugno26!$H$15 | PG34: =Giugno26!$H$16 | PH34: =Giugno26!$H$17 | PI34: =Giugno26!$H$18 | PJ34: =Giugno26!$H$19 | PK34: =Giugno26!$H$20 | PL34: =Giugno26!$H$21 | PM34: =Giugno26!$H$22 | PN34: =Giugno26!$H$23 | PO34: =Giugno26!$H$24 | PP34: =Giugno26!$H$25 | PQ34: =Giugno26!$H$26 | PR34: =Giugno26!$H$27 | PS34: =Giugno26!$H$28 | PT34: =Giugno26!$H$29 | PU34: =Giugno26!$H$30 | PV34: =Giugno26!$H$31 | PW34: =Giugno26!$H$32 | PY34: =SUM(OS34:PW34) -> 0 | QL34: =Luglio26!$H$2 | QM34: =Luglio26!$H$3 | QN34: =Luglio26!$H$4 | QO34: =Luglio26!$H$5 | QP34: =Luglio26!$H$6 | QQ34: =Luglio26!$H$7 | QR34: =Luglio26!$H$8 | QS34: =Luglio26!$H$9 | QT34: =Luglio26!$H$10 | QU34: =Luglio26!$H$11 | QV34: =Luglio26!$H$12 | QW34: =Luglio26!$H$13 | QX34: =Luglio26!$H$14 | QY34: =Luglio26!$H$15 | QZ34: =Luglio26!$H$16 | RA34: =Luglio26!$H$17 | RB34: =Luglio26!$H$18 | RC34: =Luglio26!$H$19 | RD34: =Luglio26!$H$20 | RE34: =Luglio26!$H$21 | RF34: =Luglio26!$H$22 | RG34: =Luglio26!$H$23 | RH34: =Luglio26!$H$24 | RI34: =Luglio26!$H$25 | RJ34: =Luglio26!$H$26 | RK34: =Luglio26!$H$27 | RL34: =Luglio26!$H$28 | RM34: =Luglio26!$H$29 | RN34: =Luglio26!$H$30 | RO34: =Luglio26!$H$31 | RP34: =Luglio26!$H$32 | RR34: =SUM(QL34:RP34) -> 0 | SE34: =Agosto26!$H$2 | SF34: =Agosto26!$H$3 | SG34: =Agosto26!$H$4 | SH34: =Agosto26!$H$5 | SI34: =Agosto26!$H$6 | SJ34: =Agosto26!$H$7 | SK34: =Agosto26!$H$8 | SL34: =Agosto26!$H$9 | SM34: =Agosto26!$H$10 | SN34: =Agosto26!$H$11 | SO34: =Agosto26!$H$12 | SP34: =Agosto26!$H$13 | SQ34: =Agosto26!$H$14 | SR34: =Agosto26!$H$15 | SS34: =Agosto26!$H$16 | ST34: =Agosto26!$H$17 | SU34: =Agosto26!$H$18 | SV34: =Agosto26!$H$19 | SW34: =Agosto26!$H$20 | SX34: =Agosto26!$H$21 | SY34: =Agosto26!$H$22 | SZ34: =Agosto26!$H$23 | TA34: =Agosto26!$H$24 | TB34: =Agosto26!$H$25 | TC34: =Agosto26!$H$26 | TD34: =Agosto26!$H$27 | TE34: =Agosto26!$H$28 | TF34: =Agosto26!$H$29 | TG34: =Agosto26!$H$30 | TH34: =Agosto26!$H$31 | TI34: =Agosto26!$H$32 | TK34: =SUM(SE34:TI34) -> 0
A35: ST* | AK35: =SUM(D35:AG35) -> 0 | AT35: ST* | CD35: =SUM(AW35:BZ35) -> 0 | CM35: ST* | DW35: =SUM(CP35:DS35) -> 0 | EF35: ST* | FP35: =SUM(EI35:FL35) -> 0 | FY35: ST* | HI35: =SUM(GB35:HE35) -> 0 | HR35: ST* | JB35: =SUM(HU35:IX35) -> 0 | JK35: ST* | KU35: =SUM(JN35:KQ35) -> 0 | LD35: ST* | MN35: =SUM(LG35:MJ35) -> 0 | MW35: ST* | OG35: =SUM(MZ35:OC35) -> 0 | OP35: ST* | PZ35: =SUM(OS35:PV35) -> 0 | QI35: ST* | RS35: =SUM(QL35:RO35) -> 0 | SB35: ST* | TL35: =SUM(SE35:TH35) -> 0
A37: NOTE | AT37: NOTE | CM37: NOTE | EF37: NOTE | FY37: NOTE | HR37: NOTE | JK37: NOTE | LD37: NOTE | MW37: NOTE | OP37: NOTE | QI37: NOTE | SB37: NOTE
A38: =elenchi!$C8 -> vuoto | D38: =D$2 -> 45901 | E38: =E$2 -> 45902 | F38: =F$2 -> 45903 | G38: =G$2 -> 45904 | H38: =H$2 -> 45905 | I38: =I$2 -> 45906 | J38: =J$2 -> 45907 | K38: =K$2 -> 45908 | ... AH38: =AH$2 | AI38: GG | AJ38: ORE | AK38: ST* | AL38: FE | AM38: PE | AN38: AI | AO38: AG | AP38: MT | AQ38: ML | AR38: IN | AS38: F | AT38: =elenchi!$C8 -> vuoto | AW38: =AW$2 -> 45931 | AX38: =AX$2 -> 45932 | AY38: =AY$2 -> 45933 | AZ38: =AZ$2 -> 45934 | BA38: =BA$2 -> 45935 | BB38: =BB$2 -> 45936 | BC38: =BC$2 -> 45937 | BD38: =BD$2 -> 45938 | ... CA38: =CA$2 -> 45961 | CB38: GG | CC38: ORE | CD38: ST* | CE38: FE | CF38: PE | CG38: AI | CH38: AG | CI38: MT | CJ38: ML | CK38: IN | CL38: F | CM38: =elenchi!$C8 -> vuoto | CP38: =CP$2 -> 45962 | CQ38: =CQ$2 -> 45963 | CR38: =CR$2 -> 45964 | CS38: =CS$2 -> 45965 | CT38: =CT$2 -> 45966 | CU38: =CU$2 -> 45967 | CV38: =CV$2 -> 45968 | CW38: =CW$2 -> 45969 | ... DT38: =DT$2 | DU38: GG | DV38: ORE | DW38: ST* | DX38: FE | DY38: PE | DZ38: AI | EA38: AG | EB38: MT | EC38: ML | ED38: IN | EE38: F | EF38: =elenchi!$C8 -> vuoto | EI38: =EI$2 -> 45992 | EJ38: =EJ$2 -> 45993 | EK38: =EK$2 -> 45994 | EL38: =EL$2 -> 45995 | EM38: =EM$2 -> 45996 | EN38: =EN$2 -> 45997 | EO38: =EO$2 -> 45998 | EP38: =EP$2 -> 45999 | ... FM38: =FM$2 -> 46022 | FN38: GG | FO38: ORE | FP38: ST* | FQ38: FE | FR38: PE | FS38: AI | FT38: AG | FU38: MT | FV38: ML | FW38: IN | FX38: F | FY38: =elenchi!$C8 -> vuoto | GB38: =GB$2 -> 46023 | GC38: =GC$2 -> 46024 | GD38: =GD$2 -> 46025 | GE38: =GE$2 -> 46026 | GF38: =GF$2 -> 46027 | GG38: =GG$2 -> 46028 | GH38: =GH$2 -> 46029 | GI38: =GI$2 -> 46030 | ... HF38: =HF$2 -> 46053 | HG38: GG | HH38: ORE | HI38: ST* | HJ38: FE | HK38: PE | HL38: AI | HM38: AG | HN38: MT | HO38: ML | HP38: IN | HQ38: F | HR38: =elenchi!$C8 -> vuoto | HU38: =HU$2 -> 46054 | HV38: =HV$2 -> 46055 | HW38: =HW$2 -> 46056 | HX38: =HX$2 -> 46057 | HY38: =HY$2 -> 46058 | HZ38: =HZ$2 -> 46059 | IA38: =IA$2 -> 46060 | IB38: =IB$2 -> 46061 | ... IY38: =IY$2 | IZ38: GG | JA38: ORE | JB38: ST* | JC38: FE | JD38: PE | JE38: AI | JF38: AG | JG38: MT | JH38: ML | JI38: IN | JJ38: F | JK38: =elenchi!$C8 -> vuoto | JN38: =JN$2 -> 46082 | JO38: =JO$2 -> 46083 | JP38: =JP$2 -> 46084 | JQ38: =JQ$2 -> 46085 | JR38: =JR$2 -> 46086 | JS38: =JS$2 -> 46087 | JT38: =JT$2 -> 46088 | JU38: =JU$2 -> 46089 | ... KR38: =KR$2 -> 46112 | KS38: GG | KT38: ORE | KU38: ST* | KV38: FE | KW38: PE | KX38: AI | KY38: AG | KZ38: MT | LA38: ML | LB38: IN | LC38: F | LD38: =elenchi!$C8 -> vuoto | LG38: =LG$2 -> 46113 | LH38: =LH$2 -> 46114 | LI38: =LI$2 -> 46115 | LJ38: =LJ$2 -> 46116 | LK38: =LK$2 -> 46117 | LL38: =LL$2 -> 46118 | LM38: =LM$2 -> 46119 | LN38: =LN$2 -> 46120 | ... MK38: =MK$2 | ML38: GG | MM38: ORE | MN38: ST* | MO38: FE | MP38: PE | MQ38: AI | MR38: AG | MS38: MT | MT38: ML | MU38: IN | MV38: F | MW38: =elenchi!$C8 -> vuoto | MZ38: =MZ$2 -> 46143 | NA38: =NA$2 -> 46144 | NB38: =NB$2 -> 46145 | NC38: =NC$2 -> 46146 | ND38: =ND$2 -> 46147 | NE38: =NE$2 -> 46148 | NF38: =NF$2 -> 46149 | NG38: =NG$2 -> 46150 | ... OD38: =OD$2 -> 46173 | OE38: GG | OF38: ORE | OG38: ST* | OH38: FE | OI38: PE | OJ38: AI | OK38: AG | OL38: MT | OM38: ML | ON38: IN | OO38: F | OP38: =elenchi!$C8 -> vuoto | OS38: =OS$2 -> 46174 | OT38: =OT$2 -> 46175 | OU38: =OU$2 -> 46176 | OV38: =OV$2 -> 46177 | OW38: =OW$2 -> 46178 | OX38: =OX$2 -> 46179 | OY38: =OY$2 -> 46180 | OZ38: =OZ$2 -> 46181 | ... PW38: =PW$2 | PX38: GG | PY38: ORE | PZ38: ST* | QA38: FE | QB38: PE | QC38: AI | QD38: AG | QE38: MT | QF38: ML | QG38: IN | QH38: F | QI38: =elenchi!$C8 -> vuoto | QL38: =QL$2 -> 46204 | QM38: =QM$2 -> 46205 | QN38: =QN$2 -> 46206 | QO38: =QO$2 -> 46207 | QP38: =QP$2 -> 46208 | QQ38: =QQ$2 -> 46209 | QR38: =QR$2 -> 46210 | QS38: =QS$2 -> 46211 | ... RP38: =RP$2 -> 46234 | RQ38: GG | RR38: ORE | RS38: ST* | RT38: FE | RU38: PE | RV38: AI | RW38: AG | RX38: MT | RY38: ML | RZ38: IN | SA38: F | SB38: =elenchi!$C8 -> vuoto | SE38: =SE$2 -> 46235 | SF38: =SF$2 -> 46236 | SG38: =SG$2 -> 46237 | SH38: =SH$2 -> 46238 | SI38: =SI$2 -> 46239 | SJ38: =SJ$2 -> 46240 | SK38: =SK$2 -> 46241 | SL38: =SL$2 -> 46242 | ... TI38: =TI$2 -> 46265 | TJ38: GG | TK38: ORE | TL38: ST* | TM38: FE | TN38: PE | TO38: AI | TP38: AG | TQ38: MT | TR38: ML | TS38: IN | TT38: F
D39: =Settembre25!$I$2 -> 7.5 | E39: =Settembre25!$I$3 -> 8 | F39: =Settembre25!$I$4 -> 8 | G39: =Settembre25!$I$5 -> 8 | H39: =Settembre25!$I$6 -> 8 | I39: =Settembre25!$I$7 -> 8 | J39: =Settembre25!$I$8 | K39: =Settembre25!$I$9 -> 8 | L39: =Settembre25!$I$10 -> 8 | M39: =Settembre25!$I$11 -> 8 | N39: =Settembre25!$I$12 -> 8 | O39: =Settembre25!$I$13 -> 8 | P39: =Settembre25!$I$14 -> 8 | Q39: =Settembre25!$I$15 | R39: =Settembre25!$I$16 -> 8 | S39: =Settembre25!$I$17 -> 8 | T39: =Settembre25!$I$18 -> 8 | U39: =Settembre25!$I$19 -> 8 | V39: =Settembre25!$I$20 -> 8 | W39: =Settembre25!$I$21 -> 8 | X39: =Settembre25!$I$22 | Y39: =Settembre25!$I$23 -> 8 | Z39: =Settembre25!$I$24 | AA39: =Settembre25!$I$25 -> 7.5 | AB39: =Settembre25!$I$26 -> 7.5 | AC39: =Settembre25!$I$27 -> 7.5 | AD39: =Settembre25!$I$28 -> 8 | AE39: =Settembre25!$I$29 | AF39: =Settembre25!$I$30 -> 8 | AG39: =Settembre25!$I$31 -> 8 | AH39: =Settembre25!$I$32 | AJ39: =SUM(D39:AH39) -> 198 | AW39: =Ottobre25!$I$2 -> 8 | AX39: =Ottobre25!$I$3 -> 8 | AY39: =Ottobre25!$I$4 -> 8 | AZ39: =Ottobre25!$I$5 -> 8 | BA39: =Ottobre25!$I$6 | BB39: =Ottobre25!$I$7 -> 8 | BC39: =Ottobre25!$I$8 -> 8 | BD39: =Ottobre25!$I$9 -> 8 | BE39: =Ottobre25!$I$10 -> 8 | BF39: =Ottobre25!$I$11 -> 8 | BG39: =Ottobre25!$I$12 -> 8 | BH39: =Ottobre25!$I$13 | BI39: =Ottobre25!$I$14 -> 8 | BJ39: =Ottobre25!$I$15 -> 8 | BK39: =Ottobre25!$I$16 -> 8 | BL39: =Ottobre25!$I$17 -> 8 | BM39: =Ottobre25!$I$18 -> 8 | BN39: =Ottobre25!$I$19 -> No | BO39: =Ottobre25!$I$20 | BP39: =Ottobre25!$I$21 -> 8 | BQ39: =Ottobre25!$I$22 -> 8 | BR39: =Ottobre25!$I$23 -> 8 | BS39: =Ottobre25!$I$24 -> 8 | BT39: =Ottobre25!$I$25 -> 8 | BU39: =Ottobre25!$I$26 -> 8 | BV39: =Ottobre25!$I$27 | BW39: =Ottobre25!$I$28 -> 8 | BX39: =Ottobre25!$I$29 -> 8 | BY39: =Ottobre25!$I$30 -> 8 | BZ39: =Ottobre25!$I$31 -> 8 | CA39: =Ottobre25!$I$32 -> 8 | CC39: =SUM(AW39:CA39) -> 208 | CP39: =Novembre25!$I$2 | CQ39: =Novembre25!$I$3 | CR39: =Novembre25!$I$4 -> 8 | CS39: =Novembre25!$I$5 -> 8 | CT39: =Novembre25!$I$6 -> 8 | CU39: =Novembre25!$I$7 -> 8 | CV39: =Novembre25!$I$8 -> 8 | CW39: =Novembre25!$I$9 -> 8 | CX39: =Novembre25!$I$10 | CY39: =Novembre25!$I$11 -> 8 | CZ39: =Novembre25!$I$12 -> 8 | DA39: =Novembre25!$I$13 -> 8 | DB39: =Novembre25!$I$14 -> 8 | DC39: =Novembre25!$I$15 -> 8 | DD39: =Novembre25!$I$16 -> 6 | DE39: =Novembre25!$I$17 | DF39: =Novembre25!$I$18 -> 8 | DG39: =Novembre25!$I$19 -> 8 | DH39: =Novembre25!$I$20 -> 8 | DI39: =Novembre25!$I$21 -> 8 | DJ39: =Novembre25!$I$22 -> 8 | DK39: =Novembre25!$I$23 -> 8 | DL39: =Novembre25!$I$24 | DM39: =Novembre25!$I$25 -> 8 | DN39: =Novembre25!$I$26 -> 8 | DO39: =Novembre25!$I$27 -> 8 | DP39: =Novembre25!$I$28 -> 8 | DQ39: =Novembre25!$I$29 -> 8 | DR39: =Novembre25!$I$30 -> 8 | DS39: =Novembre25!$I$31 | DT39: =Novembre25!$I$32 | DV39: =SUM(CP39:DT39) -> 190 | EI39: =Dicembre25!$I$2 -> 8 | EJ39: =Dicembre25!$I$3 -> 8 | EK39: =Dicembre25!$I$4 -> 8 | EL39: =Dicembre25!$I$5 -> 8 | EM39: =Dicembre25!$I$6 -> 8 | EN39: =Dicembre25!$I$7 -> 9 | EO39: =Dicembre25!$I$8 | EP39: =Dicembre25!$I$9 -> F | EQ39: =Dicembre25!$I$10 -> Pe | ER39: =Dicembre25!$I$11 -> 8 | ES39: =Dicembre25!$I$12 -> 8 | ET39: =Dicembre25!$I$13 -> 8 | EU39: =Dicembre25!$I$14 -> 5 | EV39: =Dicembre25!$I$15 | EW39: =Dicembre25!$I$16 -> 8 | EX39: =Dicembre25!$I$17 -> 8 | EY39: =Dicembre25!$I$18 -> 8 | EZ39: =Dicembre25!$I$19 -> 8 | FA39: =Dicembre25!$I$20 -> 8 | FB39: =Dicembre25!$I$21 -> 8 | FC39: =Dicembre25!$I$22 | FD39: =Dicembre25!$I$23 -> 8 | FE39: =Dicembre25!$I$24 -> 8 | FF39: =Dicembre25!$I$25 -> Fe | FG39: =Dicembre25!$I$26 -> F | FH39: =Dicembre25!$I$27 -> F | FI39: =Dicembre25!$I$28 | FJ39: =Dicembre25!$I$29 | FK39: =Dicembre25!$I$30 -> 8 | FL39: =Dicembre25!$I$31 -> 8 | FM39: =Dicembre25!$I$32 | FO39: =SUM(EI39:FM39) -> 158 | GB39: =Gennaio26!$I$2 -> F | GC39: =Gennaio26!$I$3 -> FE | GD39: =Gennaio26!$I$4 | GE39: =Gennaio26!$I$5 | GF39: =Gennaio26!$I$6 -> FE | GG39: =Gennaio26!$I$7 -> F | GH39: =Gennaio26!$I$8 -> 8 | GI39: =Gennaio26!$I$9 -> 8 | GJ39: =Gennaio26!$I$10 -> 8 | GK39: =Gennaio26!$I$11 | GL39: =Gennaio26!$I$12 | GM39: =Gennaio26!$I$13 -> 8 | GN39: =Gennaio26!$I$14 -> 8 | GO39: =Gennaio26!$I$15 -> 8 | GP39: =Gennaio26!$I$16 -> 8 | GQ39: =Gennaio26!$I$17 -> 8 | GR39: =Gennaio26!$I$18 -> 8 | GS39: =Gennaio26!$I$19 | GT39: =Gennaio26!$I$20 -> 8 | GU39: =Gennaio26!$I$21 -> 8 | GV39: =Gennaio26!$I$22 -> 8 | GW39: =Gennaio26!$I$23 -> 8 | GX39: =Gennaio26!$I$24 -> 8 | GY39: =Gennaio26!$I$25 -> 8 | GZ39: =Gennaio26!$I$26 | HA39: =Gennaio26!$I$27 -> 8 | HB39: =Gennaio26!$I$28 -> 8 | HC39: =Gennaio26!$I$29 -> 8 | HD39: =Gennaio26!$I$30 -> 8 | HE39: =Gennaio26!$I$31 -> 8 | HF39: =Gennaio26!$I$32 | HH39: =SUM(GB39:HF39) -> 160 | HU39: =Febbraio26!$I$2 -> 3 | HV39: =Febbraio26!$I$3 -> 0 | HW39: =Febbraio26!$I$4 -> 8 | HX39: =Febbraio26!$I$5 -> 8 | HY39: =Febbraio26!$I$6 -> 8 | HZ39: =Febbraio26!$I$7 -> 8 | IA39: =Febbraio26!$I$8 -> 8 | IB39: =Febbraio26!$I$9 | IC39: =Febbraio26!$I$10 -> 8 | ID39: =Febbraio26!$I$11 -> 8 | IE39: =Febbraio26!$I$12 -> 8 | IF39: =Febbraio26!$I$13 -> 8 | IG39: =Febbraio26!$I$14 -> 8 | IH39: =Febbraio26!$I$15 -> 9 | II39: =Febbraio26!$I$16 | IJ39: =Febbraio26!$I$17 -> 8 | IK39: =Febbraio26!$I$18 -> 8 | IL39: =Febbraio26!$I$19 -> 8 | IM39: =Febbraio26!$I$20 -> 8 | IN39: =Febbraio26!$I$21 -> 8 | IO39: =Febbraio26!$I$22 -> 4 | IP39: =Febbraio26!$I$23 | IQ39: =Febbraio26!$I$24 -> 8 | IR39: =Febbraio26!$I$25 -> 8 | IS39: =Febbraio26!$I$26 -> 8 | IT39: =Febbraio26!$I$27 -> 8 | IU39: =Febbraio26!$I$28 -> 8 | IV39: =Febbraio26!$I$29 | IW39: =Febbraio26!$I$30 | IX39: =Febbraio26!$I$31 | IY39: =Febbraio26!$I$32 | JA39: =SUM(HU39:IY39) -> 176 | JN39: =Marzo26!$I$2 | JO39: =Marzo26!$I$3 -> 8 | JP39: =Marzo26!$I$4 -> 8 | JQ39: =Marzo26!$I$5 -> 8 | JR39: =Marzo26!$I$6 -> 8 | JS39: =Marzo26!$I$7 -> 8 | JT39: =Marzo26!$I$8 -> 8 | JU39: =Marzo26!$I$9 | JV39: =Marzo26!$I$10 -> 8 | JW39: =Marzo26!$I$11 -> 8 | JX39: =Marzo26!$I$12 -> 7 | JY39: =Marzo26!$I$13 -> 8 | JZ39: =Marzo26!$I$14 -> 8 | KA39: =Marzo26!$I$15 -> 4 | KB39: =Marzo26!$I$16 | KC39: =Marzo26!$I$17 -> 8 | KD39: =Marzo26!$I$18 -> 8 | KE39: =Marzo26!$I$19 -> 7 | KF39: =Marzo26!$I$20 -> 8 | KG39: =Marzo26!$I$21 -> 8 | KH39: =Marzo26!$I$22 -> 8 | KI39: =Marzo26!$I$23 | KJ39: =Marzo26!$I$24 -> 8 | KK39: =Marzo26!$I$25 -> 8 | KL39: =Marzo26!$I$26 -> 8 | KM39: =Marzo26!$I$27 -> 8 | KN39: =Marzo26!$I$28 -> 8 | KO39: =Marzo26!$I$29 -> 8 | KP39: =Marzo26!$I$30 | KQ39: =Marzo26!$I$31 | KR39: =Marzo26!$I$32 -> 8 | KT39: =SUM(JN39:KR39) -> 194 | LG39: =Aprile26!$I$2 | LH39: =Aprile26!$I$3 | LI39: =Aprile26!$I$4 | LJ39: =Aprile26!$I$5 | LK39: =Aprile26!$I$6 | LL39: =Aprile26!$I$7 | LM39: =Aprile26!$I$8 | LN39: =Aprile26!$I$9 | LO39: =Aprile26!$I$10 | LP39: =Aprile26!$I$11 | LQ39: =Aprile26!$I$12 | LR39: =Aprile26!$I$13 | LS39: =Aprile26!$I$14 | LT39: =Aprile26!$I$15 | LU39: =Aprile26!$I$16 | LV39: =Aprile26!$I$17 | LW39: =Aprile26!$I$18 | LX39: =Aprile26!$I$19 | LY39: =Aprile26!$I$20 | LZ39: =Aprile26!$I$21 | MA39: =Aprile26!$I$22 | MB39: =Aprile26!$I$23 | MC39: =Aprile26!$I$24 | MD39: =Aprile26!$I$25 | ME39: =Aprile26!$I$26 | MF39: =Aprile26!$I$27 | MG39: =Aprile26!$I$28 | MH39: =Aprile26!$I$29 | MI39: =Aprile26!$I$30 | MJ39: =Aprile26!$I$31 | MK39: =Aprile26!$I$32 | MM39: =SUM(LG39:MK39) -> 0 | MZ39: =Maggio26!$I$2 | NA39: =Maggio26!$I$3 | NB39: =Maggio26!$I$4 | NC39: =Maggio26!$I$5 | ND39: =Maggio26!$I$6 | NE39: =Maggio26!$I$7 | NF39: =Maggio26!$I$8 | NG39: =Maggio26!$I$9 | NH39: =Maggio26!$I$10 | NI39: =Maggio26!$I$11 | NJ39: =Maggio26!$I$12 | NK39: =Maggio26!$I$13 | NL39: =Maggio26!$I$14 | NM39: =Maggio26!$I$15 | NN39: =Maggio26!$I$16 | NO39: =Maggio26!$I$17 | NP39: =Maggio26!$I$18 | NQ39: =Maggio26!$I$19 | NR39: =Maggio26!$I$20 | NS39: =Maggio26!$I$21 | NT39: =Maggio26!$I$22 | NU39: =Maggio26!$I$23 | NV39: =Maggio26!$I$24 | NW39: =Maggio26!$I$25 | NX39: =Maggio26!$I$26 | NY39: =Maggio26!$I$27 | NZ39: =Maggio26!$I$28 | OA39: =Maggio26!$I$29 | OB39: =Maggio26!$I$30 | OC39: =Maggio26!$I$31 | OD39: =Maggio26!$I$32 | OF39: =SUM(MZ39:OD39) -> 0 | OS39: =Giugno26!$I$2 | OT39: =Giugno26!$I$3 | OU39: =Giugno26!$I$4 | OV39: =Giugno26!$I$5 | OW39: =Giugno26!$I$6 | OX39: =Giugno26!$I$7 | OY39: =Giugno26!$I$8 | OZ39: =Giugno26!$I$9 | PA39: =Giugno26!$I$10 | PB39: =Giugno26!$I$11 | PC39: =Giugno26!$I$12 | PD39: =Giugno26!$I$13 | PE39: =Giugno26!$I$14 | PF39: =Giugno26!$I$15 | PG39: =Giugno26!$I$16 | PH39: =Giugno26!$I$17 | PI39: =Giugno26!$I$18 | PJ39: =Giugno26!$I$19 | PK39: =Giugno26!$I$20 | PL39: =Giugno26!$I$21 | PM39: =Giugno26!$I$22 | PN39: =Giugno26!$I$23 | PO39: =Giugno26!$I$24 | PP39: =Giugno26!$I$25 | PQ39: =Giugno26!$I$26 | PR39: =Giugno26!$I$27 | PS39: =Giugno26!$I$28 | PT39: =Giugno26!$I$29 | PU39: =Giugno26!$I$30 | PV39: =Giugno26!$I$31 | PW39: =Giugno26!$I$32 | PY39: =SUM(OS39:PW39) -> 0 | QL39: =Luglio26!$I$2 | QM39: =Luglio26!$I$3 | QN39: =Luglio26!$I$4 | QO39: =Luglio26!$I$5 | QP39: =Luglio26!$I$6 | QQ39: =Luglio26!$I$7 | QR39: =Luglio26!$I$8 | QS39: =Luglio26!$I$9 | QT39: =Luglio26!$I$10 | QU39: =Luglio26!$I$11 | QV39: =Luglio26!$I$12 | QW39: =Luglio26!$I$13 | QX39: =Luglio26!$I$14 | QY39: =Luglio26!$I$15 | QZ39: =Luglio26!$I$16 | RA39: =Luglio26!$I$17 | RB39: =Luglio26!$I$18 | RC39: =Luglio26!$I$19 | RD39: =Luglio26!$I$20 | RE39: =Luglio26!$I$21 | RF39: =Luglio26!$I$22 | RG39: =Luglio26!$I$23 | RH39: =Luglio26!$I$24 | RI39: =Luglio26!$I$25 | RJ39: =Luglio26!$I$26 | RK39: =Luglio26!$I$27 | RL39: =Luglio26!$I$28 | RM39: =Luglio26!$I$29 | RN39: =Luglio26!$I$30 | RO39: =Luglio26!$I$31 | RP39: =Luglio26!$I$32 | RR39: =SUM(QL39:RP39) -> 0 | SE39: =Agosto26!$I$2 | SF39: =Agosto26!$I$3 | SG39: =Agosto26!$I$4 | SH39: =Agosto26!$I$5 | SI39: =Agosto26!$I$6 | SJ39: =Agosto26!$I$7 | SK39: =Agosto26!$I$8 | SL39: =Agosto26!$I$9 | SM39: =Agosto26!$I$10 | SN39: =Agosto26!$I$11 | SO39: =Agosto26!$I$12 | SP39: =Agosto26!$I$13 | SQ39: =Agosto26!$I$14 | SR39: =Agosto26!$I$15 | SS39: =Agosto26!$I$16 | ST39: =Agosto26!$I$17 | SU39: =Agosto26!$I$18 | SV39: =Agosto26!$I$19 | SW39: =Agosto26!$I$20 | SX39: =Agosto26!$I$21 | SY39: =Agosto26!$I$22 | SZ39: =Agosto26!$I$23 | TA39: =Agosto26!$I$24 | TB39: =Agosto26!$I$25 | TC39: =Agosto26!$I$26 | TD39: =Agosto26!$I$27 | TE39: =Agosto26!$I$28 | TF39: =Agosto26!$I$29 | TG39: =Agosto26!$I$30 | TH39: =Agosto26!$I$31 | TI39: =Agosto26!$I$32 | TK39: =SUM(SE39:TI39) -> 0
A40: ST* | AK40: =SUM(D40:AG40) -> 0 | AT40: ST* | CD40: =SUM(AW40:BZ40) -> 0 | CM40: ST* | DW40: =SUM(CP40:DS40) -> 0 | EF40: ST* | FP40: =SUM(EI40:FL40) -> 0 | FY40: ST* | HI40: =SUM(GB40:HE40) -> 0 | HR40: ST* | JB40: =SUM(HU40:IX40) -> 0 | JK40: ST* | KU40: =SUM(JN40:KQ40) -> 0 | LD40: ST* | MN40: =SUM(LG40:MJ40) -> 0 | MW40: ST* | OG40: =SUM(MZ40:OC40) -> 0 | OP40: ST* | PZ40: =SUM(OS40:PV40) -> 0 | QI40: ST* | RS40: =SUM(QL40:RO40) -> 0 | SB40: ST* | TL40: =SUM(SE40:TH40) -> 0
A42: NOTE | AT42: NOTE | CM42: NOTE | EF42: NOTE | FY42: NOTE | HR42: NOTE | JK42: NOTE | LD42: NOTE | MW42: NOTE | OP42: NOTE | QI42: NOTE | SB42: NOTE
A43: =elenchi!$C9 -> JANNELLI SARA | D43: =D$2 -> 45901 | E43: =E$2 -> 45902 | F43: =F$2 -> 45903 | G43: =G$2 -> 45904 | H43: =H$2 -> 45905 | I43: =I$2 -> 45906 | J43: =J$2 -> 45907 | K43: =K$2 -> 45908 | ... AH43: =AH$2 | AI43: GG | AJ43: ORE | AK43: ST* | AL43: FE | AM43: PE | AN43: AI | AO43: AG | AP43: MT | AQ43: ML | AR43: IN | AS43: F | AT43: =elenchi!$C9 -> JANNELLI SARA | AW43: =AW$2 -> 45931 | AX43: =AX$2 -> 45932 | AY43: =AY$2 -> 45933 | AZ43: =AZ$2 -> 45934 | BA43: =BA$2 -> 45935 | BB43: =BB$2 -> 45936 | BC43: =BC$2 -> 45937 | BD43: =BD$2 -> 45938 | ... CA43: =CA$2 -> 45961 | CB43: GG | CC43: ORE | CD43: ST* | CE43: FE | CF43: PE | CG43: AI | CH43: AG | CI43: MT | CJ43: ML | CK43: IN | CL43: F | CM43: =elenchi!$C9 -> JANNELLI SARA | CP43: =CP$2 -> 45962 | CQ43: =CQ$2 -> 45963 | CR43: =CR$2 -> 45964 | CS43: =CS$2 -> 45965 | CT43: =CT$2 -> 45966 | CU43: =CU$2 -> 45967 | CV43: =CV$2 -> 45968 | CW43: =CW$2 -> 45969 | ... DT43: =DT$2 | DU43: GG | DV43: ORE | DW43: ST* | DX43: FE | DY43: PE | DZ43: AI | EA43: AG | EB43: MT | EC43: ML | ED43: IN | EE43: F | EF43: =elenchi!$C9 -> JANNELLI SARA | EI43: =EI$2 -> 45992 | EJ43: =EJ$2 -> 45993 | EK43: =EK$2 -> 45994 | EL43: =EL$2 -> 45995 | EM43: =EM$2 -> 45996 | EN43: =EN$2 -> 45997 | EO43: =EO$2 -> 45998 | EP43: =EP$2 -> 45999 | ... FM43: =FM$2 -> 46022 | FN43: GG | FO43: ORE | FP43: ST* | FQ43: FE | FR43: PE | FS43: AI | FT43: AG | FU43: MT | FV43: ML | FW43: IN | FX43: F | FY43: =elenchi!$C9 -> JANNELLI SARA | GB43: =GB$2 -> 46023 | GC43: =GC$2 -> 46024 | GD43: =GD$2 -> 46025 | GE43: =GE$2 -> 46026 | GF43: =GF$2 -> 46027 | GG43: =GG$2 -> 46028 | GH43: =GH$2 -> 46029 | GI43: =GI$2 -> 46030 | ... HF43: =HF$2 -> 46053 | HG43: GG | HH43: ORE | HI43: ST* | HJ43: FE | HK43: PE | HL43: AI | HM43: AG | HN43: MT | HO43: ML | HP43: IN | HQ43: F | HR43: =elenchi!$C9 -> JANNELLI SARA | HU43: =HU$2 -> 46054 | HV43: =HV$2 -> 46055 | HW43: =HW$2 -> 46056 | HX43: =HX$2 -> 46057 | HY43: =HY$2 -> 46058 | HZ43: =HZ$2 -> 46059 | IA43: =IA$2 -> 46060 | IB43: =IB$2 -> 46061 | ... IY43: =IY$2 | IZ43: GG | JA43: ORE | JB43: ST* | JC43: FE | JD43: PE | JE43: AI | JF43: AG | JG43: MT | JH43: ML | JI43: IN | JJ43: F | JK43: =elenchi!$C9 -> JANNELLI SARA | JN43: =JN$2 -> 46082 | JO43: =JO$2 -> 46083 | JP43: =JP$2 -> 46084 | JQ43: =JQ$2 -> 46085 | JR43: =JR$2 -> 46086 | JS43: =JS$2 -> 46087 | JT43: =JT$2 -> 46088 | JU43: =JU$2 -> 46089 | ... KR43: =KR$2 -> 46112 | KS43: GG | KT43: ORE | KU43: ST* | KV43: FE | KW43: PE | KX43: AI | KY43: AG | KZ43: MT | LA43: ML | LB43: IN | LC43: F | LD43: =elenchi!$C9 -> JANNELLI SARA | LG43: =LG$2 -> 46113 | LH43: =LH$2 -> 46114 | LI43: =LI$2 -> 46115 | LJ43: =LJ$2 -> 46116 | LK43: =LK$2 -> 46117 | LL43: =LL$2 -> 46118 | LM43: =LM$2 -> 46119 | LN43: =LN$2 -> 46120 | ... MK43: =MK$2 | ML43: GG | MM43: ORE | MN43: ST* | MO43: FE | MP43: PE | MQ43: AI | MR43: AG | MS43: MT | MT43: ML | MU43: IN | MV43: F | MW43: =elenchi!$C9 -> JANNELLI SARA | MZ43: =MZ$2 -> 46143 | NA43: =NA$2 -> 46144 | NB43: =NB$2 -> 46145 | NC43: =NC$2 -> 46146 | ND43: =ND$2 -> 46147 | NE43: =NE$2 -> 46148 | NF43: =NF$2 -> 46149 | NG43: =NG$2 -> 46150 | ... OD43: =OD$2 -> 46173 | OE43: GG | OF43: ORE | OG43: ST* | OH43: FE | OI43: PE | OJ43: AI | OK43: AG | OL43: MT | OM43: ML | ON43: IN | OO43: F | OP43: =elenchi!$C9 -> JANNELLI SARA | OS43: =OS$2 -> 46174 | OT43: =OT$2 -> 46175 | OU43: =OU$2 -> 46176 | OV43: =OV$2 -> 46177 | OW43: =OW$2 -> 46178 | OX43: =OX$2 -> 46179 | OY43: =OY$2 -> 46180 | OZ43: =OZ$2 -> 46181 | ... PW43: =PW$2 | PX43: GG | PY43: ORE | PZ43: ST* | QA43: FE | QB43: PE | QC43: AI | QD43: AG | QE43: MT | QF43: ML | QG43: IN | QH43: F | QI43: =elenchi!$C9 -> JANNELLI SARA | QL43: =QL$2 -> 46204 | QM43: =QM$2 -> 46205 | QN43: =QN$2 -> 46206 | QO43: =QO$2 -> 46207 | QP43: =QP$2 -> 46208 | QQ43: =QQ$2 -> 46209 | QR43: =QR$2 -> 46210 | QS43: =QS$2 -> 46211 | ... RP43: =RP$2 -> 46234 | RQ43: GG | RR43: ORE | RS43: ST* | RT43: FE | RU43: PE | RV43: AI | RW43: AG | RX43: MT | RY43: ML | RZ43: IN | SA43: F | SB43: =elenchi!$C9 -> JANNELLI SARA | SE43: =SE$2 -> 46235 | SF43: =SF$2 -> 46236 | SG43: =SG$2 -> 46237 | SH43: =SH$2 -> 46238 | SI43: =SI$2 -> 46239 | SJ43: =SJ$2 -> 46240 | SK43: =SK$2 -> 46241 | SL43: =SL$2 -> 46242 | ... TI43: =TI$2 -> 46265 | TJ43: GG | TK43: ORE | TL43: ST* | TM43: FE | TN43: PE | TO43: AI | TP43: AG | TQ43: MT | TR43: ML | TS43: IN | TT43: F
D44: =Settembre25!$J$2 -> 8 | E44: =Settembre25!$J$3 -> 8 | F44: =Settembre25!$J$4 -> 8 | G44: =Settembre25!$J$5 -> 9 | H44: =Settembre25!$J$6 -> 8 | I44: =Settembre25!$J$7 -> 2 | J44: =Settembre25!$J$8 -> 10 | K44: =Settembre25!$J$9 -> 8 | L44: =Settembre25!$J$10 -> 8 | M44: =Settembre25!$J$11 -> 8 | N44: =Settembre25!$J$12 -> 11.5 | O44: =Settembre25!$J$13 -> 8 | P44: =Settembre25!$J$14 | Q44: =Settembre25!$J$15 | R44: =Settembre25!$J$16 -> 8 | S44: =Settembre25!$J$17 -> 11.5 | T44: =Settembre25!$J$18 -> 11.5 | U44: =Settembre25!$J$19 -> 11.5 | V44: =Settembre25!$J$20 -> 8 | W44: =Settembre25!$J$21 | X44: =Settembre25!$J$22 | Y44: =Settembre25!$J$23 -> 7 | Z44: =Settembre25!$J$24 -> 11.5 | AA44: =Settembre25!$J$25 -> 11.5 | AB44: =Settembre25!$J$26 -> 8 | AC44: =Settembre25!$J$27 -> 8 | AD44: =Settembre25!$J$28 | AE44: =Settembre25!$J$29 | AF44: =Settembre25!$J$30 -> 8 | AG44: =Settembre25!$J$31 -> 8 | AH44: =Settembre25!$J$32 | AJ44: =SUM(D44:AH44) -> 209 | AW44: =Ottobre25!$J$2 -> 8 | AX44: =Ottobre25!$J$3 -> 8 | AY44: =Ottobre25!$J$4 -> 8 | AZ44: =Ottobre25!$J$5 | BA44: =Ottobre25!$J$6 | BB44: =Ottobre25!$J$7 -> Pe | BC44: =Ottobre25!$J$8 -> Pe | BD44: =Ottobre25!$J$9 -> Pe | BE44: =Ottobre25!$J$10 -> 8 | BF44: =Ottobre25!$J$11 -> 8 | BG44: =Ottobre25!$J$12 | BH44: =Ottobre25!$J$13 | BI44: =Ottobre25!$J$14 -> 8 | BJ44: =Ottobre25!$J$15 -> 8 | BK44: =Ottobre25!$J$16 -> 8 | BL44: =Ottobre25!$J$17 -> 8 | BM44: =Ottobre25!$J$18 -> 8 | BN44: =Ottobre25!$J$19 | BO44: =Ottobre25!$J$20 -> 3.5 | BP44: =Ottobre25!$J$21 -> 8 | BQ44: =Ottobre25!$J$22 -> 8 | BR44: =Ottobre25!$J$23 -> 8 | BS44: =Ottobre25!$J$24 -> 8 | BT44: =Ottobre25!$J$25 -> 8 | BU44: =Ottobre25!$J$26 | BV44: =Ottobre25!$J$27 -> 4 | BW44: =Ottobre25!$J$28 -> ML | BX44: =Ottobre25!$J$29 -> 8 | BY44: =Ottobre25!$J$30 -> 8 | BZ44: =Ottobre25!$J$31 -> 8 | CA44: =Ottobre25!$J$32 -> 8 | CC44: =SUM(AW44:CA44) -> 159.5 | CP44: =Novembre25!$J$2 | CQ44: =Novembre25!$J$3 | CR44: =Novembre25!$J$4 -> 8 | CS44: =Novembre25!$J$5 -> 8 | CT44: =Novembre25!$J$6 -> 8 | CU44: =Novembre25!$J$7 -> 8 | CV44: =Novembre25!$J$8 -> 8 | CW44: =Novembre25!$J$9 | CX44: =Novembre25!$J$10 -> 3.5 | CY44: =Novembre25!$J$11 -> 8 | CZ44: =Novembre25!$J$12 -> 8 | DA44: =Novembre25!$J$13 -> 8 | DB44: =Novembre25!$J$14 -> 8 | DC44: =Novembre25!$J$15 -> 8 | DD44: =Novembre25!$J$16 | DE44: =Novembre25!$J$17 -> 3 | DF44: =Novembre25!$J$18 -> 8 | DG44: =Novembre25!$J$19 -> 8 | DH44: =Novembre25!$J$20 -> 8 | DI44: =Novembre25!$J$21 -> 8 | DJ44: =Novembre25!$J$22 -> 8 | DK44: =Novembre25!$J$23 | DL44: =Novembre25!$J$24 | DM44: =Novembre25!$J$25 -> 8 | DN44: =Novembre25!$J$26 -> 8 | DO44: =Novembre25!$J$27 -> 8 | DP44: =Novembre25!$J$28 -> 8 | DQ44: =Novembre25!$J$29 -> 8 | DR44: =Novembre25!$J$30 | DS44: =Novembre25!$J$31 | DT44: =Novembre25!$J$32 | DV44: =SUM(CP44:DT44) -> 166.5 | EI44: =Dicembre25!$J$2 -> 8 | EJ44: =Dicembre25!$J$3 -> 8 | EK44: =Dicembre25!$J$4 -> 8 | EL44: =Dicembre25!$J$5 -> 8 | EM44: =Dicembre25!$J$6 -> 8 | EN44: =Dicembre25!$J$7 | EO44: =Dicembre25!$J$8 | EP44: =Dicembre25!$J$9 -> F | EQ44: =Dicembre25!$J$10 -> 8 | ER44: =Dicembre25!$J$11 -> 8 | ES44: =Dicembre25!$J$12 -> 8 | ET44: =Dicembre25!$J$13 -> Pe | EU44: =Dicembre25!$J$14 | EV44: =Dicembre25!$J$15 | EW44: =Dicembre25!$J$16 -> 8 | EX44: =Dicembre25!$J$17 -> 8 | EY44: =Dicembre25!$J$18 -> 8 | EZ44: =Dicembre25!$J$19 -> 8 | FA44: =Dicembre25!$J$20 -> 8 | FB44: =Dicembre25!$J$21 | FC44: =Dicembre25!$J$22 | FD44: =Dicembre25!$J$23 -> 8 | FE44: =Dicembre25!$J$24 -> 8 | FF44: =Dicembre25!$J$25 -> Fe | FG44: =Dicembre25!$J$26 -> F | FH44: =Dicembre25!$J$27 -> F | FI44: =Dicembre25!$J$28 | FJ44: =Dicembre25!$J$29 | FK44: =Dicembre25!$J$30 -> Pe | FL44: =Dicembre25!$J$31 -> Pe | FM44: =Dicembre25!$J$32 | FO44: =SUM(EI44:FM44) -> 120 | GB44: =Gennaio26!$J$2 -> F | GC44: =Gennaio26!$J$3 -> FE | GD44: =Gennaio26!$J$4 | GE44: =Gennaio26!$J$5 | GF44: =Gennaio26!$J$6 -> FE | GG44: =Gennaio26!$J$7 -> F | GH44: =Gennaio26!$J$8 -> Pe | GI44: =Gennaio26!$J$9 -> 8 | GJ44: =Gennaio26!$J$10 -> 5.5 | GK44: =Gennaio26!$J$11 | GL44: =Gennaio26!$J$12 | GM44: =Gennaio26!$J$13 -> 8 | GN44: =Gennaio26!$J$14 -> 8 | GO44: =Gennaio26!$J$15 -> 8 | GP44: =Gennaio26!$J$16 -> 8 | GQ44: =Gennaio26!$J$17 -> 8 | GR44: =Gennaio26!$J$18 | GS44: =Gennaio26!$J$19 | GT44: =Gennaio26!$J$20 -> 8 | GU44: =Gennaio26!$J$21 -> 8 | GV44: =Gennaio26!$J$22 -> 8 | GW44: =Gennaio26!$J$23 -> 8 | GX44: =Gennaio26!$J$24 -> 8 | GY44: =Gennaio26!$J$25 | GZ44: =Gennaio26!$J$26 | HA44: =Gennaio26!$J$27 -> 8 | HB44: =Gennaio26!$J$28 -> 8 | HC44: =Gennaio26!$J$29 -> 8 | HD44: =Gennaio26!$J$30 -> 8 | HE44: =Gennaio26!$J$31 -> 8 | HF44: =Gennaio26!$J$32 | HH44: =SUM(GB44:HF44) -> 133.5 | HU44: =Febbraio26!$J$2 | HV44: =Febbraio26!$J$3 -> 8 | HW44: =Febbraio26!$J$4 -> 8 | HX44: =Febbraio26!$J$5 -> 8 | HY44: =Febbraio26!$J$6 -> 8 | HZ44: =Febbraio26!$J$7 -> 8 | IA44: =Febbraio26!$J$8 | IB44: =Febbraio26!$J$9 | IC44: =Febbraio26!$J$10 -> 8 | ID44: =Febbraio26!$J$11 -> 8 | IE44: =Febbraio26!$J$12 -> 8 | IF44: =Febbraio26!$J$13 -> 8 | IG44: =Febbraio26!$J$14 -> 8 | IH44: =Febbraio26!$J$15 | II44: =Febbraio26!$J$16 | IJ44: =Febbraio26!$J$17 -> 8 | IK44: =Febbraio26!$J$18 -> 8 | IL44: =Febbraio26!$J$19 -> 8 | IM44: =Febbraio26!$J$20 -> 8 | IN44: =Febbraio26!$J$21 -> 8 | IO44: =Febbraio26!$J$22 | IP44: =Febbraio26!$J$23 -> 5.5 | IQ44: =Febbraio26!$J$24 -> ML | IR44: =Febbraio26!$J$25 -> ML | IS44: =Febbraio26!$J$26 -> ML | IT44: =Febbraio26!$J$27 -> 8 | IU44: =Febbraio26!$J$28 -> 8 | IV44: =Febbraio26!$J$29 | IW44: =Febbraio26!$J$30 | IX44: =Febbraio26!$J$31 | IY44: =Febbraio26!$J$32 | JA44: =SUM(HU44:IY44) -> 141.5 | JN44: =Marzo26!$J$2 -> 2.5 | JO44: =Marzo26!$J$3 -> 8 | JP44: =Marzo26!$J$4 -> 8 | JQ44: =Marzo26!$J$5 -> 8 | JR44: =Marzo26!$J$6 -> 8 | JS44: =Marzo26!$J$7 -> 8 | JT44: =Marzo26!$J$8 | JU44: =Marzo26!$J$9 | JV44: =Marzo26!$J$10 -> 8 | JW44: =Marzo26!$J$11 -> 8 | JX44: =Marzo26!$J$12 -> 8 | JY44: =Marzo26!$J$13 -> 8 | JZ44: =Marzo26!$J$14 -> 8 | KA44: =Marzo26!$J$15 | KB44: =Marzo26!$J$16 -> 3 | KC44: =Marzo26!$J$17 -> 8 | KD44: =Marzo26!$J$18 -> 8 | KE44: =Marzo26!$J$19 -> 8 | KF44: =Marzo26!$J$20 -> 8 | KG44: =Marzo26!$J$21 -> 8 | KH44: =Marzo26!$J$22 | KI44: =Marzo26!$J$23 | KJ44: =Marzo26!$J$24 -> 8 | KK44: =Marzo26!$J$25 -> 8 | KL44: =Marzo26!$J$26 -> 8 | KM44: =Marzo26!$J$27 -> 8 | KN44: =Marzo26!$J$28 -> 8 | KO44: =Marzo26!$J$29 | KP44: =Marzo26!$J$30 | KQ44: =Marzo26!$J$31 -> 8 | KR44: =Marzo26!$J$32 -> 8 | KT44: =SUM(JN44:KR44) -> 181.5 | LG44: =Aprile26!$J$2 | LH44: =Aprile26!$J$3 | LI44: =Aprile26!$J$4 | LJ44: =Aprile26!$J$5 | LK44: =Aprile26!$J$6 | LL44: =Aprile26!$J$7 | LM44: =Aprile26!$J$8 | LN44: =Aprile26!$J$9 | LO44: =Aprile26!$J$10 | LP44: =Aprile26!$J$11 | LQ44: =Aprile26!$J$12 | LR44: =Aprile26!$J$13 | LS44: =Aprile26!$J$14 | LT44: =Aprile26!$J$15 | LU44: =Aprile26!$J$16 | LV44: =Aprile26!$J$17 | LW44: =Aprile26!$J$18 | LX44: =Aprile26!$J$19 | LY44: =Aprile26!$J$20 | LZ44: =Aprile26!$J$21 | MA44: =Aprile26!$J$22 | MB44: =Aprile26!$J$23 | MC44: =Aprile26!$J$24 | MD44: =Aprile26!$J$25 | ME44: =Aprile26!$J$26 | MF44: =Aprile26!$J$27 | MG44: =Aprile26!$J$28 | MH44: =Aprile26!$J$29 | MI44: =Aprile26!$J$30 | MJ44: =Aprile26!$J$31 | MK44: =Aprile26!$J$32 | MM44: =SUM(LG44:MK44) -> 0 | MZ44: =Maggio26!$J$2 | NA44: =Maggio26!$J$3 | NB44: =Maggio26!$J$4 | NC44: =Maggio26!$J$5 | ND44: =Maggio26!$J$6 | NE44: =Maggio26!$J$7 | NF44: =Maggio26!$J$8 | NG44: =Maggio26!$J$9 | NH44: =Maggio26!$J$10 | NI44: =Maggio26!$J$11 | NJ44: =Maggio26!$J$12 | NK44: =Maggio26!$J$13 | NL44: =Maggio26!$J$14 | NM44: =Maggio26!$J$15 | NN44: =Maggio26!$J$16 | NO44: =Maggio26!$J$17 | NP44: =Maggio26!$J$18 | NQ44: =Maggio26!$J$19 | NR44: =Maggio26!$J$20 | NS44: =Maggio26!$J$21 | NT44: =Maggio26!$J$22 | NU44: =Maggio26!$J$23 | NV44: =Maggio26!$J$24 | NW44: =Maggio26!$J$25 | NX44: =Maggio26!$J$26 | NY44: =Maggio26!$J$27 | NZ44: =Maggio26!$J$28 | OA44: =Maggio26!$J$29 | OB44: =Maggio26!$J$30 | OC44: =Maggio26!$J$31 | OD44: =Maggio26!$J$32 | OF44: =SUM(MZ44:OD44) -> 0 | OS44: =Giugno26!$J$2 | OT44: =Giugno26!$J$3 | OU44: =Giugno26!$J$4 | OV44: =Giugno26!$J$5 | OW44: =Giugno26!$J$6 | OX44: =Giugno26!$J$7 | OY44: =Giugno26!$J$8 | OZ44: =Giugno26!$J$9 | PA44: =Giugno26!$J$10 | PB44: =Giugno26!$J$11 | PC44: =Giugno26!$J$12 | PD44: =Giugno26!$J$13 | PE44: =Giugno26!$J$14 | PF44: =Giugno26!$J$15 | PG44: =Giugno26!$J$16 | PH44: =Giugno26!$J$17 | PI44: =Giugno26!$J$18 | PJ44: =Giugno26!$J$19 | PK44: =Giugno26!$J$20 | PL44: =Giugno26!$J$21 | PM44: =Giugno26!$J$22 | PN44: =Giugno26!$J$23 | PO44: =Giugno26!$J$24 | PP44: =Giugno26!$J$25 | PQ44: =Giugno26!$J$26 | PR44: =Giugno26!$J$27 | PS44: =Giugno26!$J$28 | PT44: =Giugno26!$J$29 | PU44: =Giugno26!$J$30 | PV44: =Giugno26!$J$31 | PW44: =Giugno26!$J$32 | PY44: =SUM(OS44:PW44) -> 0 | QL44: =Luglio26!$J$2 | QM44: =Luglio26!$J$3 | QN44: =Luglio26!$J$4 | QO44: =Luglio26!$J$5 | QP44: =Luglio26!$J$6 | QQ44: =Luglio26!$J$7 | QR44: =Luglio26!$J$8 | QS44: =Luglio26!$J$9 | QT44: =Luglio26!$J$10 | QU44: =Luglio26!$J$11 | QV44: =Luglio26!$J$12 | QW44: =Luglio26!$J$13 | QX44: =Luglio26!$J$14 | QY44: =Luglio26!$J$15 | QZ44: =Luglio26!$J$16 | RA44: =Luglio26!$J$17 | RB44: =Luglio26!$J$18 | RC44: =Luglio26!$J$19 | RD44: =Luglio26!$J$20 | RE44: =Luglio26!$J$21 | RF44: =Luglio26!$J$22 | RG44: =Luglio26!$J$23 | RH44: =Luglio26!$J$24 | RI44: =Luglio26!$J$25 | RJ44: =Luglio26!$J$26 | RK44: =Luglio26!$J$27 | RL44: =Luglio26!$J$28 | RM44: =Luglio26!$J$29 | RN44: =Luglio26!$J$30 | RO44: =Luglio26!$J$31 | RP44: =Luglio26!$J$32 | RR44: =SUM(QL44:RP44) -> 0 | SE44: =Agosto26!$J$2 | SF44: =Agosto26!$J$3 | SG44: =Agosto26!$J$4 | SH44: =Agosto26!$J$5 | SI44: =Agosto26!$J$6 | SJ44: =Agosto26!$J$7 | SK44: =Agosto26!$J$8 | SL44: =Agosto26!$J$9 | SM44: =Agosto26!$J$10 | SN44: =Agosto26!$J$11 | SO44: =Agosto26!$J$12 | SP44: =Agosto26!$J$13 | SQ44: =Agosto26!$J$14 | SR44: =Agosto26!$J$15 | SS44: =Agosto26!$J$16 | ST44: =Agosto26!$J$17 | SU44: =Agosto26!$J$18 | SV44: =Agosto26!$J$19 | SW44: =Agosto26!$J$20 | SX44: =Agosto26!$J$21 | SY44: =Agosto26!$J$22 | SZ44: =Agosto26!$J$23 | TA44: =Agosto26!$J$24 | TB44: =Agosto26!$J$25 | TC44: =Agosto26!$J$26 | TD44: =Agosto26!$J$27 | TE44: =Agosto26!$J$28 | TF44: =Agosto26!$J$29 | TG44: =Agosto26!$J$30 | TH44: =Agosto26!$J$31 | TI44: =Agosto26!$J$32 | TK44: =SUM(SE44:TI44) -> 0
A45: ST* | AK45: =SUM(D45:AG45) -> 0 | AT45: ST* | CD45: =SUM(AW45:BZ45) -> 0 | CM45: ST* | DW45: =SUM(CP45:DS45) -> 0 | EF45: ST* | FP45: =SUM(EI45:FL45) -> 0 | FY45: ST* | HI45: =SUM(GB45:HE45) -> 0 | HR45: ST* | JB45: =SUM(HU45:IX45) -> 0 | JK45: ST* | KU45: =SUM(JN45:KQ45) -> 0 | LD45: ST* | MN45: =SUM(LG45:MJ45) -> 0 | MW45: ST* | OG45: =SUM(MZ45:OC45) -> 0 | OP45: ST* | PZ45: =SUM(OS45:PV45) -> 0 | QI45: ST* | RS45: =SUM(QL45:RO45) -> 0 | SB45: ST* | TL45: =SUM(SE45:TH45) -> 0
A47: NOTE | AT47: NOTE | CM47: NOTE | EF47: NOTE | FY47: NOTE | HR47: NOTE | JK47: NOTE | LD47: NOTE | MW47: NOTE | OP47: NOTE | QI47: NOTE | SB47: NOTE
A48: =elenchi!$C10 -> MANTICE SANTO | D48: =D$2 -> 45901 | E48: =E$2 -> 45902 | F48: =F$2 -> 45903 | G48: =G$2 -> 45904 | H48: =H$2 -> 45905 | I48: =I$2 -> 45906 | J48: =J$2 -> 45907 | K48: =K$2 -> 45908 | ... AH48: =AH$2 | AI48: GG | AJ48: ORE | AK48: ST* | AL48: FE | AM48: PE | AN48: AI | AO48: AG | AP48: MT | AQ48: ML | AR48: IN | AS48: F | AT48: =elenchi!$C10 -> MANTICE SANTO | AW48: =AW$2 -> 45931 | AX48: =AX$2 -> 45932 | AY48: =AY$2 -> 45933 | AZ48: =AZ$2 -> 45934 | BA48: =BA$2 -> 45935 | BB48: =BB$2 -> 45936 | BC48: =BC$2 -> 45937 | BD48: =BD$2 -> 45938 | ... CA48: =CA$2 -> 45961 | CB48: GG | CC48: ORE | CD48: ST* | CE48: FE | CF48: PE | CG48: AI | CH48: AG | CI48: MT | CJ48: ML | CK48: IN | CL48: F | CM48: =elenchi!$C10 -> MANTICE SANTO | CP48: =CP$2 -> 45962 | CQ48: =CQ$2 -> 45963 | CR48: =CR$2 -> 45964 | CS48: =CS$2 -> 45965 | CT48: =CT$2 -> 45966 | CU48: =CU$2 -> 45967 | CV48: =CV$2 -> 45968 | CW48: =CW$2 -> 45969 | ... DT48: =DT$2 | DU48: GG | DV48: ORE | DW48: ST* | DX48: FE | DY48: PE | DZ48: AI | EA48: AG | EB48: MT | EC48: ML | ED48: IN | EE48: F | EF48: =elenchi!$C10 -> MANTICE SANTO | EI48: =EI$2 -> 45992 | EJ48: =EJ$2 -> 45993 | EK48: =EK$2 -> 45994 | EL48: =EL$2 -> 45995 | EM48: =EM$2 -> 45996 | EN48: =EN$2 -> 45997 | EO48: =EO$2 -> 45998 | EP48: =EP$2 -> 45999 | ... FM48: =FM$2 -> 46022 | FN48: GG | FO48: ORE | FP48: ST* | FQ48: FE | FR48: PE | FS48: AI | FT48: AG | FU48: MT | FV48: ML | FW48: IN | FX48: F | FY48: =elenchi!$C10 -> MANTICE SANTO | GB48: =GB$2 -> 46023 | GC48: =GC$2 -> 46024 | GD48: =GD$2 -> 46025 | GE48: =GE$2 -> 46026 | GF48: =GF$2 -> 46027 | GG48: =GG$2 -> 46028 | GH48: =GH$2 -> 46029 | GI48: =GI$2 -> 46030 | ... HF48: =HF$2 -> 46053 | HG48: GG | HH48: ORE | HI48: ST* | HJ48: FE | HK48: PE | HL48: AI | HM48: AG | HN48: MT | HO48: ML | HP48: IN | HQ48: F | HR48: =elenchi!$C10 -> MANTICE SANTO | HU48: =HU$2 -> 46054 | HV48: =HV$2 -> 46055 | HW48: =HW$2 -> 46056 | HX48: =HX$2 -> 46057 | HY48: =HY$2 -> 46058 | HZ48: =HZ$2 -> 46059 | IA48: =IA$2 -> 46060 | IB48: =IB$2 -> 46061 | ... IY48: =IY$2 | IZ48: GG | JA48: ORE | JB48: ST* | JC48: FE | JD48: PE | JE48: AI | JF48: AG | JG48: MT | JH48: ML | JI48: IN | JJ48: F | JK48: =elenchi!$C10 -> MANTICE SANTO | JN48: =JN$2 -> 46082 | JO48: =JO$2 -> 46083 | JP48: =JP$2 -> 46084 | JQ48: =JQ$2 -> 46085 | JR48: =JR$2 -> 46086 | JS48: =JS$2 -> 46087 | JT48: =JT$2 -> 46088 | JU48: =JU$2 -> 46089 | ... KR48: =KR$2 -> 46112 | KS48: GG | KT48: ORE | KU48: ST* | KV48: FE | KW48: PE | KX48: AI | KY48: AG | KZ48: MT | LA48: ML | LB48: IN | LC48: F | LD48: =elenchi!$C10 -> MANTICE SANTO | LG48: =LG$2 -> 46113 | LH48: =LH$2 -> 46114 | LI48: =LI$2 -> 46115 | LJ48: =LJ$2 -> 46116 | LK48: =LK$2 -> 46117 | LL48: =LL$2 -> 46118 | LM48: =LM$2 -> 46119 | LN48: =LN$2 -> 46120 | ... MK48: =MK$2 | ML48: GG | MM48: ORE | MN48: ST* | MO48: FE | MP48: PE | MQ48: AI | MR48: AG | MS48: MT | MT48: ML | MU48: IN | MV48: F | MW48: =elenchi!$C10 -> MANTICE SANTO | MZ48: =MZ$2 -> 46143 | NA48: =NA$2 -> 46144 | NB48: =NB$2 -> 46145 | NC48: =NC$2 -> 46146 | ND48: =ND$2 -> 46147 | NE48: =NE$2 -> 46148 | NF48: =NF$2 -> 46149 | NG48: =NG$2 -> 46150 | ... OD48: =OD$2 -> 46173 | OE48: GG | OF48: ORE | OG48: ST* | OH48: FE | OI48: PE | OJ48: AI | OK48: AG | OL48: MT | OM48: ML | ON48: IN | OO48: F | OP48: =elenchi!$C10 -> MANTICE SANTO | OS48: =OS$2 -> 46174 | OT48: =OT$2 -> 46175 | OU48: =OU$2 -> 46176 | OV48: =OV$2 -> 46177 | OW48: =OW$2 -> 46178 | OX48: =OX$2 -> 46179 | OY48: =OY$2 -> 46180 | OZ48: =OZ$2 -> 46181 | ... PW48: =PW$2 | PX48: GG | PY48: ORE | PZ48: ST* | QA48: FE | QB48: PE | QC48: AI | QD48: AG | QE48: MT | QF48: ML | QG48: IN | QH48: F | QI48: =elenchi!$C10 -> MANTICE SANTO | QL48: =QL$2 -> 46204 | QM48: =QM$2 -> 46205 | QN48: =QN$2 -> 46206 | QO48: =QO$2 -> 46207 | QP48: =QP$2 -> 46208 | QQ48: =QQ$2 -> 46209 | QR48: =QR$2 -> 46210 | QS48: =QS$2 -> 46211 | ... RP48: =RP$2 -> 46234 | RQ48: GG | RR48: ORE | RS48: ST* | RT48: FE | RU48: PE | RV48: AI | RW48: AG | RX48: MT | RY48: ML | RZ48: IN | SA48: F | SB48: =elenchi!$C10 -> MANTICE SANTO | SE48: =SE$2 -> 46235 | SF48: =SF$2 -> 46236 | SG48: =SG$2 -> 46237 | SH48: =SH$2 -> 46238 | SI48: =SI$2 -> 46239 | SJ48: =SJ$2 -> 46240 | SK48: =SK$2 -> 46241 | SL48: =SL$2 -> 46242 | ... TI48: =TI$2 -> 46265 | TJ48: GG | TK48: ORE | TL48: ST* | TM48: FE | TN48: PE | TO48: AI | TP48: AG | TQ48: MT | TR48: ML | TS48: IN | TT48: F
